HvCslF6	chr7H	100.000	590	100	0	0	358	947	366740015	366738246	0.0	1087
HvCslF6	chr7H	46.047	860	100	358	12	109	916	626457286	626459703	0.0	750
HvCslF6	chr7H	50.865	578	100	264	5	355	916	7692782	7694503	8.07e-174	568
HvCslF6	chr7H	98.828	256	100	2	1	109	364	366741431	366740667	4.71e-159	525
HvCslF6	chr7H	48.168	573	100	272	7	358	916	471646477	471644792	6.54e-153	507
HvCslF6	chr7H	56.250	272	100	98	2	108	358	7691562	7692377	4.48e-93	331
HvCslF6	chr7H	53.285	274	100	111	3	109	365	471647438	471646617	2.11e-84	305
HvCslF6	chr7H	36.164	318	100	135	8	90	365	488759664	488758789	2.86e-54	187
HvCslF6	chr7H	52.542	59	100	21	3	374	432	488758691	488758536	2.86e-54	51.6
HvCslF6	chr7H	28.383	303	100	206	4	623	915	488757695	488756790	1.09e-47	131
HvCslF6	chr7H	42.667	75	100	37	3	416	484	488758506	488758282	1.09e-47	57.8
HvCslF6	chr7H	23.418	158	100	92	4	487	627	488758189	488757752	1.09e-47	48.9
HvCslF6	chr7H	90.244	123	100	12	0	1	123	366743382	366743014	5.43e-46	187
HvCslF6	chr7H	69.444	36	100	11	0	469	504	7526233	7526126	1.43e-15	59.3
HvCslF6	chr7H	42.857	42	100	24	0	431	472	7526351	7526226	1.43e-15	50.1
HvCslF6	chr2H	48.805	795	90	360	9	108	897	180105441	180103183	0.0	788
HvCslF6	chr2H	46.474	865	90	366	9	103	916	180701710	180699254	0.0	783
HvCslF6	chr2H	47.277	459	90	179	6	376	782	51632857	51631514	0.0	408
HvCslF6	chr2H	50.505	297	90	125	3	92	368	51633839	51632955	0.0	315
HvCslF6	chr2H	48.148	135	90	69	1	782	916	51631391	51630990	0.0	107
HvCslF6	chr2H	42.583	573	90	263	9	358	916	180931065	180929503	4.45e-132	446
HvCslF6	chr2H	51.543	324	90	105	6	358	675	180623288	180622455	9.72e-130	329
HvCslF6	chr2H	37.500	240	90	147	3	677	914	180622452	180621736	9.72e-130	162
HvCslF6	chr2H	51.652	333	90	114	6	67	360	180624607	180623633	1.01e-95	339
HvCslF6	chr2H	57.312	253	90	106	2	109	361	180220922	180220170	5.49e-90	322
HvCslF6	chr2H	56.000	250	90	109	1	109	358	180931945	180931199	5.29e-81	295
HvCslF6	chr2H	42.188	320	90	182	3	602	919	180219363	180218407	5.47e-75	276
HvCslF6	chr2H	46.957	230	90	121	1	605	834	661013483	661012797	1.94e-64	234
HvCslF6	chr2H	39.583	48	90	29	0	869	916	661012689	661012546	1.94e-64	39.7
HvCslF6	chr2H	67.702	161	90	51	1	358	517	180219978	180219496	2.85e-62	238
HvCslF6	chr2H	69.159	107	90	32	1	402	507	661013938	661013618	6.13e-46	162
HvCslF6	chr2H	57.895	38	90	16	0	364	401	661014027	661013914	6.13e-46	49.7
HvCslF6	chr2H	41.739	230	90	103	2	92	290	37739743	37739054	9.69e-44	180
HvCslF6	chr2H	30.986	355	90	146	12	138	414	475738783	475737782	9.31e-38	124
HvCslF6	chr2H	32.090	134	90	59	3	415	516	475737677	475737276	9.31e-38	60.1
HvCslF6	chr2H	36.628	172	90	50	6	416	531	37738464	37737958	2.08e-27	99.8
HvCslF6	chr2H	72.222	36	90	8	1	379	414	37738654	37738553	2.08e-27	49.7
HvCslF6	chr2H	52.137	117	90	52	2	623	736	37737211	37736864	8.28e-27	125
HvCslF6	chr2H	37.805	164	90	99	2	753	916	37736732	37736250	2.90e-22	110
HvCslF6	chr2H	37.168	113	90	69	1	623	733	475736858	475736520	3.96e-14	84.3
HvCslF6	chr1H	51.142	657	87	246	11	109	697	358876313	358878262	0.0	661
HvCslF6	chr1H	49.772	219	87	109	1	698	916	358878348	358879001	0.0	199
HvCslF6	chr1H	46.467	467	87	199	5	355	815	95243144	95241879	2.42e-128	435
HvCslF6	chr1H	46.582	395	87	172	7	92	484	262443439	262444512	6.85e-100	351
HvCslF6	chr1H	50.391	256	87	125	2	109	362	95244253	95243486	1.27e-75	278
HvCslF6	chr1H	53.077	130	87	56	1	169	293	126047664	126048053	6.99e-36	139
HvCslF6	chr1H	38.571	70	87	20	4	290	358	126048121	126048264	6.99e-36	38.9
HvCslF6	chr1H	45.985	137	87	34	3	388	487	126048396	126048797	5.07e-32	115
HvCslF6	chr1H	60.000	30	87	12	0	486	515	126048866	126048955	5.07e-32	49.7
HvCslF6	chr1H	52.586	116	87	53	1	623	736	262445420	262445767	2.14e-27	127
HvCslF6	chr1H	48.696	115	87	57	1	624	736	126049571	126049915	4.13e-26	116
HvCslF6	chr1H	50.000	20	87	10	0	605	624	126049428	126049487	4.13e-26	28.9
HvCslF6	chr1H	36.571	175	87	105	3	742	916	126050133	126050639	1.78e-23	114
HvCslF6	chr1H	35.976	164	87	103	1	753	916	262445917	262446402	7.74e-23	112
HvCslF6	chr5H	44.706	850	87	338	17	109	919	564289151	564286881	0.0	611
HvCslF6	chr5H	50.699	572	87	255	7	370	916	110353245	110354954	1.36e-166	546
HvCslF6	chr5H	52.669	281	87	105	2	107	359	110352262	110353104	1.64e-84	305
HvCslF6	chr5H	42.991	214	87	72	5	175	360	555072532	555071957	9.24e-79	157
HvCslF6	chr5H	56.164	73	87	25	2	416	484	555071644	555071435	9.24e-79	89.7
HvCslF6	chr5H	41.892	74	87	43	0	92	165	555072857	555072636	9.24e-79	66.6
HvCslF6	chr5H	72.222	36	87	8	1	379	414	555071834	555071733	9.24e-79	50.1
HvCslF6	chr5H	51.724	116	87	56	0	175	290	441918576	441918229	9.69e-59	130
HvCslF6	chr5H	40.714	140	87	44	7	290	428	441918115	441917810	9.69e-59	78.2
HvCslF6	chr5H	43.243	74	87	42	0	92	165	441918917	441918696	9.69e-59	67.4
HvCslF6	chr5H	54.054	74	87	27	2	415	484	572244932	572245144	4.77e-35	89.7
HvCslF6	chr5H	70.270	37	87	9	1	379	415	572244727	572244831	4.77e-35	53.1
HvCslF6	chr5H	62.500	32	87	12	0	486	517	572245240	572245335	4.77e-35	52.8
HvCslF6	chr5H	53.448	116	87	54	0	175	290	572244019	572244366	1.01e-33	131
HvCslF6	chr5H	37.500	72	87	22	4	290	360	572244444	572244593	1.01e-33	39.3
HvCslF6	chr5H	37.383	214	87	77	4	567	736	441917088	441916486	2.00e-30	137
HvCslF6	chr5H	59.211	76	87	24	2	416	487	441917727	441917509	3.02e-27	96.7
HvCslF6	chr5H	61.290	31	87	12	0	486	516	441917429	441917337	3.02e-27	52.4
HvCslF6	chr5H	52.586	116	87	51	2	623	735	572245912	572246256	5.03e-27	120
HvCslF6	chr5H	50.000	20	87	10	0	605	624	572245758	572245817	5.03e-27	27.3
HvCslF6	chr5H	52.137	117	87	52	2	623	736	555070458	555070111	5.46e-27	126
HvCslF6	chr5H	38.068	176	87	104	3	741	916	441916361	441915849	1.69e-24	118
HvCslF6	chr5H	39.024	164	87	97	2	753	916	555069985	555069503	7.23e-23	112
HvCslF6	chr5H	38.994	159	87	93	2	758	916	572246412	572246876	1.80e-20	105
HvCslF6	chr5H	49.412	85	87	43	0	184	268	472730802	472730548	1.95e-16	91.7
HvCslF6	chr5H	46.988	83	87	44	0	185	267	472740183	472739935	1.19e-15	89.4
HvCslF6	chr5H	34.043	141	87	90	2	605	744	472722935	472722519	7.18e-15	86.7
HvCslF6	chr5H	32.576	132	87	88	1	602	732	472737764	472737369	8.06e-13	80.1
HvCslF6	chr6H	38.435	575	78	173	16	89	515	28749227	28750852	5.54e-89	319
HvCslF6	chr6H	49.138	116	78	57	1	623	736	28751467	28751814	1.54e-54	119
HvCslF6	chr6H	36.571	175	78	105	3	742	916	28751936	28752442	1.54e-54	114
HvCslF6	chr6H	50.000	20	78	10	0	605	624	28751325	28751384	1.54e-54	28.1
HvCslF6	chr6H	40.566	106	78	63	0	185	290	484749652	484749969	1.62e-17	95.5
HvCslF6	chr6H	34.074	135	78	51	4	416	512	484751262	484751666	1.26e-14	67.4
HvCslF6	chr6H	60.714	28	78	11	0	388	415	484751080	484751163	1.26e-14	38.9
HvCslF6	chr3H	37.462	331	86	164	6	623	916	487045665	487046639	1.34e-59	223
HvCslF6	chr3H	27.692	65	86	27	2	567	624	487045402	487045557	1.34e-59	34.7
HvCslF6	chr3H	52.679	112	86	53	0	183	294	487043430	487043765	5.07e-46	124
HvCslF6	chr3H	39.000	100	86	61	0	79	178	487043036	487043335	5.07e-46	71.2
HvCslF6	chr3H	34.722	72	86	24	4	289	359	487043840	487043989	5.07e-46	37.4
HvCslF6	chr3H	25.723	346	86	203	9	488	825	35028272	35029171	1.04e-38	99.4
HvCslF6	chr3H	39.200	125	86	47	2	388	483	35027790	35028164	1.04e-38	88.2
HvCslF6	chr3H	57.500	80	86	27	2	415	490	487044744	487044974	6.70e-27	98.6
HvCslF6	chr3H	47.619	42	86	18	1	486	527	487045037	487045150	6.70e-27	49.3
HvCslF6	chr3H	39.286	112	86	60	2	156	267	35021892	35022203	4.10e-13	80.9
HvCslH1	chr2H	72.368	380	100	1	3	1	276	475738921	475737782	0.0	476
HvCslH1	chr2H	99.153	118	100	1	0	449	566	475736858	475736505	0.0	246
HvCslH1	chr2H	75.168	149	100	6	1	275	392	475737683	475737237	0.0	189
HvCslH1	chr2H	98.413	63	100	1	0	388	450	475737147	475736959	0.0	130
HvCslH1	chr2H	92.611	203	100	8	1	549	751	475736386	475735799	6.61e-112	380
HvCslH1	chr2H	33.288	742	100	405	18	47	724	180105351	180103204	9.43e-93	324
HvCslH1	chr2H	30.738	488	100	317	6	242	724	180700747	180699332	2.11e-59	225
HvCslH1	chr2H	33.060	487	100	304	9	244	724	180219906	180218494	2.25e-58	222
HvCslH1	chr2H	31.417	487	100	316	6	242	724	180930999	180929581	2.82e-53	207
HvCslH1	chr2H	37.931	261	100	152	3	244	501	180623216	180622455	1.99e-37	158
HvCslH1	chr2H	34.219	301	100	148	5	244	498	51632839	51631949	6.76e-35	150
HvCslH1	chr2H	38.911	257	100	123	9	47	280	51633701	51632964	1.20e-33	146
HvCslH1	chr2H	38.117	223	100	103	6	47	237	180701605	180700946	2.15e-30	136
HvCslH1	chr2H	40.000	120	100	72	0	449	568	37737211	37736852	1.51e-29	92.0
HvCslH1	chr2H	29.545	176	100	112	4	576	750	37736747	37736253	1.51e-29	64.3
HvCslH1	chr2H	39.267	191	100	78	3	41	194	37739623	37739054	2.70e-28	129
HvCslH1	chr2H	39.683	189	100	100	6	41	220	180624316	180623765	1.17e-27	127
HvCslH1	chr2H	40.588	170	100	84	4	47	205	180220835	180220344	6.58e-27	125
HvCslH1	chr2H	37.725	167	100	93	3	47	205	180931858	180931367	5.09e-25	119
HvCslH1	chr2H	26.957	230	100	161	2	438	667	661013462	661012794	1.95e-21	107
HvCslH1	chr2H	41.176	68	100	40	0	277	344	37738467	37738264	5.64e-11	57.0
HvCslH1	chr2H	56.667	30	100	13	0	247	276	37738642	37738553	5.64e-11	36.6
HvCslH1	chr5H	34.031	717	95	410	16	47	724	564289043	564286965	2.79e-91	320
HvCslH1	chr5H	30.490	551	95	313	10	250	740	110353299	110354921	9.70e-58	220
HvCslH1	chr5H	49.533	107	95	53	1	88	194	441918546	441918229	1.58e-36	105
HvCslH1	chr5H	36.111	108	95	52	5	194	290	441918115	441917810	1.58e-36	49.3
HvCslH1	chr5H	46.512	43	95	23	0	42	84	441918794	441918666	1.58e-36	45.1
HvCslH1	chr5H	40.415	193	95	103	2	47	228	110352355	110352930	3.16e-31	138
HvCslH1	chr5H	45.614	114	95	61	1	84	197	555072514	555072176	5.81e-30	106
HvCslH1	chr5H	52.273	44	95	21	0	41	84	555072737	555072606	5.81e-30	51.2
HvCslH1	chr5H	41.322	121	95	71	0	445	565	555070470	555070108	1.38e-29	92.4
HvCslH1	chr5H	28.571	175	95	115	4	576	750	555070000	555069506	1.38e-29	63.9
HvCslH1	chr5H	28.634	227	95	124	3	379	570	441917139	441916468	6.70e-28	84.7
HvCslH1	chr5H	29.143	175	95	115	4	576	750	441916349	441915852	6.70e-28	66.2
HvCslH1	chr5H	36.364	121	95	77	0	449	569	572245912	572246274	4.37e-23	77.8
HvCslH1	chr5H	28.188	149	95	97	2	576	724	572246382	572246798	4.37e-23	48.1
HvCslH1	chr5H	29.114	79	95	53	1	372	450	572245590	572245817	4.37e-23	28.5
HvCslH1	chr5H	56.322	87	95	37	1	87	173	572244046	572244303	3.09e-20	103
HvCslH1	chr5H	55.056	89	95	39	1	86	174	472730805	472730542	2.34e-19	100
HvCslH1	chr5H	31.707	205	95	112	4	364	568	472737875	472737345	1.63e-18	97.8
HvCslH1	chr5H	32.178	202	95	109	3	364	565	472723055	472722534	2.05e-18	97.4
HvCslH1	chr5H	52.809	89	95	41	1	86	174	472740189	472739926	1.41e-17	94.7
HvCslH1	chr5H	41.791	67	95	39	0	275	341	572244926	572245126	1.13e-11	57.0
HvCslH1	chr5H	51.515	33	95	16	0	247	279	572244739	572244837	1.13e-11	38.9
HvCslH1	chr7H	32.963	540	92	307	11	244	740	471646408	471644825	3.01e-61	231
HvCslH1	chr7H	30.515	544	92	311	9	250	740	7692881	7694470	1.45e-60	229
HvCslH1	chr7H	30.246	529	92	307	11	244	728	366739943	366738411	6.03e-53	206
HvCslH1	chr7H	31.935	429	92	274	6	244	668	626458213	626459457	2.48e-52	204
HvCslH1	chr7H	41.989	181	92	92	3	47	216	7691652	7692188	2.23e-30	135
HvCslH1	chr7H	40.201	199	92	105	7	41	233	626457349	626457921	4.55e-29	132
HvCslH1	chr7H	37.949	195	92	94	5	47	216	471647351	471646773	1.27e-28	130
HvCslH1	chr7H	39.560	182	92	93	4	47	217	366741344	366740817	1.69e-27	127
HvCslH1	chr7H	42.949	156	92	82	2	45	194	488759514	488759050	1.30e-24	117
HvCslH1	chr7H	28.333	300	92	190	8	449	733	488757695	488756826	1.53e-14	74.7
HvCslH1	chr7H	33.871	62	92	37	2	392	453	488757925	488757752	1.53e-14	30.8
HvCslH1	chr1H	42.122	311	92	159	5	47	341	262443577	262444494	3.13e-61	231
HvCslH1	chr1H	33.739	329	92	162	5	244	520	358877279	358878253	1.93e-50	162
HvCslH1	chr1H	26.244	221	92	154	4	520	740	358878333	358878968	1.93e-50	64.3
HvCslH1	chr1H	30.734	436	92	289	5	211	646	95243138	95241870	3.30e-49	194
HvCslH1	chr1H	41.209	182	92	94	3	47	217	358876400	358876939	2.58e-30	135
HvCslH1	chr1H	38.525	122	92	75	0	449	570	262445420	262445785	5.72e-30	87.8
HvCslH1	chr1H	32.903	155	92	84	4	576	724	262445902	262446324	5.72e-30	69.7
HvCslH1	chr1H	38.554	166	92	94	3	47	205	95244166	95243672	5.44e-22	109
HvCslH1	chr1H	48.214	112	92	57	1	87	198	126047724	126048056	5.63e-22	108
HvCslH1	chr1H	38.621	145	92	88	1	450	593	126049571	126050005	3.83e-21	94.7
HvCslH1	chr1H	35.000	60	92	36	1	391	450	126049317	126049487	3.83e-21	33.5
HvCslH1	chr6H	41.667	120	84	70	0	449	568	28751467	28751826	5.75e-32	92.8
HvCslH1	chr6H	28.000	175	84	116	5	576	750	28751945	28752439	5.75e-32	57.8
HvCslH1	chr6H	35.000	60	84	36	1	391	450	28751214	28751384	5.75e-32	33.9
HvCslH1	chr6H	37.374	198	84	83	2	41	198	28749362	28749952	5.09e-30	135
HvCslH1	chr6H	46.018	113	84	54	2	86	198	484749646	484749963	1.88e-19	100
HvCslH1	chr6H	39.726	73	84	44	0	275	347	484751253	484751471	2.98e-16	67.8
HvCslH1	chr6H	42.222	45	84	22	1	237	277	484751029	484751163	2.98e-16	43.9
HvCslH1	chr6H	29.927	137	84	87	3	451	583	304428359	304428754	7.23e-14	56.2
HvCslH1	chr6H	29.167	96	84	63	2	583	677	304428846	304429121	7.23e-14	47.4
HvCslH1	chr3H	47.748	111	70	57	1	88	198	487043436	487043765	1.08e-27	101
HvCslH1	chr3H	50.000	40	70	20	0	45	84	487043207	487043326	1.08e-27	48.9
HvCslH1	chr3H	30.061	326	70	181	6	449	737	487045665	487046612	1.67e-27	117
HvCslH1	chr3H	37.500	56	70	32	1	395	450	487045399	487045557	1.67e-27	32.3
HvCslH1	chr3H	31.469	286	70	177	8	364	641	35028311	35029135	6.95e-23	112
HvCslH1	chr3H	40.833	120	70	68	2	69	188	35021904	35022254	1.93e-15	87.8
HvCslF9	chr2H	73.414	741	91	188	5	88	824	180105390	180103183	0.0	1098
HvCslF9	chr2H	53.046	788	91	311	9	88	825	180701644	180699308	0.0	837
HvCslF9	chr2H	72.978	507	91	131	2	323	826	180219978	180218467	0.0	736
HvCslF9	chr2H	73.145	283	91	69	3	322	601	180623291	180622455	0.0	437
HvCslF9	chr2H	58.824	221	91	91	0	606	826	180622443	180621781	0.0	229
HvCslF9	chr2H	55.490	510	91	217	3	322	826	180931068	180929554	5.06e-178	576
HvCslF9	chr2H	43.918	485	91	185	8	322	723	51632911	51631469	8.74e-114	389
HvCslF9	chr2H	52.862	297	91	130	3	469	755	661013699	661012809	1.57e-96	327
HvCslF9	chr2H	73.529	34	91	9	0	793	826	661012698	661012597	1.57e-96	53.1
HvCslF9	chr2H	63.445	238	91	83	4	88	325	180220874	180220173	2.33e-89	317
HvCslF9	chr2H	57.983	238	91	95	5	88	325	180624331	180623633	6.65e-80	289
HvCslF9	chr2H	51.899	237	91	109	4	88	323	180931897	180931199	1.59e-68	255
HvCslF9	chr2H	43.019	265	91	127	5	88	331	51633740	51632955	5.09e-57	220
HvCslF9	chr2H	77.982	109	91	24	0	367	475	661013938	661013612	1.31e-53	185
HvCslF9	chr2H	60.000	35	91	14	0	332	366	661014018	661013914	1.31e-53	51.6
HvCslF9	chr2H	28.614	339	91	175	9	101	378	475738783	475737785	3.47e-33	112
HvCslF9	chr2H	47.273	55	91	29	0	378	432	475737683	475737519	3.47e-33	56.2
HvCslF9	chr2H	38.365	159	91	43	2	379	482	37738470	37737994	1.57e-30	112
HvCslF9	chr2H	73.077	26	91	7	0	353	378	37738633	37738556	1.57e-30	47.0
HvCslF9	chr2H	49.123	114	91	56	1	549	660	37737211	37736870	1.88e-26	124
HvCslF9	chr2H	34.025	241	91	120	5	50	256	37739755	37739048	3.37e-25	120
HvCslF9	chr2H	39.604	101	91	59	1	549	647	475736858	475736556	8.19e-12	73.9
HvCslF9	chr2H	61.538	13	91	5	0	538	550	475736997	475736959	8.19e-12	22.7
HvCslF9	chr7H	58.704	787	92	263	10	88	826	626457334	626459652	0.0	887
HvCslF9	chr7H	45.931	553	92	243	9	321	826	366740021	366738390	1.24e-143	476
HvCslF9	chr7H	44.643	560	92	254	5	320	826	7692782	7694452	6.48e-140	466
HvCslF9	chr7H	43.116	552	92	259	9	323	826	471646477	471644843	3.63e-126	426
HvCslF9	chr7H	51.261	238	92	114	2	88	325	366741383	366740676	2.77e-71	263
HvCslF9	chr7H	45.455	264	92	119	5	88	330	7691613	7692392	9.63e-62	234
HvCslF9	chr7H	44.314	255	92	123	5	88	325	471647390	471646632	6.51e-55	214
HvCslF9	chr7H	32.075	318	92	161	7	39	324	488759691	488758807	9.06e-30	134
HvCslF9	chr7H	60.377	53	92	21	0	379	431	488758512	488758354	6.99e-20	74.7
HvCslF9	chr7H	53.659	41	92	19	0	345	385	488758682	488758560	6.99e-20	48.9
HvCslF9	chr7H	30.000	210	92	134	5	549	752	488757695	488757087	1.09e-16	92.4
HvCslF9	chr1H	99.291	423	100	3	0	320	742	95243144	95241876	0.0	877
HvCslF9	chr1H	44.914	639	100	244	12	88	623	358876361	358878262	1.30e-178	537
HvCslF9	chr1H	35.323	201	100	128	1	626	826	358878354	358878950	1.30e-178	116
HvCslF9	chr1H	99.160	238	100	2	0	88	325	95244205	95243492	1.42e-152	503
HvCslF9	chr1H	42.040	402	100	192	8	51	451	262443430	262444515	1.03e-80	291
HvCslF9	chr1H	45.926	135	100	40	1	353	454	126048396	126048800	5.01e-34	124
HvCslF9	chr1H	50.000	40	100	20	0	448	487	126048854	126048973	5.01e-34	47.4
HvCslF9	chr1H	91.538	130	100	11	0	728	857	95241921	95241532	4.15e-30	135
HvCslF9	chr1H	47.500	120	100	60	2	140	258	126047703	126048056	2.28e-24	117
HvCslF9	chr1H	39.007	141	100	75	3	550	683	126049571	126049981	2.42e-24	117
HvCslF9	chr1H	45.690	116	100	61	1	549	662	262445420	262445767	8.11e-24	115
HvCslF9	chr1H	100.000	71	100	0	0	1	71	95245418	95245206	1.08e-21	108
HvCslF9	chr5H	47.012	753	86	321	15	95	820	564289061	564286956	0.0	601
HvCslF9	chr5H	42.657	572	86	256	10	322	826	110353203	110354903	0.0	444
HvCslF9	chr5H	44.151	265	86	118	5	88	324	110352316	110353104	0.0	219
HvCslF9	chr5H	49.533	107	86	52	1	151	257	441918537	441918223	7.05e-33	110
HvCslF9	chr5H	32.090	134	86	53	5	257	390	441918106	441917819	7.05e-33	57.4
HvCslF9	chr5H	28.780	205	86	121	4	455	658	472723091	472722549	3.21e-30	92.0
HvCslF9	chr5H	40.000	70	86	42	0	378	447	472723423	472723214	3.21e-30	67.0
HvCslF9	chr5H	59.740	77	86	31	0	379	455	441917733	441917503	1.82e-29	108
HvCslF9	chr5H	64.516	31	86	11	0	452	482	441917429	441917337	1.82e-29	48.1
HvCslF9	chr5H	49.020	102	86	51	1	378	479	572244926	572245228	1.60e-28	103
HvCslF9	chr5H	66.667	30	86	10	0	353	382	572244748	572244837	1.60e-28	48.9
HvCslF9	chr5H	36.406	217	86	89	6	501	672	441917079	441916441	2.66e-28	130
HvCslF9	chr5H	43.200	125	86	69	1	549	671	572245912	572246286	1.59e-26	111
HvCslF9	chr5H	28.571	77	86	51	2	474	550	572245599	572245817	1.59e-26	34.7
HvCslF9	chr5H	48.276	116	86	58	1	549	662	555070458	555070111	1.91e-26	124
HvCslF9	chr5H	49.462	93	86	39	1	378	462	555071653	555071375	2.10e-26	99.4
HvCslF9	chr5H	73.077	26	86	7	0	353	378	555071813	555071736	2.10e-26	46.6
HvCslF9	chr5H	35.749	207	86	83	5	146	325	555072508	555071957	5.08e-25	119
HvCslF9	chr5H	47.458	118	86	61	1	138	255	572244019	572244369	1.85e-23	114
HvCslF9	chr5H	28.780	205	86	121	4	455	658	472737911	472737369	8.17e-17	92.8
HvCslF9	chr5H	43.023	86	86	49	0	145	230	472740192	472739935	8.26e-16	89.4
HvCslF9	chr5H	41.860	86	86	50	0	145	230	472730808	472730551	2.46e-15	87.8
HvCslF9	chr6H	34.310	580	85	212	15	47	487	28749221	28750870	6.49e-77	280
HvCslF9	chr6H	44.828	116	85	62	1	549	662	28751467	28751814	8.36e-40	117
HvCslF9	chr6H	34.395	157	85	97	3	670	825	28751933	28752388	8.36e-40	64.7
HvCslF9	chr6H	50.000	20	85	10	0	531	550	28751325	28751384	8.36e-40	29.6
HvCslF9	chr6H	51.515	66	85	32	0	378	443	484751253	484751450	4.80e-17	77.0
HvCslF9	chr6H	55.882	34	85	12	1	347	377	484751053	484751154	4.80e-17	37.4
HvCslF9	chr6H	44.578	83	85	46	0	148	230	484749652	484749900	4.49e-15	87.0
HvCslF9	chr3H	31.741	293	69	182	11	455	737	35028275	35029129	5.92e-42	109
HvCslF9	chr3H	39.200	125	69	48	1	353	449	35027790	35028164	5.92e-42	88.6
HvCslF9	chr3H	32.698	315	69	166	6	549	825	487045665	487046585	1.24e-37	151
HvCslF9	chr3H	32.203	59	69	35	2	501	557	487045411	487045578	1.24e-37	32.0
HvCslF9	chr3H	59.259	81	69	33	0	379	459	487044741	487044983	6.16e-29	110
HvCslF9	chr3H	61.290	31	69	12	0	452	482	487045037	487045129	6.16e-29	44.3
HvCslF9	chr3H	46.154	117	69	61	2	143	258	487043418	487043765	1.82e-21	107
HvCslF9	chr3H	35.514	107	69	69	0	148	254	35021955	35022275	2.45e-11	74.7
HvCslF7	chr5H	97.200	750	93	17	1	49	798	564289151	564286914	0.0	1301
HvCslF7	chr5H	48.415	568	93	225	8	272	781	110353203	110354876	5.01e-142	470
HvCslF7	chr5H	42.918	233	93	86	3	434	629	441917124	441916456	5.15e-42	173
HvCslF7	chr5H	52.601	173	93	62	3	49	208	110352268	110352765	6.78e-42	172
HvCslF7	chr5H	59.375	96	93	39	0	115	210	572244022	572244309	5.48e-36	122
HvCslF7	chr5H	34.722	72	93	40	1	48	119	572243733	572243927	5.48e-36	55.5
HvCslF7	chr5H	60.440	91	93	36	0	120	210	555072514	555072242	8.78e-36	123
HvCslF7	chr5H	34.722	72	93	40	1	48	119	555072809	555072615	8.78e-36	54.3
HvCslF7	chr5H	55.118	127	93	55	1	506	630	572245912	572246292	2.57e-35	135
HvCslF7	chr5H	35.000	60	93	29	1	448	507	572245668	572245817	2.57e-35	40.4
HvCslF7	chr5H	61.538	91	93	35	0	120	210	441918558	441918286	1.04e-34	123
HvCslF7	chr5H	33.333	72	93	41	1	48	119	441918869	441918675	1.04e-34	50.4
HvCslF7	chr5H	63.063	111	93	39	1	506	614	555070458	555070126	2.30e-33	145
HvCslF7	chr5H	60.526	76	93	29	1	327	401	441917730	441917503	1.25e-29	105
HvCslF7	chr5H	71.429	28	93	8	0	401	428	441917420	441917337	1.25e-29	51.6
HvCslF7	chr5H	27.523	218	93	114	4	401	613	472723091	472722555	1.58e-29	87.4
HvCslF7	chr5H	42.647	68	93	38	1	327	393	472723417	472723214	1.58e-29	68.9
HvCslF7	chr5H	63.380	71	93	25	1	327	396	572244932	572245144	6.01e-28	99.8
HvCslF7	chr5H	75.000	28	93	7	0	401	428	572245249	572245332	6.01e-28	51.6
HvCslF7	chr5H	54.651	86	93	39	0	124	209	472740183	472739926	6.67e-22	109
HvCslF7	chr5H	51.163	86	93	42	0	124	209	472730799	472730542	1.01e-20	105
HvCslF7	chr5H	30.275	218	93	108	3	401	613	472737911	472737375	2.89e-19	100
HvCslF7	chr5H	60.563	71	93	27	1	327	396	555071647	555071435	1.70e-18	98.2
HvCslF7	chr5H	41.259	143	93	66	5	650	785	441916310	441915915	1.37e-12	79.0
HvCslF7	chr5H	39.716	141	93	70	4	650	785	555069961	555069569	1.06e-11	75.9
HvCslF7	chr7H	43.720	828	92	349	15	49	794	626457286	626459664	0.0	592
HvCslF7	chr7H	48.404	564	92	231	6	270	785	7692782	7694437	5.63e-143	473
HvCslF7	chr7H	47.940	534	92	225	10	291	785	471646417	471644858	1.23e-131	440
HvCslF7	chr7H	45.907	562	92	248	8	271	793	366740021	366738387	1.34e-123	416
HvCslF7	chr7H	52.601	173	92	62	2	48	207	7691562	7692059	2.72e-47	189
HvCslF7	chr7H	43.542	271	92	100	6	49	280	366741431	366740661	2.66e-43	177
HvCslF7	chr7H	48.438	192	92	77	4	49	225	471647438	471646884	5.86e-43	176
HvCslF7	chr7H	42.690	171	92	83	2	48	210	488759598	488759107	1.40e-33	146
HvCslF7	chr7H	35.880	301	92	174	8	506	796	488757695	488756820	4.07e-32	116
HvCslF7	chr7H	27.397	146	92	66	4	402	510	488758180	488757752	4.07e-32	48.5
HvCslF7	chr7H	50.000	44	92	22	0	343	386	7526351	7526220	1.74e-17	59.7
HvCslF7	chr7H	61.111	36	92	14	0	381	416	7526233	7526126	1.74e-17	56.2
HvCslF7	chr2H	44.302	781	93	359	16	48	784	180105441	180103195	1.68e-175	567
HvCslF7	chr2H	48.134	536	93	245	10	273	798	180219978	180218440	7.67e-135	449
HvCslF7	chr2H	47.592	519	93	233	9	291	798	180700750	180699278	2.86e-128	430
HvCslF7	chr2H	44.879	537	93	259	8	272	796	180931068	180929533	2.52e-124	419
HvCslF7	chr2H	46.809	470	93	172	7	272	669	51632911	51631520	9.67e-111	379
HvCslF7	chr2H	45.968	248	93	122	2	482	729	661013501	661012794	5.20e-103	215
HvCslF7	chr2H	71.429	98	93	27	1	323	419	661013911	661013618	5.20e-103	149
HvCslF7	chr2H	47.368	38	93	18	1	757	794	661012698	661012591	5.20e-103	38.9
HvCslF7	chr2H	48.387	31	93	13	1	279	306	661014027	661013935	5.20e-103	33.1
HvCslF7	chr2H	33.333	42	93	23	1	415	456	661013628	661013518	5.20e-103	28.9
HvCslF7	chr2H	56.014	291	93	112	4	272	558	180623291	180622455	4.28e-87	309
HvCslF7	chr2H	49.733	187	93	73	3	48	220	51633791	51633252	1.38e-44	181
HvCslF7	chr2H	48.503	167	93	71	2	49	207	180701692	180701213	4.12e-39	164
HvCslF7	chr2H	46.893	177	93	80	2	49	218	180624379	180623870	1.39e-38	162
HvCslF7	chr2H	44.311	167	93	78	2	49	207	180220922	180220443	1.10e-37	159
HvCslF7	chr2H	34.770	348	93	188	10	465	794	180622755	180621775	2.68e-35	152
HvCslF7	chr2H	38.119	202	93	79	2	48	210	37739695	37739111	1.40e-34	150
HvCslF7	chr2H	56.618	136	93	50	2	493	619	37737271	37736864	2.73e-34	149
HvCslF7	chr2H	44.311	167	93	78	2	49	207	180931945	180931466	1.60e-33	146
HvCslF7	chr2H	42.073	164	93	59	3	85	212	475738783	475738292	9.33e-24	115
HvCslF7	chr2H	38.994	159	93	41	3	327	429	37738467	37737991	1.95e-23	114
HvCslF7	chr2H	41.322	121	93	69	1	506	624	475736858	475736496	4.80e-15	84.3
HvCslF7	chr2H	42.105	19	93	11	0	489	507	475737015	475736959	4.80e-15	23.1
HvCslF7	chr2H	40.397	151	93	73	5	650	795	37736708	37736292	2.15e-11	75.1
HvCslF7	chr1H	44.225	658	91	235	11	49	581	358876313	358878265	1.63e-168	491
HvCslF7	chr1H	42.584	209	91	99	4	583	785	358878354	358878935	1.63e-168	128
HvCslF7	chr1H	51.501	433	91	189	6	270	698	95243144	95241897	6.74e-118	400
HvCslF7	chr1H	46.070	369	91	152	9	48	396	262443487	262444512	6.86e-72	264
HvCslF7	chr1H	56.098	123	91	52	1	507	627	126049571	126049939	3.58e-37	138
HvCslF7	chr1H	47.059	34	91	18	0	474	507	126049386	126049487	3.58e-37	43.5
HvCslF7	chr1H	44.578	166	91	77	2	49	206	95244253	95243777	7.05e-34	147
HvCslF7	chr1H	63.063	111	91	39	1	506	614	262445420	262445752	1.82e-32	143
HvCslF7	chr1H	61.538	91	91	35	0	120	210	126047715	126047987	2.41e-27	126
HvCslF7	chr1H	59.155	71	91	28	1	327	396	126048576	126048788	1.54e-25	93.2
HvCslF7	chr1H	68.966	29	91	9	0	401	429	126048875	126048961	1.54e-25	49.7
HvCslF7	chr1H	40.000	140	91	71	3	650	785	126050181	126050573	3.57e-11	74.3
HvCslF7	chr6H	35.907	518	86	175	11	61	429	28749329	28750858	1.19e-64	243
HvCslF7	chr6H	56.667	120	86	50	1	506	623	28751467	28751826	4.50e-37	138
HvCslF7	chr6H	47.059	34	86	18	0	474	507	28751283	28751384	4.50e-37	43.5
HvCslF7	chr6H	47.959	98	86	51	0	112	209	484749616	484749909	1.71e-23	114
HvCslF7	chr6H	29.258	229	86	79	7	327	513	484751259	484751822	8.85e-14	80.9
HvCslF7	chr6H	60.714	28	86	11	0	300	327	484751080	484751163	8.85e-14	21.9
HvCslF7	chr6H	40.000	140	86	71	3	650	785	28751984	28752376	4.01e-11	73.9
HvCslF7	chr3H	41.379	319	78	144	6	506	791	487045665	487046591	3.37e-53	198
HvCslF7	chr3H	36.111	36	78	23	0	472	507	487045450	487045557	3.37e-53	37.7
HvCslF7	chr3H	60.440	91	78	36	0	120	210	487043424	487043696	1.59e-35	122
HvCslF7	chr3H	34.722	72	78	40	1	48	119	487043123	487043317	1.59e-35	53.5
HvCslF7	chr3H	30.435	276	78	159	7	401	668	35028275	35029027	4.48e-34	105
HvCslF7	chr3H	40.741	81	78	47	1	327	406	35027955	35028197	4.48e-34	65.9
HvCslF7	chr3H	64.935	77	78	26	1	327	402	487044744	487044974	4.21e-29	107
HvCslF7	chr3H	67.857	28	78	9	0	401	428	487045046	487045129	4.21e-29	48.1
HvCslF7	chr3H	44.762	105	78	58	0	103	207	35021892	35022206	7.01e-17	92.8
HvCslF3	chr2H	93.712	827	98	6	1	71	851	180701704	180699224	0.0	1591
HvCslF3	chr2H	57.881	755	98	310	5	74	822	180105441	180103183	0.0	924
HvCslF3	chr2H	67.985	531	98	168	2	322	850	180931068	180929476	0.0	766
HvCslF3	chr2H	57.224	526	98	219	4	323	844	180219978	180218407	0.0	653
HvCslF3	chr2H	62.366	279	98	102	2	322	597	180623291	180622455	0.0	370
HvCslF3	chr2H	59.671	243	98	92	2	602	842	180622443	180621727	0.0	299
HvCslF3	chr2H	55.200	250	98	112	0	507	756	661013543	661012794	4.98e-150	317
HvCslF3	chr2H	79.439	107	98	22	0	366	472	661013938	661013618	4.98e-150	181
HvCslF3	chr2H	60.377	53	98	21	0	790	842	661012701	661012543	4.98e-150	69.3
HvCslF3	chr2H	51.515	33	98	15	1	334	365	661014012	661013914	4.98e-150	35.0
HvCslF3	chr2H	41.189	488	98	189	7	316	706	51632968	51631508	3.04e-113	369
HvCslF3	chr2H	30.201	149	98	83	3	701	841	51631397	51630990	3.04e-113	67.4
HvCslF3	chr2H	66.667	249	98	83	0	75	323	180931945	180931199	7.79e-104	360
HvCslF3	chr2H	53.231	325	98	112	4	37	325	180624595	180623633	6.19e-103	357
HvCslF3	chr2H	62.151	251	98	94	1	75	325	180220922	180220173	4.43e-99	346
HvCslF3	chr2H	44.521	292	98	141	3	60	330	51633833	51632958	2.37e-73	270
HvCslF3	chr2H	36.792	212	98	103	2	53	233	37739758	37739123	9.69e-35	150
HvCslF3	chr2H	31.165	369	98	159	11	104	396	475738783	475737734	8.98e-31	138
HvCslF3	chr2H	37.736	159	98	44	2	378	481	37738470	37737994	2.00e-28	111
HvCslF3	chr2H	48.649	37	98	19	0	341	377	37738666	37738556	2.00e-28	41.6
HvCslF3	chr2H	50.000	110	98	51	2	546	652	37737208	37736882	7.63e-24	115
HvCslF3	chr2H	35.227	176	98	106	4	667	841	37736756	37736250	5.28e-17	93.6
HvCslF3	chr2H	84.058	69	98	10	1	22	89	180702116	180701910	4.74e-16	90.1
HvCslF3	chr2H	36.522	115	98	71	1	546	658	475736855	475736511	3.97e-12	77.4
HvCslF3	chr7H	55.270	816	94	308	8	75	842	626457286	626459706	0.0	924
HvCslF3	chr7H	43.357	572	94	262	8	321	841	366740021	366738339	6.57e-144	477
HvCslF3	chr7H	42.553	564	94	263	4	335	842	7692830	7694506	2.48e-141	469
HvCslF3	chr7H	41.982	555	94	269	6	335	841	471646441	471644792	1.97e-132	444
HvCslF3	chr7H	61.176	255	94	98	1	75	328	366741431	366740667	1.19e-96	339
HvCslF3	chr7H	47.426	272	94	121	3	74	323	7691562	7692377	8.04e-75	274
HvCslF3	chr7H	44.610	269	94	131	2	75	325	471647438	471646632	2.44e-68	254
HvCslF3	chr7H	35.473	296	94	140	8	46	304	488759688	488758843	2.82e-38	162
HvCslF3	chr7H	26.984	315	94	200	9	546	842	488757692	488756784	1.04e-20	105
HvCslF3	chr7H	51.948	77	94	32	2	378	449	488758512	488758282	2.77e-18	78.2
HvCslF3	chr7H	55.172	29	94	13	0	452	480	488758189	488758103	2.77e-18	40.4
HvCslF3	chr5H	44.085	803	93	360	15	75	839	564289151	564286896	0.0	630
HvCslF3	chr5H	41.681	571	93	261	8	338	841	110353257	110354954	9.67e-136	453
HvCslF3	chr5H	47.687	281	93	118	2	73	324	110352262	110353104	4.21e-74	272
HvCslF3	chr5H	36.620	213	93	86	5	141	325	555072532	555071957	3.16e-70	124
HvCslF3	chr5H	58.442	77	93	32	0	378	454	555071650	555071420	3.16e-70	104
HvCslF3	chr5H	34.831	89	93	56	1	53	139	555072872	555072606	3.16e-70	64.3
HvCslF3	chr5H	48.649	37	93	19	0	341	377	555071846	555071736	3.16e-70	41.2
HvCslF3	chr5H	33.636	220	93	99	5	492	668	441917088	441916441	3.32e-48	118
HvCslF3	chr5H	35.227	176	93	107	4	667	841	441916358	441915849	3.32e-48	100
HvCslF3	chr5H	44.186	129	93	68	2	546	671	555070455	555070072	1.12e-44	114
HvCslF3	chr5H	34.091	176	93	108	4	667	841	555070009	555069503	1.12e-44	92.8
HvCslF3	chr5H	53.191	94	93	44	0	141	234	572244019	572244300	4.54e-38	112
HvCslF3	chr5H	40.909	88	93	50	1	54	139	572243673	572243936	4.54e-38	73.2
HvCslF3	chr5H	47.321	112	93	57	1	546	655	572245915	572246250	6.70e-37	107
HvCslF3	chr5H	31.522	184	93	109	4	667	845	572246373	572246888	6.70e-37	73.9
HvCslF3	chr5H	54.839	93	93	42	0	141	233	441918576	441918298	6.95e-34	112
HvCslF3	chr5H	32.584	89	93	58	1	53	139	441918932	441918666	6.95e-34	58.9
HvCslF3	chr5H	58.333	72	93	30	0	378	449	572244929	572245144	5.72e-33	100
HvCslF3	chr5H	59.375	32	93	13	0	451	482	572245240	572245335	5.72e-33	44.7
HvCslF3	chr5H	69.231	26	93	8	0	352	377	572244748	572244825	5.72e-33	43.1
HvCslF3	chr5H	30.392	204	93	116	5	452	652	472723097	472722555	3.42e-31	89.0
HvCslF3	chr5H	44.928	69	93	38	0	378	446	472723420	472723214	3.42e-31	73.2
HvCslF3	chr5H	51.685	89	93	40	1	375	463	441917742	441917485	4.57e-20	103
HvCslF3	chr5H	29.412	204	93	118	5	452	652	472737917	472737375	5.96e-16	90.1
HvCslF3	chr5H	44.706	85	93	47	0	150	234	472730802	472730548	3.50e-15	87.4
HvCslF3	chr5H	42.169	83	93	48	0	151	233	472740183	472739935	5.68e-14	83.6
HvCslF3	chr1H	45.008	651	93	251	10	75	619	358876313	358878262	0.0	560
HvCslF3	chr1H	34.529	223	93	142	1	620	842	358878348	358879004	0.0	154
HvCslF3	chr1H	58.019	424	93	170	4	320	737	95243144	95241879	2.04e-158	519
HvCslF3	chr1H	42.965	398	93	187	8	55	449	262443430	262444512	2.04e-89	317
HvCslF3	chr1H	54.475	257	93	114	3	75	328	95244253	95243483	6.32e-83	298
HvCslF3	chr1H	58.511	94	93	39	0	141	234	126047697	126047978	2.70e-34	119
HvCslF3	chr1H	39.773	88	93	51	1	54	139	126047335	126047598	2.70e-34	53.5
HvCslF3	chr1H	43.796	137	93	44	1	350	453	126048390	126048800	2.05e-32	120
HvCslF3	chr1H	35.616	73	93	41	2	451	517	126048866	126049084	2.05e-32	45.8
HvCslF3	chr1H	42.105	133	93	68	3	546	670	126049571	126049966	1.00e-22	112
HvCslF3	chr1H	46.957	115	93	59	1	546	658	262445423	262445767	2.15e-22	110
HvCslF3	chr1H	34.091	176	93	108	4	667	841	126050133	126050639	9.28e-18	95.9
HvCslF3	chr1H	33.889	180	93	104	4	667	841	262445893	262446402	1.56e-17	95.1
HvCslF3	chr1H	48.305	118	93	59	1	724	841	95241921	95241574	1.51e-11	75.5
HvCslF3	chr6H	33.607	610	88	233	14	54	517	28749230	28750981	3.70e-80	290
HvCslF3	chr6H	45.690	116	88	59	2	546	658	28751470	28751814	4.27e-44	110
HvCslF3	chr6H	34.091	176	88	108	4	667	841	28751936	28752442	4.27e-44	95.1
HvCslF3	chr6H	37.681	138	88	49	2	377	477	484751253	484751666	1.97e-18	85.1
HvCslF3	chr6H	57.692	26	88	11	0	352	377	484751080	484751157	1.97e-18	33.9
HvCslF3	chr6H	41.837	98	88	57	0	151	248	484749652	484749945	9.26e-16	89.4
HvCslF3	chr3H	33.731	335	78	172	7	546	841	487045668	487046639	3.02e-44	181
HvCslF3	chr3H	25.342	292	78	203	7	454	735	35028275	35029135	4.15e-38	98.2
HvCslF3	chr3H	38.235	136	78	55	2	342	448	35027757	35028164	4.15e-38	87.0
HvCslF3	chr3H	55.914	93	78	40	1	142	233	487043406	487043684	4.13e-34	108
HvCslF3	chr3H	39.474	76	78	46	0	55	130	487043066	487043293	4.13e-34	63.2
HvCslF3	chr3H	58.974	78	78	32	0	378	455	487044741	487044974	8.62e-34	107
HvCslF3	chr3H	69.231	26	78	8	0	352	377	487044568	487044645	8.62e-34	42.0
HvCslF3	chr3H	58.065	31	78	13	0	451	481	487045037	487045129	8.62e-34	42.0
HvCslF3	chr3H	42.353	85	78	49	0	149	233	35021949	35022203	7.22e-11	73.2
HvCslF4	chr7H	79.036	830	90	124	4	65	849	626457235	626459709	0.0	1303
HvCslF4	chr7H	46.619	562	90	255	8	326	845	366740021	366738345	5.65e-153	504
HvCslF4	chr7H	43.299	582	90	269	5	325	850	7692782	7694512	4.44e-147	487
HvCslF4	chr7H	44.262	549	90	255	6	349	850	471646417	471644783	4.82e-134	449
HvCslF4	chr7H	60.156	256	90	98	4	82	334	366741431	366740667	1.27e-90	322
HvCslF4	chr7H	52.574	272	90	105	2	81	328	7691562	7692377	3.47e-86	308
HvCslF4	chr7H	48.929	280	90	119	3	69	328	471647465	471646638	4.12e-75	275
HvCslF4	chr7H	35.762	302	90	138	8	66	332	488759643	488758801	6.82e-42	173
HvCslF4	chr7H	50.667	75	90	32	2	386	455	488758506	488758282	4.59e-25	72.8
HvCslF4	chr7H	60.606	33	90	13	0	358	390	488758658	488758560	4.59e-25	47.4
HvCslF4	chr7H	55.172	29	90	13	0	458	486	488758189	488758103	4.59e-25	40.8
HvCslF4	chr7H	26.645	304	90	209	6	553	845	488757695	488756793	3.21e-17	94.4
HvCslF4	chr2H	62.948	753	100	274	4	81	828	180105441	180103183	0.0	1003
HvCslF4	chr2H	57.856	821	100	293	6	78	848	180701704	180699251	0.0	959
HvCslF4	chr2H	65.283	530	100	182	2	321	848	180220002	180218413	0.0	701
HvCslF4	chr2H	58.286	525	100	214	3	327	848	180931068	180929500	0.0	618
HvCslF4	chr2H	81.356	413	100	39	2	1	377	180624730	180623498	0.0	613
HvCslF4	chr2H	99.642	279	100	1	0	327	605	180623291	180622455	0.0	585
HvCslF4	chr2H	99.620	263	100	1	0	610	872	180622443	180621655	0.0	494
HvCslF4	chr2H	87.347	245	100	31	0	519	763	661013531	661012797	0.0	459
HvCslF4	chr2H	43.478	483	100	189	8	327	727	51632911	51631469	0.0	391
HvCslF4	chr2H	48.084	287	100	126	2	66	329	51633836	51632976	0.0	297
HvCslF4	chr2H	88.889	108	100	12	0	372	479	661013938	661013615	0.0	207
HvCslF4	chr2H	77.907	86	100	19	0	787	872	661012728	661012471	0.0	139
HvCslF4	chr2H	84.211	38	100	6	0	334	371	661014027	661013914	0.0	73.6
HvCslF4	chr2H	73.529	34	100	9	0	478	511	661013616	661013515	0.0	53.9
HvCslF4	chr2H	59.363	251	100	101	1	82	331	180220922	180220170	2.98e-94	332
HvCslF4	chr2H	55.020	249	100	110	2	82	328	180931945	180931199	1.32e-79	289
HvCslF4	chr2H	43.411	129	100	70	2	553	678	37737211	37736825	6.73e-41	115
HvCslF4	chr2H	32.778	180	100	114	4	675	853	37736756	37736235	6.73e-41	79.0
HvCslF4	chr2H	35.931	231	100	116	2	64	262	37739746	37739054	2.37e-39	155
HvCslF4	chr2H	38.806	67	100	20	5	263	328	37738970	37738830	2.37e-39	33.5
HvCslF4	chr2H	37.580	157	100	43	2	386	487	37738464	37737994	3.61e-30	110
HvCslF4	chr2H	68.966	29	100	9	0	356	384	37738639	37738553	3.61e-30	48.1
HvCslF4	chr2H	29.101	378	100	168	11	103	402	475738801	475737734	7.98e-29	132
HvCslF4	chr2H	33.621	116	100	75	1	553	666	475736858	475736511	2.02e-12	73.9
HvCslF4	chr2H	61.538	13	100	5	0	542	554	475736997	475736959	2.02e-12	24.6
HvCslF4	chr5H	45.633	813	91	361	16	69	845	564289190	564286887	0.0	645
HvCslF4	chr5H	42.712	590	91	269	8	327	850	110353203	110354963	0.0	468
HvCslF4	chr5H	52.431	288	91	105	3	80	335	110352262	110353125	0.0	298
HvCslF4	chr5H	38.725	204	91	77	6	155	330	555072508	555071957	7.49e-42	135
HvCslF4	chr5H	34.409	93	91	61	0	64	156	555072860	555072582	7.49e-42	62.8
HvCslF4	chr5H	44.828	116	91	62	1	553	666	555070458	555070111	7.74e-42	116
HvCslF4	chr5H	32.778	180	91	114	4	675	853	555070009	555069488	7.74e-42	81.6
HvCslF4	chr5H	50.000	106	91	53	0	157	262	441918546	441918229	2.38e-41	120
HvCslF4	chr5H	40.000	135	91	44	7	262	395	441918115	441917819	2.38e-41	75.1
HvCslF4	chr5H	44.737	114	91	61	1	553	664	572245912	572246253	3.26e-39	109
HvCslF4	chr5H	31.351	185	91	113	4	669	845	572246334	572246870	3.26e-39	70.5
HvCslF4	chr5H	30.909	55	91	31	2	502	554	572245668	572245817	3.26e-39	29.6
HvCslF4	chr5H	60.274	73	91	29	0	383	455	572244926	572245144	6.36e-36	104
HvCslF4	chr5H	75.862	29	91	7	0	356	384	572244742	572244828	6.36e-36	51.2
HvCslF4	chr5H	50.000	34	91	17	0	457	490	572245240	572245341	6.36e-36	42.4
HvCslF4	chr5H	49.074	108	91	55	0	155	262	572244043	572244366	4.41e-29	119
HvCslF4	chr5H	37.143	70	91	23	5	262	330	572244444	572244593	4.41e-29	35.8
HvCslF4	chr5H	36.139	202	91	85	4	502	664	441917082	441916492	7.51e-29	132
HvCslF4	chr5H	61.429	70	91	27	0	386	455	555071644	555071435	3.03e-28	102
HvCslF4	chr5H	44.928	69	91	23	2	316	384	555071894	555071733	3.03e-28	50.1
HvCslF4	chr5H	27.941	204	91	123	4	458	660	472723097	472722555	1.43e-27	80.9
HvCslF4	chr5H	40.299	67	91	40	0	386	452	472723414	472723214	1.43e-27	68.9
HvCslF4	chr5H	58.333	84	91	32	1	386	469	441917727	441917485	5.07e-22	109
HvCslF4	chr5H	47.826	92	91	47	1	149	240	472740204	472739932	3.24e-17	94.0
HvCslF4	chr5H	47.059	85	91	45	0	156	240	472730802	472730548	5.04e-17	93.6
HvCslF4	chr5H	33.333	168	91	89	3	458	625	472737917	472737483	7.69e-17	92.8
HvCslF4	chr5H	32.584	178	91	114	4	675	851	441916358	441915840	7.76e-14	83.2
HvCslF4	chr1H	68.720	422	92	125	3	325	742	95243144	95241888	0.0	620
HvCslF4	chr1H	46.554	653	92	239	8	82	627	358876313	358878262	0.0	605
HvCslF4	chr1H	37.445	227	92	128	2	630	850	358878354	358879010	0.0	143
HvCslF4	chr1H	45.178	394	92	179	7	64	455	262443436	262444512	1.44e-96	339
HvCslF4	chr1H	55.133	263	92	113	5	82	339	95244253	95243465	7.51e-83	298
HvCslF4	chr1H	45.985	137	92	41	1	356	459	126048390	126048800	1.31e-32	127
HvCslF4	chr1H	53.333	30	92	14	0	457	486	126048866	126048955	1.31e-32	39.3
HvCslF4	chr1H	51.351	111	92	54	0	155	265	126047721	126048053	3.64e-31	126
HvCslF4	chr1H	35.294	68	92	23	4	262	328	126048121	126048264	3.64e-31	35.4
HvCslF4	chr1H	39.552	134	92	74	2	554	680	126049571	126049972	6.59e-23	112
HvCslF4	chr1H	44.828	116	92	62	1	553	666	262445420	262445767	8.80e-23	112
HvCslF4	chr1H	34.021	194	92	120	5	675	867	126050133	126050693	3.68e-17	94.0
HvCslF4	chr1H	32.022	178	92	115	4	675	851	262445893	262446411	5.06e-12	77.0
HvCslF4	chr1H	50.862	116	92	57	0	732	847	95241921	95241574	1.07e-11	76.3
HvCslF4	chr6H	35.739	568	91	190	14	64	486	28749239	28750852	1.05e-81	295
HvCslF4	chr6H	44.828	116	91	62	1	553	666	28751467	28751814	5.27e-48	114
HvCslF4	chr6H	34.021	194	91	120	5	675	867	28751936	28752496	5.27e-48	93.6
HvCslF4	chr6H	35.185	54	91	28	2	503	554	28751238	28751384	5.27e-48	31.6
HvCslF4	chr6H	42.991	107	91	61	0	150	256	484749631	484749951	2.16e-19	101
HvCslF4	chr6H	29.384	211	91	85	5	383	555	484751253	484751807	7.79e-18	79.0
HvCslF4	chr6H	59.259	27	91	11	0	358	384	484751080	484751160	7.79e-18	38.1
HvCslF4	chr3H	34.012	344	88	184	7	553	860	487045665	487046675	2.64e-46	174
HvCslF4	chr3H	31.148	61	88	35	2	503	561	487045411	487045578	2.64e-46	38.1
HvCslF4	chr3H	47.009	117	88	62	0	150	266	487043415	487043765	5.06e-43	123
HvCslF4	chr3H	41.096	73	88	43	0	66	138	487043078	487043296	5.06e-43	62.0
HvCslF4	chr3H	38.571	70	88	22	5	261	329	487043840	487043989	5.06e-43	36.6
HvCslF4	chr3H	27.891	294	88	195	8	461	744	35028278	35029138	3.64e-37	95.9
HvCslF4	chr3H	37.410	139	88	53	2	350	454	35027748	35028164	3.64e-37	86.3
HvCslF4	chr3H	59.211	76	88	31	0	386	461	487044747	487044974	4.38e-27	108
HvCslF4	chr3H	54.839	31	88	14	0	457	487	487045037	487045129	4.38e-27	39.3
HvCslF4	chr3H	33.898	118	88	70	1	155	272	35021949	35022278	1.00e-11	76.3
HvCslF8	chr2H	71.543	752	98	211	2	103	851	180105441	180103186	0.0	1130
HvCslF8	chr2H	100.000	547	98	0	0	351	897	180219978	180218338	0.0	1058
HvCslF8	chr2H	56.234	802	98	298	6	98	850	180701710	180699317	0.0	958
HvCslF8	chr2H	57.570	502	98	209	3	350	849	180931068	180929569	0.0	609
HvCslF8	chr2H	71.786	280	98	78	1	350	629	180623291	180622455	0.0	414
HvCslF8	chr2H	60.369	217	98	86	0	634	850	180622443	180621793	0.0	282
HvCslF8	chr2H	40.787	483	98	203	7	350	751	51632911	51631469	3.98e-175	364
HvCslF8	chr2H	45.139	288	98	136	3	89	354	51633833	51632970	3.98e-175	278
HvCslF8	chr2H	99.200	250	98	2	0	104	353	180220922	180220173	6.80e-160	525
HvCslF8	chr2H	48.913	368	98	141	5	22	353	180624703	180623633	1.80e-107	372
HvCslF8	chr2H	64.557	237	98	84	0	552	788	661013504	661012794	3.90e-105	348
HvCslF8	chr2H	56.522	46	98	20	0	805	850	661012746	661012609	3.90e-105	50.1
HvCslF8	chr2H	41.935	31	98	18	0	490	520	661013649	661013557	3.90e-105	32.0
HvCslF8	chr2H	55.020	249	98	111	1	104	351	180931945	180931199	9.32e-84	302
HvCslF8	chr2H	75.926	108	98	26	0	396	503	661013935	661013612	4.59e-51	179
HvCslF8	chr2H	53.659	41	98	19	0	354	394	661014036	661013914	4.59e-51	49.7
HvCslF8	chr2H	86.139	101	98	14	0	21	121	180226761	180226459	5.52e-43	177
HvCslF8	chr2H	34.799	273	98	138	6	81	314	37739758	37738943	7.15e-39	164
HvCslF8	chr2H	38.994	159	98	42	2	407	510	37738470	37737994	5.55e-29	113
HvCslF8	chr2H	69.231	26	98	8	0	381	406	37738633	37738556	5.55e-29	41.6
HvCslF8	chr2H	31.486	397	98	193	15	74	406	475738930	475737785	2.00e-26	124
HvCslF8	chr2H	48.246	114	98	57	1	577	688	37737211	37736870	4.26e-26	123
HvCslF8	chr2H	36.207	116	98	72	1	577	690	475736858	475736511	3.51e-14	77.0
HvCslF8	chr2H	38.235	34	98	20	1	546	578	475737060	475736959	3.51e-14	27.7
HvCslF8	chr2H	33.571	140	98	87	3	712	850	37736717	37736313	6.93e-14	83.2
HvCslF8	chr7H	60.101	792	87	264	5	104	850	626457286	626459640	0.0	967
HvCslF8	chr7H	42.752	545	87	263	7	351	850	471646477	471644855	1.38e-131	443
HvCslF8	chr7H	37.477	555	87	293	7	348	850	7692782	7694440	2.10e-109	378
HvCslF8	chr7H	57.588	257	87	106	3	104	358	366741431	366740664	5.07e-92	327
HvCslF8	chr7H	49.643	280	87	116	3	103	358	7691562	7692398	2.91e-79	288
HvCslF8	chr7H	43.813	299	87	165	3	553	850	366739292	366738402	6.13e-74	272
HvCslF8	chr7H	48.689	267	87	118	2	104	351	471647438	471646638	3.47e-72	267
HvCslF8	chr7H	33.016	315	87	156	7	73	352	488759691	488758807	6.58e-69	168
HvCslF8	chr7H	50.649	77	87	33	2	407	478	488758512	488758282	6.58e-69	72.4
HvCslF8	chr7H	51.111	45	87	22	0	369	413	488758694	488758560	6.58e-69	45.8
HvCslF8	chr7H	69.231	26	87	8	0	484	509	488758180	488758103	6.58e-69	43.9
HvCslF8	chr7H	66.871	163	87	53	1	349	511	366740021	366739536	8.93e-63	238
HvCslF8	chr7H	27.178	287	87	191	6	577	850	488757695	488756850	2.16e-24	117
HvCslF8	chr1H	72.770	426	86	110	3	348	770	95243144	95241876	0.0	657
HvCslF8	chr1H	42.025	652	86	272	9	104	651	358876313	358878262	7.86e-173	482
HvCslF8	chr1H	39.594	197	86	117	1	654	850	358878354	358878938	7.86e-173	152
HvCslF8	chr1H	62.500	256	86	92	4	104	355	95244253	95243486	2.05e-97	342
HvCslF8	chr1H	43.939	396	86	187	5	83	478	262443430	262444512	4.86e-93	329
HvCslF8	chr1H	45.185	135	86	41	1	381	482	126048396	126048800	2.58e-32	115
HvCslF8	chr1H	61.765	34	86	13	0	476	509	126048854	126048955	2.58e-32	50.4
HvCslF8	chr1H	48.696	115	86	59	0	170	284	126047697	126048041	6.15e-29	123
HvCslF8	chr1H	34.328	67	86	23	4	286	351	126048124	126048264	6.15e-29	31.6
HvCslF8	chr1H	45.690	116	86	61	1	577	690	262445420	262445767	5.92e-25	119
HvCslF8	chr1H	41.667	132	86	70	2	578	702	126049571	126049966	5.54e-24	116
HvCslF8	chr1H	32.680	153	86	97	3	699	850	126050133	126050576	5.73e-16	90.1
HvCslF8	chr1H	34.532	139	86	88	2	712	850	262445932	262446339	6.08e-16	90.1
HvCslF8	chr1H	56.250	96	86	42	0	756	851	95241921	95241634	1.01e-11	76.3
HvCslF8	chr5H	45.244	778	86	347	15	104	848	564289151	564286956	0.0	639
HvCslF8	chr5H	36.106	565	86	295	9	350	850	110353203	110354891	3.56e-171	355
HvCslF8	chr5H	47.703	283	86	114	3	102	352	110352262	110353104	3.56e-171	274
HvCslF8	chr5H	34.577	402	86	157	13	175	490	555072520	555071375	8.02e-60	201
HvCslF8	chr5H	30.000	80	86	55	1	81	160	555072872	555072636	8.02e-60	56.6
HvCslF8	chr5H	45.669	127	86	67	1	577	701	555070458	555070078	1.93e-46	127
HvCslF8	chr5H	34.286	140	86	86	3	712	850	555069970	555069566	1.93e-46	85.9
HvCslF8	chr5H	52.336	107	86	51	0	178	284	441918552	441918232	2.51e-39	123
HvCslF8	chr5H	38.235	136	86	47	7	286	420	441918112	441917813	2.51e-39	66.6
HvCslF8	chr5H	29.268	205	86	120	4	483	686	472723091	472722549	2.04e-31	97.4
HvCslF8	chr5H	36.986	73	86	46	0	403	475	472723432	472723214	2.04e-31	65.5
HvCslF8	chr5H	59.740	77	86	31	0	407	483	441917733	441917503	1.50e-29	105
HvCslF8	chr5H	70.968	31	86	9	0	480	510	441917429	441917337	1.50e-29	51.2
HvCslF8	chr5H	51.304	115	86	56	0	170	284	572244019	572244363	1.55e-29	124
HvCslF8	chr5H	31.884	69	86	26	3	286	353	572244447	572244593	1.55e-29	32.0
HvCslF8	chr5H	36.413	184	86	80	2	542	688	441917043	441916492	5.60e-28	129
HvCslF8	chr5H	45.614	114	86	60	1	577	688	572245912	572246253	1.66e-27	115
HvCslF8	chr5H	50.000	24	86	12	0	555	578	572245746	572245817	1.66e-27	34.7
HvCslF8	chr5H	50.000	102	86	50	1	406	507	572244926	572245228	1.17e-25	101
HvCslF8	chr5H	72.000	25	86	7	0	381	405	572244748	572244822	1.17e-25	42.0
HvCslF8	chr5H	48.810	84	86	43	0	180	263	472740183	472739932	1.57e-18	98.6
HvCslF8	chr5H	29.268	205	86	120	3	483	686	472737911	472737369	3.62e-18	97.4
HvCslF8	chr5H	47.059	85	86	45	0	179	263	472730802	472730548	6.67e-18	96.7
HvCslF8	chr5H	34.286	140	86	87	3	712	850	441916319	441915912	1.54e-15	88.6
HvCslF8	chr5H	33.094	139	86	88	2	712	850	572246412	572246813	8.97e-11	73.2
HvCslF8	chr6H	35.336	566	85	203	12	82	509	28749230	28750852	1.08e-83	301
HvCslF8	chr6H	43.220	118	85	65	1	577	692	28751467	28751820	1.24e-49	117
HvCslF8	chr6H	32.680	153	85	97	3	699	850	28751936	28752379	1.24e-49	89.7
HvCslF8	chr6H	48.387	31	85	15	1	549	578	28751292	28751384	1.24e-49	38.1
HvCslF8	chr6H	39.216	102	85	62	0	177	278	484749643	484749948	8.60e-18	96.3
HvCslF8	chr6H	31.132	212	85	81	6	406	579	484751253	484751807	3.66e-16	77.0
HvCslF8	chr6H	50.000	34	85	14	1	375	405	484751053	484751154	3.66e-16	34.7
HvCslF8	chr3H	33.010	309	72	167	5	577	850	487045665	487046576	4.11e-47	181
HvCslF8	chr3H	35.484	31	72	20	0	555	585	487045486	487045578	4.11e-47	34.7
HvCslF8	chr3H	30.952	294	72	183	9	483	765	35028275	35029129	7.47e-38	104
HvCslF8	chr3H	35.200	125	72	53	1	381	477	35027790	35028164	7.47e-38	79.7
HvCslF8	chr3H	59.259	81	72	33	0	407	487	487044741	487044983	1.40e-28	105
HvCslF8	chr3H	67.742	31	72	10	0	480	510	487045037	487045129	1.40e-28	47.8
HvCslF8	chr3H	49.138	116	72	58	1	175	289	487043418	487043765	1.82e-27	119
HvCslF8	chr3H	29.412	68	72	27	3	286	352	487043846	487043989	1.82e-27	30.4
HvCslF10	chr2H	64.109	808	100	242	5	114	875	180701644	180699227	0.0	1082
HvCslF10	chr2H	99.626	535	100	2	0	345	879	180931068	180929464	0.0	1070
HvCslF10	chr2H	55.707	736	100	320	4	113	844	180105393	180103192	0.0	862
HvCslF10	chr2H	57.685	501	100	208	3	346	844	180219978	180218482	0.0	630
HvCslF10	chr2H	42.129	451	100	177	7	364	731	51632857	51631508	2.65e-174	366
HvCslF10	chr2H	42.754	276	100	137	3	93	347	51633803	51632976	2.65e-174	235
HvCslF10	chr2H	30.833	120	100	74	3	726	843	51631397	51631059	2.65e-174	60.5
HvCslF10	chr2H	61.071	280	100	106	2	345	622	180623291	180622455	3.60e-170	370
HvCslF10	chr2H	55.046	218	100	96	1	627	844	180622443	180621796	3.60e-170	255
HvCslF10	chr2H	97.890	237	100	5	0	113	349	180931900	180931190	3.78e-149	493
HvCslF10	chr2H	53.968	252	100	115	1	530	781	661013546	661012794	1.20e-139	306
HvCslF10	chr2H	77.885	104	100	23	0	391	494	661013935	661013624	1.20e-139	176
HvCslF10	chr2H	57.576	33	100	14	0	812	844	661012710	661012612	1.20e-139	45.1
HvCslF10	chr2H	50.000	34	100	17	0	356	389	661014015	661013914	1.20e-139	38.9
HvCslF10	chr2H	54.661	236	100	106	1	114	349	180220874	180220170	1.37e-77	283
HvCslF10	chr2H	43.490	361	100	156	5	29	346	180624706	180623639	7.49e-77	281
HvCslF10	chr2H	98.980	98	100	1	0	1	98	180933086	180932793	2.73e-50	200
HvCslF10	chr2H	49.565	115	100	56	1	571	683	37737208	37736864	4.24e-41	117
HvCslF10	chr2H	30.872	149	100	97	3	692	840	37736756	37736328	4.24e-41	77.8
HvCslF10	chr2H	31.065	338	100	163	12	127	400	475738783	475737788	8.32e-37	124
HvCslF10	chr2H	37.681	69	100	43	0	402	470	475737680	475737474	8.32e-37	57.0
HvCslF10	chr2H	32.479	234	100	127	2	76	278	37739758	37739057	7.64e-27	125
HvCslF10	chr2H	49.438	89	100	40	1	402	490	37738470	37738219	1.25e-26	101
HvCslF10	chr2H	53.846	39	100	18	0	363	401	37738672	37738556	1.25e-26	45.8
HvCslF10	chr2H	36.667	120	100	74	1	571	688	475736855	475736496	2.08e-11	69.7
HvCslF10	chr2H	32.727	55	100	34	2	518	571	475737117	475736959	2.08e-11	25.4
HvCslF10	chr7H	53.358	804	86	314	8	113	867	626457331	626459706	0.0	854
HvCslF10	chr7H	40.935	535	86	252	7	366	843	7692851	7694434	1.92e-133	447
HvCslF10	chr7H	42.596	547	86	258	9	344	843	366740021	366738408	5.90e-133	446
HvCslF10	chr7H	41.412	524	86	255	6	367	843	471646417	471644861	4.26e-126	426
HvCslF10	chr7H	31.915	282	86	137	5	114	361	488759547	488758765	1.34e-89	148
HvCslF10	chr7H	26.855	283	86	187	7	571	840	488757692	488756865	1.34e-89	103
HvCslF10	chr7H	50.649	77	86	33	2	402	473	488758512	488758282	1.34e-89	77.0
HvCslF10	chr7H	54.545	44	86	17	1	368	408	488758691	488758560	1.34e-89	48.5
HvCslF10	chr7H	25.658	152	86	64	4	476	579	488758189	488757737	1.34e-89	43.9
HvCslF10	chr7H	54.393	239	86	107	2	114	351	366741383	366740670	2.97e-74	273
HvCslF10	chr7H	46.275	255	86	115	3	114	346	7691613	7692377	8.75e-65	244
HvCslF10	chr7H	42.023	257	86	129	3	114	350	471647390	471646620	3.27e-56	218
HvCslF10	chr5H	42.838	761	85	359	15	114	843	564289103	564286956	0.0	590
HvCslF10	chr5H	41.929	539	85	240	9	372	843	110353287	110354885	5.19e-130	437
HvCslF10	chr5H	32.093	215	85	97	5	160	346	555072544	555071963	6.12e-61	114
HvCslF10	chr5H	58.333	72	85	30	0	402	473	555071650	555071435	6.12e-61	101
HvCslF10	chr5H	53.488	43	85	20	0	359	401	555071864	555071736	6.12e-61	46.2
HvCslF10	chr5H	37.288	59	85	37	0	96	154	555072812	555072636	6.12e-61	41.2
HvCslF10	chr5H	43.396	265	85	119	3	113	347	110352313	110353104	1.40e-57	222
HvCslF10	chr5H	48.696	115	85	57	1	571	683	555070455	555070111	1.13e-41	117
HvCslF10	chr5H	30.872	149	85	97	3	692	840	555070009	555069581	1.13e-41	80.1
HvCslF10	chr5H	31.220	205	85	114	5	476	677	472723097	472722555	1.26e-33	92.4
HvCslF10	chr5H	46.377	69	85	37	0	402	470	472723420	472723214	1.26e-33	77.8
HvCslF10	chr5H	56.250	80	85	35	0	399	478	441917742	441917503	6.54e-30	112
HvCslF10	chr5H	66.667	30	85	10	0	476	505	441917426	441917337	6.54e-30	45.8
HvCslF10	chr5H	37.255	204	85	87	3	517	683	441917085	441916486	1.97e-28	130
HvCslF10	chr5H	46.491	114	85	59	1	571	682	572245915	572246256	1.49e-27	108
HvCslF10	chr5H	39.623	53	85	28	1	517	569	572245665	572245811	1.49e-27	40.8
HvCslF10	chr5H	45.545	101	85	54	1	402	502	572244929	572245228	2.86e-27	105
HvCslF10	chr5H	66.667	30	85	10	0	376	405	572244748	572244837	2.86e-27	43.9
HvCslF10	chr5H	44.348	115	85	64	0	164	278	441918576	441918232	3.69e-26	105
HvCslF10	chr5H	33.898	59	85	39	0	96	154	441918872	441918696	3.69e-26	39.7
HvCslF10	chr5H	48.958	96	85	49	0	164	259	572244019	572244306	4.86e-21	106
HvCslF10	chr5H	32.020	203	85	115	5	476	677	472737917	472737375	2.49e-17	94.7
HvCslF10	chr5H	31.788	151	85	94	3	692	840	441916358	441915927	3.87e-15	87.4
HvCslF10	chr5H	43.529	85	85	48	0	173	257	472730802	472730548	1.01e-13	82.8
HvCslF10	chr5H	46.154	65	85	35	0	402	466	472738239	472738045	8.23e-12	76.6
HvCslF10	chr5H	39.286	84	85	51	0	173	256	472740186	472739935	1.37e-11	75.9
HvCslF10	chr1H	41.950	646	85	270	10	114	655	358876361	358878295	1.58e-158	521
HvCslF10	chr1H	56.872	422	85	174	2	343	759	95243144	95241888	4.16e-158	520
HvCslF10	chr1H	42.593	378	85	182	5	96	473	262443484	262444512	1.02e-79	289
HvCslF10	chr1H	51.055	237	85	111	4	114	346	95244205	95243498	4.07e-67	251
HvCslF10	chr1H	43.243	148	85	51	1	359	473	126048345	126048788	1.66e-34	126
HvCslF10	chr1H	52.273	44	85	18	1	476	516	126048869	126049000	1.66e-34	44.3
HvCslF10	chr1H	80.000	10	85	2	0	318	327	126048202	126048231	1.66e-34	22.7
HvCslF10	chr1H	34.483	203	85	126	2	638	840	358878336	358878923	1.34e-32	144
HvCslF10	chr1H	45.522	134	85	40	1	376	476	126048396	126048797	1.08e-26	125
HvCslF10	chr1H	42.754	138	85	71	3	571	701	126049571	126049981	1.55e-23	114
HvCslF10	chr1H	45.000	120	85	66	0	164	283	126047697	126048056	2.66e-23	114
HvCslF10	chr1H	46.087	115	85	60	1	571	683	262445423	262445767	8.67e-22	108
HvCslF10	chr1H	30.464	151	85	95	3	692	840	126050133	126050561	9.80e-14	82.8
HvCslF10	chr1H	29.870	154	85	93	3	692	840	262445893	262446324	2.23e-13	81.6
HvCslF10	chr6H	34.091	528	82	214	11	114	516	28749341	28750897	5.99e-76	278
HvCslF10	chr6H	46.087	115	82	60	1	571	683	28751470	28751814	5.96e-46	114
HvCslF10	chr6H	30.464	151	82	95	3	692	840	28751936	28752364	5.96e-46	82.4
HvCslF10	chr6H	34.545	55	82	32	1	517	571	28751232	28751384	5.96e-46	36.2
HvCslF10	chr6H	54.545	66	82	30	0	401	466	484751253	484751450	2.50e-19	84.7
HvCslF10	chr6H	62.500	32	82	11	1	371	401	484751062	484751157	2.50e-19	37.4
HvCslF10	chr6H	43.750	96	82	49	1	173	268	484749649	484749921	3.44e-16	90.9
HvCslF10	chr3H	35.505	307	79	152	8	571	840	487045668	487046561	1.82e-43	169
HvCslF10	chr3H	32.143	56	79	32	2	517	571	487045405	487045557	1.82e-43	33.5
HvCslF10	chr3H	25.676	296	79	208	6	478	767	35028275	35029144	1.21e-42	110
HvCslF10	chr3H	36.420	162	79	71	3	341	472	35027685	35028164	1.21e-42	90.1
HvCslF10	chr3H	56.410	78	79	34	0	402	479	487044741	487044974	2.59e-27	107
HvCslF10	chr3H	63.333	30	79	11	0	476	505	487045040	487045129	2.59e-27	42.0
HvCslF10	chr3H	41.739	115	79	67	0	169	283	487043421	487043765	2.90e-20	101
HvCslF10	chr3H	27.273	66	79	28	3	282	347	487043852	487043989	2.90e-20	23.9
HvCslF10	chr3H	35.385	130	79	76	1	145	274	35021892	35022257	4.96e-12	77.0
HvGlb1_EI	chr1H	100.000	309	93	0	0	26	334	396007140	396008066	0.0	585
HvGlb1_EI	chr1H	45.511	323	93	160	7	28	334	445725723	445724755	7.10e-69	239
HvGlb1_EI	chr1H	38.125	320	93	181	10	29	334	469340209	469341159	3.45e-47	177
HvGlb1_EI	chr1H	36.000	325	93	187	10	29	334	27800883	27799915	2.43e-45	171
HvGlb1_EI	chr1H	37.846	325	93	182	10	29	334	27554732	27553761	8.43e-45	170
HvGlb1_EI	chr1H	37.231	325	93	184	10	29	334	28198171	28197200	6.03e-44	167
HvGlb1_EI	chr1H	37.719	342	93	176	12	28	334	509185940	509184921	1.66e-43	166
HvGlb1_EI	chr1H	36.782	348	93	174	13	28	331	509238617	509239654	3.80e-41	159
HvGlb1_EI	chr1H	39.111	225	93	124	7	123	334	27725346	27724672	2.02e-38	133
HvGlb1_EI	chr1H	39.394	99	93	58	2	29	126	27725635	27725342	2.02e-38	51.2
HvGlb1_EI	chr1H	39.111	225	93	124	7	123	334	28399979	28399305	2.05e-38	133
HvGlb1_EI	chr1H	39.394	99	93	58	2	29	126	28400268	28399975	2.05e-38	51.2
HvGlb1_EI	chr1H	38.462	221	93	123	7	127	334	28004273	28003611	4.96e-31	130
HvGlb1_EI	chr1H	32.400	250	93	144	8	100	334	488006400	488005681	1.61e-29	125
HvGlb1_EI	chr7H	91.909	309	93	25	0	26	334	624447437	624446511	1.14e-174	543
HvGlb1_EI	chr7H	39.077	325	93	181	7	27	334	196534297	196533323	1.26e-52	192
HvGlb1_EI	chr7H	39.528	339	93	172	11	28	334	534124625	534125638	4.93e-52	191
HvGlb1_EI	chr7H	39.308	318	93	177	9	31	332	17723899	17724852	8.76e-44	167
HvGlb1_EI	chr7H	34.161	322	93	199	8	26	334	529084784	529085749	1.47e-38	152
HvGlb1_EI	chr7H	40.314	191	93	108	3	24	208	454342269	454342841	4.66e-24	109
HvGlb1_EI	chr3H	66.019	309	94	103	2	28	334	594020555	594019629	2.82e-110	358
HvGlb1_EI	chr3H	66.019	309	94	103	2	28	334	594222247	594223173	3.19e-110	358
HvGlb1_EI	chr3H	53.994	313	94	137	4	25	334	593593106	593594032	4.14e-92	306
HvGlb1_EI	chr3H	52.698	315	94	143	4	25	334	592850236	592849295	3.73e-91	303
HvGlb1_EI	chr3H	53.016	315	94	140	7	25	334	592854403	592853468	7.97e-86	288
HvGlb1_EI	chr3H	51.572	318	94	142	7	25	334	593898223	593897282	1.34e-85	287
HvGlb1_EI	chr3H	51.757	313	94	143	5	26	334	594189740	594190666	2.93e-81	275
HvGlb1_EI	chr3H	49.682	314	94	150	4	26	334	594623765	594622833	3.99e-81	275
HvGlb1_EI	chr3H	51.923	312	94	146	4	25	334	592834624	592833695	2.69e-80	272
HvGlb1_EI	chr3H	50.000	318	94	151	5	22	334	594996573	594995629	3.69e-80	272
HvGlb1_EI	chr3H	50.641	312	94	148	4	26	334	594033950	594034876	5.32e-78	266
HvGlb1_EI	chr3H	49.359	312	94	148	8	30	334	605062458	605061532	2.11e-77	264
HvGlb1_EI	chr3H	52.548	314	94	141	7	26	334	593613841	593614773	3.58e-77	263
HvGlb1_EI	chr3H	50.314	318	94	146	5	26	334	594700431	594699487	4.73e-76	260
HvGlb1_EI	chr3H	47.937	315	94	157	7	26	334	518430638	518429697	6.81e-75	256
HvGlb1_EI	chr3H	37.267	322	94	182	11	30	334	478354659	478355615	1.48e-53	195
HvGlb1_EI	chr3H	36.760	321	94	188	8	27	333	541232240	541231281	7.35e-47	176
HvGlb1_EI	chr3H	38.679	318	94	179	9	28	330	460509240	460510190	5.18e-45	170
HvGlb1_EI	chr3H	39.252	214	94	109	6	100	303	593608843	593609451	2.71e-37	132
HvGlb1_EI	chr3H	50.000	44	94	22	0	25	68	593608611	593608742	2.71e-37	48.5
HvGlb1_EI	chr3H	29.972	357	94	196	12	29	334	604121397	604120336	5.54e-30	127
HvGlb1_EI	chr3H	56.452	62	94	26	1	265	325	593615867	593616052	2.09e-11	71.6
HvGlb1_EI	chr3H	57.143	63	94	27	0	210	272	596811495	596811307	5.12e-11	70.5
HvGlb1_EI	chr5H	42.433	337	92	163	11	28	334	507055689	507056696	3.31e-54	197
HvGlb1_EI	chr5H	40.566	318	92	178	7	28	334	500115535	500114582	6.11e-54	196
HvGlb1_EI	chr5H	37.805	328	92	181	12	29	334	527540230	527541210	4.71e-45	171
HvGlb1_EI	chr5H	37.618	319	92	179	12	29	332	504405469	504404528	4.42e-41	159
HvGlb1_EI	chr5H	34.650	329	92	194	10	27	334	485147954	485146968	5.05e-41	159
HvGlb1_EI	chr5H	40.086	232	92	125	7	114	332	462729870	462730562	8.53e-39	152
HvGlb1_EI	chr5H	31.988	322	92	203	8	29	334	336595176	336596141	1.40e-34	140
HvGlb1_EI	chr5H	36.726	226	92	125	8	114	322	364290	364964	3.18e-29	124
HvGlb1_EI	chr5H	35.242	227	92	126	9	114	322	21254228	21254899	1.18e-28	123
HvGlb1_EI	chr5H	33.473	239	92	142	8	110	334	370223431	370224138	1.57e-28	122
HvGlb1_EI	chr5H	32.766	235	92	143	6	114	334	544290382	544289681	6.77e-27	117
HvGlb1_EI	chr5H	29.252	147	92	98	3	193	334	360109432	360109869	4.25e-19	77.4
HvGlb1_EI	chr5H	33.654	104	92	46	4	111	199	360109164	360109451	4.25e-19	42.4
HvGlb1_EI	chr5H	30.625	160	92	104	4	166	319	21366705	21367181	1.35e-17	90.5
HvGlb1_EI	chr6H	40.867	323	93	175	9	28	334	520801845	520802813	6.33e-52	190
HvGlb1_EI	chr6H	35.350	314	93	189	8	26	325	138966144	138967085	1.22e-47	178
HvGlb1_EI	chr6H	32.362	309	93	196	6	25	322	555233513	555234433	4.11e-38	150
HvGlb1_EI	chr6H	35.242	227	93	134	6	108	322	52478176	52478853	1.14e-31	132
HvGlb1_EI	chr2H	39.017	346	92	171	11	28	334	197949555	197950589	1.69e-49	183
HvGlb1_EI	chr2H	38.506	348	92	168	11	28	334	197643426	197644454	2.83e-45	171
HvGlb1_EI	chr2H	37.539	317	92	183	9	28	330	462118815	462119762	4.04e-45	171
HvGlb1_EI	chr2H	35.404	322	92	192	8	29	334	142055615	142054650	2.77e-41	159
HvGlb1_EI	chr2H	35.625	320	92	185	11	29	330	607778118	607779068	8.24e-37	147
HvGlb1_EI	chr2H	34.169	319	92	193	8	29	330	222154729	222153773	1.83e-28	122
HvGlb1_EI	chr4H	37.299	311	94	178	8	29	322	529081474	529080542	6.90e-45	170
HvGlb1_EI	chr4H	38.485	330	94	184	10	23	334	503939626	503940612	7.44e-43	164
HvGlb1_EI	chr4H	36.709	316	94	184	9	29	331	22416927	22417865	3.04e-40	157
HvGlb1_EI	chr4H	37.460	315	94	182	9	29	334	516739198	516738272	2.05e-38	151
HvGlb1_EI	chr4H	35.494	324	94	180	14	29	330	158412495	158411545	1.33e-36	146
HvGlb1_EI	chr4H	37.117	326	94	189	9	21	330	6412043	6413020	1.65e-33	137
HvGlb1_EI	chr4H	35.294	238	94	138	7	111	333	4907998	4907288	2.20e-24	110
HvGlb1_EI	chr4H	30.841	214	94	138	6	130	334	443929961	443929323	2.01e-20	99.0
HvGlb2_EII	chr7H	99.676	309	99	1	0	4	312	624447437	624446511	0.0	607
HvGlb2_EII	chr7H	39.692	325	99	179	8	5	312	196534297	196533323	5.60e-57	204
HvGlb2_EII	chr7H	40.294	340	99	168	12	6	312	534124625	534125638	3.55e-56	202
HvGlb2_EII	chr7H	38.679	318	99	179	9	9	310	17723899	17724852	2.31e-49	182
HvGlb2_EII	chr7H	33.851	322	99	200	8	4	312	529084784	529085749	3.89e-43	164
HvGlb2_EII	chr7H	42.781	187	99	101	3	6	186	454342281	454342841	1.05e-31	131
HvGlb2_EII	chr1H	91.586	309	99	26	0	4	312	396007140	396008066	7.13e-174	540
HvGlb2_EII	chr1H	47.059	323	99	155	7	6	312	445725723	445724755	1.01e-76	261
HvGlb2_EII	chr1H	36.991	319	99	184	10	8	312	469340212	469341159	5.69e-50	184
HvGlb2_EII	chr1H	39.181	342	99	171	12	6	312	509185940	509184921	7.66e-50	184
HvGlb2_EII	chr1H	36.923	325	99	185	10	7	312	27554732	27553761	6.69e-48	178
HvGlb2_EII	chr1H	36.308	325	99	187	10	7	312	28198171	28197200	4.60e-47	176
HvGlb2_EII	chr1H	37.394	353	99	173	14	6	312	509238617	509239669	2.70e-45	170
HvGlb2_EII	chr1H	35.077	325	99	190	10	7	312	27800883	27799915	2.61e-44	167
HvGlb2_EII	chr1H	38.813	219	99	121	7	107	312	28399961	28399305	1.91e-41	132
HvGlb2_EII	chr1H	38.384	99	99	59	2	7	104	28400268	28399975	1.91e-41	62.4
HvGlb2_EII	chr1H	38.813	219	99	121	7	107	312	27725328	27724672	2.01e-41	132
HvGlb2_EII	chr1H	38.384	99	99	59	2	7	104	27725635	27725342	2.01e-41	62.4
HvGlb2_EII	chr1H	38.914	221	99	122	7	105	312	28004273	28003611	7.83e-36	131
HvGlb2_EII	chr1H	42.000	50	99	27	2	52	100	28004446	28004300	7.83e-36	33.5
HvGlb2_EII	chr1H	30.952	42	99	29	0	7	48	28004580	28004455	7.83e-36	30.8
HvGlb2_EII	chr1H	33.054	239	99	141	8	89	312	488006385	488005681	7.19e-29	122
HvGlb2_EII	chr3H	63.107	309	99	112	2	6	312	594020555	594019629	9.25e-111	358
HvGlb2_EII	chr3H	63.107	309	99	112	2	6	312	594222247	594223173	1.19e-110	358
HvGlb2_EII	chr3H	52.381	315	99	144	4	3	312	592850236	592849295	9.82e-94	310
HvGlb2_EII	chr3H	52.396	313	99	142	4	3	312	593593106	593594032	2.92e-93	308
HvGlb2_EII	chr3H	53.016	315	99	140	6	3	312	592854403	592853468	8.48e-89	296
HvGlb2_EII	chr3H	51.258	318	99	143	7	3	312	593898223	593897282	4.22e-87	291
HvGlb2_EII	chr3H	50.318	314	99	148	4	4	312	594623765	594622833	3.49e-86	288
HvGlb2_EII	chr3H	51.438	313	99	144	5	4	312	594189740	594190666	2.59e-81	274
HvGlb2_EII	chr3H	51.603	312	99	147	4	3	312	592834624	592833695	2.62e-81	274
HvGlb2_EII	chr3H	50.479	313	99	145	7	6	312	594996555	594995629	4.62e-81	273
HvGlb2_EII	chr3H	51.592	314	99	144	6	4	312	593613841	593614773	4.05e-80	271
HvGlb2_EII	chr3H	49.686	318	99	148	5	4	312	594700431	594699487	9.82e-80	270
HvGlb2_EII	chr3H	48.889	315	99	154	7	4	312	518430638	518429697	2.23e-79	268
HvGlb2_EII	chr3H	51.118	313	99	145	5	4	312	594033950	594034876	3.28e-79	268
HvGlb2_EII	chr3H	48.397	312	99	151	8	8	312	605062458	605061532	3.16e-78	265
HvGlb2_EII	chr3H	37.888	322	99	180	11	8	312	478354659	478355615	3.00e-59	211
HvGlb2_EII	chr3H	36.449	321	99	189	8	5	311	541232240	541231281	1.73e-50	185
HvGlb2_EII	chr3H	38.050	318	99	181	9	6	308	460509240	460510190	3.02e-49	182
HvGlb2_EII	chr3H	38.605	215	99	109	6	78	281	593608843	593609451	1.26e-37	125
HvGlb2_EII	chr3H	45.455	44	99	24	0	3	46	593608611	593608742	1.26e-37	43.5
HvGlb2_EII	chr3H	44.118	34	99	18	1	273	305	593609426	593609527	1.26e-37	32.7
HvGlb2_EII	chr3H	29.972	357	99	196	12	7	312	604121397	604120336	1.61e-33	136
HvGlb2_EII	chr3H	55.556	63	99	28	0	188	250	596811495	596811307	2.65e-22	69.3
HvGlb2_EII	chr3H	59.259	54	99	18	2	248	300	596811308	596811156	2.65e-22	60.8
HvGlb2_EII	chr3H	56.452	62	99	26	1	243	303	593615867	593616052	1.83e-11	71.2
HvGlb2_EII	chr5H	41.840	337	99	165	11	6	312	507055689	507056696	4.06e-56	202
HvGlb2_EII	chr5H	39.937	318	99	180	7	6	312	500115535	500114582	4.30e-56	201
HvGlb2_EII	chr5H	37.805	328	99	181	12	7	312	527540230	527541210	2.45e-48	179
HvGlb2_EII	chr5H	36.170	329	99	189	11	5	312	485147954	485146968	3.35e-47	176
HvGlb2_EII	chr5H	38.272	324	99	180	12	2	310	504405484	504404528	4.17e-46	172
HvGlb2_EII	chr5H	32.298	322	99	202	8	7	312	336595176	336596141	3.92e-39	152
HvGlb2_EII	chr5H	38.793	232	99	128	7	92	310	462729870	462730562	5.51e-37	146
HvGlb2_EII	chr5H	33.473	239	99	142	8	88	312	370223431	370224138	3.63e-29	124
HvGlb2_EII	chr5H	33.054	239	99	139	9	92	312	21254228	21254935	5.84e-28	120
HvGlb2_EII	chr5H	35.398	226	99	128	8	92	300	364290	364964	2.56e-27	118
HvGlb2_EII	chr5H	32.068	237	99	142	7	92	312	544290382	544289681	1.02e-26	116
HvGlb2_EII	chr5H	29.932	147	99	97	3	171	312	360109432	360109869	7.29e-19	78.6
HvGlb2_EII	chr5H	34.343	99	99	52	5	89	177	360109164	360109451	7.29e-19	40.0
HvGlb2_EII	chr5H	31.056	161	99	104	5	144	298	21366705	21367184	2.07e-17	89.4
HvGlb2_EII	chr6H	40.248	323	99	177	9	6	312	520801845	520802813	2.62e-55	199
HvGlb2_EII	chr6H	35.350	314	99	189	8	4	303	138966144	138967085	1.50e-50	186
HvGlb2_EII	chr6H	31.068	309	99	200	6	3	300	555233513	555234433	1.63e-38	150
HvGlb2_EII	chr6H	33.054	239	99	147	6	86	312	52478176	52478889	1.68e-30	127
HvGlb2_EII	chr2H	38.728	346	98	172	11	6	312	197949555	197950589	1.15e-51	189
HvGlb2_EII	chr2H	39.481	347	98	166	11	6	312	197643426	197644454	4.39e-50	184
HvGlb2_EII	chr2H	37.421	318	98	182	10	6	308	462118815	462119762	3.52e-49	182
HvGlb2_EII	chr2H	35.404	322	98	192	8	7	312	142055615	142054650	5.40e-46	172
HvGlb2_EII	chr2H	35.625	320	98	185	11	7	308	607778118	607779068	1.49e-39	154
HvGlb2_EII	chr2H	34.483	319	98	192	8	7	308	222154729	222153773	1.40e-30	127
HvGlb2_EII	chr4H	39.091	330	100	182	10	1	312	503939626	503940612	6.55e-47	175
HvGlb2_EII	chr4H	36.334	311	100	181	8	7	300	529081474	529080542	9.80e-47	174
HvGlb2_EII	chr4H	35.873	315	100	188	8	7	309	22416927	22417865	3.76e-44	167
HvGlb2_EII	chr4H	38.730	315	100	178	9	7	312	516739198	516738272	6.68e-44	166
HvGlb2_EII	chr4H	35.185	324	100	181	14	7	308	158412495	158411545	1.08e-38	151
HvGlb2_EII	chr4H	37.224	317	100	184	8	7	308	6412070	6413020	3.36e-38	150
HvGlb2_EII	chr4H	35.000	240	100	136	9	89	311	4907998	4907288	2.01e-23	107
HvGlb2_EII	chr4H	29.907	214	100	140	6	108	312	443929961	443929323	2.73e-19	94.7
