PC	eigenval_v2	eigenval_v3	pct_v2	pct_v3	cum_v2	cum_v3	pct_delta
1	35.1464	22.0733	6.0476	3.803	6.0476	3.803	-2.2446
2	25.0843	17.6857	4.3162	3.0471	10.3638	6.85	-1.2691
3	23.1628	15.292	3.9856	2.6346	14.3493	9.4847	-1.351
4	18.8869	14.0081	3.2498	2.4134	17.5992	11.8981	-0.8364
5	18.3847	13.0062	3.1634	2.2408	20.7626	14.139	-0.9226
6	17.5418	12.59	3.0184	2.1691	23.781	16.3081	-0.8493
7	15.8844	11.8126	2.7332	2.0352	26.5142	18.3433	-0.698
8	14.5094	10.2977	2.4966	1.7742	29.0108	20.1174	-0.7224
9	12.8623	9.81528	2.2132	1.6911	31.224	21.8085	-0.5221
10	12.2593	9.39618	2.1094	1.6189	33.3334	23.4274	-0.4905
11	10.0148	9.01339	1.7232	1.5529	35.0566	24.9803	-0.1703
12	9.60826	8.31839	1.6533	1.4332	36.7099	26.4134	-0.2201
13	9.18161	7.70528	1.5799	1.3275	38.2898	27.741	-0.2524
14	7.81508	7.19061	1.3447	1.2389	39.6345	28.9798	-0.1058
15	7.36424	7.02795	1.2671	1.2108	40.9016	30.1907	-0.0562999999999998
16	7.20931	6.80409	1.2405	1.1723	42.1421	31.3629	-0.0682
17	6.63142	6.59138	1.1411	1.1356	43.2832	32.4986	-0.00550000000000006
18	6.34487	6.25968	1.0917	1.0785	44.3749	33.577	-0.0131999999999999
19	6.25783	5.65928	1.0768	0.975	45.4517	34.5521	-0.1018
20	5.83746	5.50044	1.0044	0.9477	46.4561	35.4997	-0.0567
