flank_bp	flank_kb	trait	n_loci	n_loci_with_genes	n_loci_without_genes	n_genes	n_with_annotation	is_chosen
0	0	betaglucan	11	4	7	7	0	TRUE
0	0	fiber	18	6	12	32	1	TRUE
0	0	protein	2	2	0	6	0	TRUE
0	0	starch	5	3	2	10	2	TRUE
25000	25	betaglucan	11	6	5	18	0	FALSE
25000	25	fiber	18	9	9	42	1	FALSE
25000	25	protein	2	2	0	6	0	FALSE
25000	25	starch	5	5	0	12	2	FALSE
50000	50	betaglucan	11	8	3	26	3	FALSE
50000	50	fiber	18	11	7	49	1	FALSE
50000	50	protein	2	2	0	6	0	FALSE
50000	50	starch	5	5	0	12	2	FALSE
100000	100	betaglucan	11	9	2	47	4	FALSE
100000	100	fiber	18	13	5	55	1	FALSE
100000	100	protein	2	2	0	7	0	FALSE
100000	100	starch	5	5	0	13	2	FALSE
200000	200	betaglucan	11	10	1	67	6	FALSE
200000	200	fiber	18	16	2	96	6	FALSE
200000	200	protein	2	2	0	9	0	FALSE
200000	200	starch	5	5	0	26	5	FALSE
