trait	locus_id	chr	class	lead_SNP	lead_pos	lead_neg_log10p	n_member_SNPs	locus_start	locus_end	span_kb	search_kb
betaglucan	betaglucan_L02	2H	significant_locus	2H:41996626	41996626	7.6023	4	41975107	42016337	41.23	41.231
betaglucan	betaglucan_L04	3H	significant_locus	3H:537247620	537247620	7.1876	59	537170537	537450835	280.298	280.299
betaglucan	betaglucan_L05	4H	significant_locus	4H:34858354	34858354	7.3349	12	34821945	34861659	39.714	39.715
betaglucan	betaglucan_L08	5H	significant_locus	5H:224439424	224439424	6.3553	1	224439424	224439424	0	0.001
betaglucan	betaglucan_L09	6H	significant_locus	6H:475144663	475144663	6.2708	24	475086216	475169766	83.55	83.551
betaglucan	betaglucan_L10	6H	significant_locus	6H:477651616	477651616	6.1919	9	477624949	477652345	27.396	27.397
betaglucan	betaglucan_L11	6H	significant_locus	6H:545947347	545947347	6.1146	1	545947347	545947347	0	0.001
fiber	fiber_L01	1H	significant_locus	1H:329707484	329707484	6.1816	1	329707484	329707484	0	0.001
fiber	fiber_L02	1H	significant_locus	1H:330239605	330239605	6.4843	2	330239605	330241897	2.292	2.293
fiber	fiber_L03	1H	significant_locus	1H:330625182	330625182	6.3071	29	330621329	330726559	105.23	105.231
fiber	fiber_L04	1H	significant_locus	1H:344520079	344520079	6.8521	3	344504256	344548982	44.726	44.727
fiber	fiber_L05	1H	significant_locus	1H:440022799	440022799	6.1584	17	439922568	440032977	110.409	110.41
fiber	fiber_L06	1H	significant_locus	1H:440573355	440573355	6.2189	12	440470102	440573586	103.484	103.485
fiber	fiber_L10	4H	significant_locus	4H:470989624	470989624	6.0644	2	470973654	470989624	15.97	15.971
fiber	fiber_L11	5H	significant_locus	5H:208944021	208944021	6.0799	2	208930405	208944021	13.616	13.617
fiber	fiber_L13	5H	significant_locus	5H:437005013	437005013	6.4594	2	437004771	437005013	0.242	0.243
fiber	fiber_L15	7H	significant_locus	7H:14817657	14817657	6.7984	3	14817010	14820916	3.906	3.907
fiber	fiber_L17	7H	significant_locus	7H:573606306	573606306	7.2451	3	573606306	573606491	0.185	0.186
fiber	fiber_L18	7H	significant_locus	7H:586569512	586569512	6.6754	1	586569512	586569512	0	0.001
starch	starch_L02	3H	significant_locus	3H:530660057	530660057	6.2104	140	530616313	530730463	114.15	114.151
starch	starch_L05	7H	significant_locus	7H:573606460	573606460	6.4367	6	573606282	573607845	1.563	1.564
