canonical_gene	horvu_id	chr	gene_start	gene_end	trait	nearest_lead_SNP	nearest_locus_id	lead_neg_log10p	distance_bp	note	distance_Mb
HvGlb1_EI	HORVU.MOREX.r3.1HG0059470	1H	396004386	396008448	betaglucan	1H:479493867	betaglucan_L01	6.2281	83485419	""	83.5
HvCslF8	HORVU.MOREX.r3.2HG0136570	2H	180218335	180226887	betaglucan	2H:41996626	betaglucan_L02	7.6023	138221709	""	138.2
HvCslF4	HORVU.MOREX.r3.2HG0136610	2H	180621546	180624785	betaglucan	2H:41996626	betaglucan_L02	7.6023	138624920	""	138.6
HvCslF3	HORVU.MOREX.r3.2HG0136670	2H	180699065	180702418	betaglucan	2H:41996626	betaglucan_L02	7.6023	138702439	""	138.7
HvCslF10	HORVU.MOREX.r3.2HG0136680	2H	180929461	180933086	betaglucan	2H:41996626	betaglucan_L02	7.6023	138932835	""	138.9
HvCslF7	HORVU.MOREX.r3.5HG0526760	5H	564286875	564290400	betaglucan	5H:224439424	betaglucan_L08	6.3553	339847451	""	339.8
HvCslF9	HORVU.MOREX.r3.1HG0024140	1H	95241409	95245532	betaglucan	1H:479493867	betaglucan_L01	6.2281	384248335	""	384.2
HvCslH1	HORVU.MOREX.r3.2HG0168310	2H	475735626	475738921	betaglucan	2H:41996626	betaglucan_L02	7.6023	433739000	""	433.7
HvCslF6	HORVU.MOREX.r3.7HG0698110	7H	366737825	366743758	betaglucan					no locus of this trait on this chromosome	
HvGlb2_EII	HORVU.MOREX.r3.7HG0750120	7H	624446253	624450551	betaglucan					no locus of this trait on this chromosome	
HvGlb2_EII	HORVU.MOREX.r3.7HG0750120	7H	624446253	624450551	fiber	7H:586569512	fiber_L18	6.6754	37876741	""	37.9
HvGlb1_EI	HORVU.MOREX.r3.1HG0059470	1H	396004386	396008448	fiber	1H:440022799	fiber_L05	6.1584	44014351	""	44
HvCslF6	HORVU.MOREX.r3.7HG0698110	7H	366737825	366743758	fiber	7H:415651802	fiber_L16	6.4915	48908044	""	48.9
HvCslF7	HORVU.MOREX.r3.5HG0526760	5H	564286875	564290400	fiber	5H:462564771	fiber_L14	6.0506	101722104	""	101.7
HvCslF9	HORVU.MOREX.r3.1HG0024140	1H	95241409	95245532	fiber	1H:329707484	fiber_L01	6.1816	234461952	""	234.5
HvCslF10	HORVU.MOREX.r3.2HG0136680	2H	180929461	180933086	fiber					no locus of this trait on this chromosome	
HvCslF3	HORVU.MOREX.r3.2HG0136670	2H	180699065	180702418	fiber					no locus of this trait on this chromosome	
HvCslF4	HORVU.MOREX.r3.2HG0136610	2H	180621546	180624785	fiber					no locus of this trait on this chromosome	
HvCslF8	HORVU.MOREX.r3.2HG0136570	2H	180218335	180226887	fiber					no locus of this trait on this chromosome	
HvCslH1	HORVU.MOREX.r3.2HG0168310	2H	475735626	475738921	fiber					no locus of this trait on this chromosome	
HvGlb2_EII	HORVU.MOREX.r3.7HG0750120	7H	624446253	624450551	starch	7H:573606460	starch_L05	6.4367	50839793	""	50.8
HvGlb1_EI	HORVU.MOREX.r3.1HG0059470	1H	396004386	396008448	starch	1H:330432546	starch_L01	6.1296	65571840	""	65.6
HvCslF6	HORVU.MOREX.r3.7HG0698110	7H	366737825	366743758	starch	7H:573606460	starch_L05	6.4367	206862702	""	206.9
HvCslF9	HORVU.MOREX.r3.1HG0024140	1H	95241409	95245532	starch	1H:330432546	starch_L01	6.1296	235187014	""	235.2
HvCslF10	HORVU.MOREX.r3.2HG0136680	2H	180929461	180933086	starch					no locus of this trait on this chromosome	
HvCslF3	HORVU.MOREX.r3.2HG0136670	2H	180699065	180702418	starch					no locus of this trait on this chromosome	
HvCslF4	HORVU.MOREX.r3.2HG0136610	2H	180621546	180624785	starch					no locus of this trait on this chromosome	
HvCslF7	HORVU.MOREX.r3.5HG0526760	5H	564286875	564290400	starch					no locus of this trait on this chromosome	
HvCslF8	HORVU.MOREX.r3.2HG0136570	2H	180218335	180226887	starch					no locus of this trait on this chromosome	
HvCslH1	HORVU.MOREX.r3.2HG0168310	2H	475735626	475738921	starch					no locus of this trait on this chromosome	
