gene	trait	n_snps	grid	epsilon	MGmin	testable	n_groups	n_assigned	assign_rate	note
"HORVU.MOREX.r3.1HG0077790"	"betaglucan"	32	"epsilon"	0.2	2	TRUE	4	201	0.693103448275862	"ok"
"HORVU.MOREX.r3.1HG0077790"	"betaglucan"	32	"epsilon"	0.4	2	TRUE	5	182	0.627586206896552	"ok"
"HORVU.MOREX.r3.1HG0077790"	"betaglucan"	32	"epsilon"	0.6	2	TRUE	5	147	0.506896551724138	"ok"
"HORVU.MOREX.r3.1HG0077790"	"betaglucan"	32	"epsilon"	0.8	2	TRUE	6	118	0.406896551724138	"ok"
"HORVU.MOREX.r3.1HG0077790"	"betaglucan"	32	"epsilon"	1	2	TRUE	6	99	0.341379310344828	"ok"
"HORVU.MOREX.r3.3HG0287240"	"betaglucan"	24	"epsilon"	0.2	2	TRUE	2	211	0.727586206896552	"ok"
"HORVU.MOREX.r3.3HG0287240"	"betaglucan"	24	"epsilon"	0.4	2	TRUE	4	205	0.706896551724138	"ok"
"HORVU.MOREX.r3.3HG0287240"	"betaglucan"	24	"epsilon"	0.6	2	TRUE	5	200	0.689655172413793	"ok"
"HORVU.MOREX.r3.3HG0287240"	"betaglucan"	24	"epsilon"	0.8	2	TRUE	5	181	0.624137931034483	"ok"
"HORVU.MOREX.r3.3HG0287240"	"betaglucan"	24	"epsilon"	1	2	TRUE	5	201	0.693103448275862	"ok"
"HORVU.MOREX.r3.3HG0287270"	"betaglucan"	9	"epsilon"	0.2	2	TRUE	2	245	0.844827586206897	"ok"
"HORVU.MOREX.r3.3HG0287270"	"betaglucan"	9	"epsilon"	0.4	2	TRUE	2	246	0.848275862068966	"ok"
"HORVU.MOREX.r3.3HG0287270"	"betaglucan"	9	"epsilon"	0.6	2	TRUE	2	254	0.875862068965517	"ok"
"HORVU.MOREX.r3.3HG0287270"	"betaglucan"	9	"epsilon"	0.8	2	TRUE	2	266	0.917241379310345	"ok"
"HORVU.MOREX.r3.3HG0287270"	"betaglucan"	9	"epsilon"	1	2	FALSE	NA	NA	NA	"no_marker_groups"
"HORVU.MOREX.r3.4HG0341560"	"betaglucan"	13	"epsilon"	0.2	2	TRUE	2	232	0.8	"ok"
"HORVU.MOREX.r3.4HG0341560"	"betaglucan"	13	"epsilon"	0.4	2	TRUE	2	232	0.8	"ok"
"HORVU.MOREX.r3.4HG0341560"	"betaglucan"	13	"epsilon"	0.6	2	TRUE	2	232	0.8	"ok"
"HORVU.MOREX.r3.4HG0341560"	"betaglucan"	13	"epsilon"	0.8	2	TRUE	3	182	0.627586206896552	"ok"
"HORVU.MOREX.r3.4HG0341560"	"betaglucan"	13	"epsilon"	1	2	TRUE	3	169	0.582758620689655	"ok"
"HORVU.MOREX.r3.4HG0395760"	"betaglucan"	0	"epsilon"	0.2	2	FALSE	NA	NA	NA	"no_or_too_few_variants"
"HORVU.MOREX.r3.4HG0395760"	"betaglucan"	0	"epsilon"	0.4	2	FALSE	NA	NA	NA	"no_or_too_few_variants"
"HORVU.MOREX.r3.4HG0395760"	"betaglucan"	0	"epsilon"	0.6	2	FALSE	NA	NA	NA	"no_or_too_few_variants"
"HORVU.MOREX.r3.4HG0395760"	"betaglucan"	0	"epsilon"	0.8	2	FALSE	NA	NA	NA	"no_or_too_few_variants"
"HORVU.MOREX.r3.4HG0395760"	"betaglucan"	0	"epsilon"	1	2	FALSE	NA	NA	NA	"no_or_too_few_variants"
"HORVU.MOREX.r3.4HG0395770"	"betaglucan"	6	"epsilon"	0.2	2	FALSE	NA	NA	NA	"no_marker_groups"
"HORVU.MOREX.r3.4HG0395770"	"betaglucan"	6	"epsilon"	0.4	2	FALSE	NA	NA	NA	"no_marker_groups"
"HORVU.MOREX.r3.4HG0395770"	"betaglucan"	6	"epsilon"	0.6	2	TRUE	2	242	0.83448275862069	"ok"
"HORVU.MOREX.r3.4HG0395770"	"betaglucan"	6	"epsilon"	0.8	2	TRUE	2	242	0.83448275862069	"ok"
"HORVU.MOREX.r3.4HG0395770"	"betaglucan"	6	"epsilon"	1	2	FALSE	NA	NA	NA	"no_marker_groups"
"HORVU.MOREX.r3.4HG0395810"	"betaglucan"	13	"epsilon"	0.2	2	TRUE	2	253	0.872413793103448	"ok"
"HORVU.MOREX.r3.4HG0395810"	"betaglucan"	13	"epsilon"	0.4	2	TRUE	3	201	0.693103448275862	"ok"
"HORVU.MOREX.r3.4HG0395810"	"betaglucan"	13	"epsilon"	0.6	2	TRUE	4	188	0.648275862068966	"ok"
"HORVU.MOREX.r3.4HG0395810"	"betaglucan"	13	"epsilon"	0.8	2	TRUE	4	188	0.648275862068966	"ok"
"HORVU.MOREX.r3.4HG0395810"	"betaglucan"	13	"epsilon"	1	2	TRUE	4	188	0.648275862068966	"ok"
"HORVU.MOREX.r3.3HG0301080"	"fiber"	14	"epsilon"	0.2	2	FALSE	NA	NA	NA	"no_marker_groups"
"HORVU.MOREX.r3.3HG0301080"	"fiber"	14	"epsilon"	0.4	2	FALSE	NA	NA	NA	"no_marker_groups"
"HORVU.MOREX.r3.3HG0301080"	"fiber"	14	"epsilon"	0.6	2	FALSE	NA	NA	NA	"no_marker_groups"
"HORVU.MOREX.r3.3HG0301080"	"fiber"	14	"epsilon"	0.8	2	TRUE	2	253	0.872413793103448	"ok"
"HORVU.MOREX.r3.3HG0301080"	"fiber"	14	"epsilon"	1	2	TRUE	2	268	0.924137931034483	"ok"
"HORVU.MOREX.r3.3HG0301090"	"fiber"	0	"epsilon"	0.2	2	FALSE	NA	NA	NA	"no_or_too_few_variants"
"HORVU.MOREX.r3.3HG0301090"	"fiber"	0	"epsilon"	0.4	2	FALSE	NA	NA	NA	"no_or_too_few_variants"
"HORVU.MOREX.r3.3HG0301090"	"fiber"	0	"epsilon"	0.6	2	FALSE	NA	NA	NA	"no_or_too_few_variants"
"HORVU.MOREX.r3.3HG0301090"	"fiber"	0	"epsilon"	0.8	2	FALSE	NA	NA	NA	"no_or_too_few_variants"
"HORVU.MOREX.r3.3HG0301090"	"fiber"	0	"epsilon"	1	2	FALSE	NA	NA	NA	"no_or_too_few_variants"
"HORVU.MOREX.r3.3HG0301110"	"fiber"	17	"epsilon"	0.2	2	TRUE	3	193	0.66551724137931	"ok"
"HORVU.MOREX.r3.3HG0301110"	"fiber"	17	"epsilon"	0.4	2	TRUE	4	149	0.513793103448276	"ok"
"HORVU.MOREX.r3.3HG0301110"	"fiber"	17	"epsilon"	0.6	2	TRUE	4	149	0.513793103448276	"ok"
"HORVU.MOREX.r3.3HG0301110"	"fiber"	17	"epsilon"	0.8	2	TRUE	4	139	0.479310344827586	"ok"
"HORVU.MOREX.r3.3HG0301110"	"fiber"	17	"epsilon"	1	2	TRUE	4	124	0.427586206896552	"ok"
"HORVU.MOREX.r3.3HG0301130"	"fiber"	20	"epsilon"	0.2	2	TRUE	3	198	0.682758620689655	"ok"
"HORVU.MOREX.r3.3HG0301130"	"fiber"	20	"epsilon"	0.4	2	TRUE	3	198	0.682758620689655	"ok"
"HORVU.MOREX.r3.3HG0301130"	"fiber"	20	"epsilon"	0.6	2	TRUE	3	163	0.562068965517241	"ok"
"HORVU.MOREX.r3.3HG0301130"	"fiber"	20	"epsilon"	0.8	2	TRUE	4	142	0.489655172413793	"ok"
"HORVU.MOREX.r3.3HG0301130"	"fiber"	20	"epsilon"	1	2	TRUE	5	135	0.46551724137931	"ok"
"HORVU.MOREX.r3.3HG0301170"	"fiber"	18	"epsilon"	0.2	2	TRUE	2	234	0.806896551724138	"ok"
"HORVU.MOREX.r3.3HG0301170"	"fiber"	18	"epsilon"	0.4	2	TRUE	4	198	0.682758620689655	"ok"
"HORVU.MOREX.r3.3HG0301170"	"fiber"	18	"epsilon"	0.6	2	TRUE	4	201	0.693103448275862	"ok"
"HORVU.MOREX.r3.3HG0301170"	"fiber"	18	"epsilon"	0.8	2	TRUE	4	201	0.693103448275862	"ok"
"HORVU.MOREX.r3.3HG0301170"	"fiber"	18	"epsilon"	1	2	TRUE	3	170	0.586206896551724	"ok"
"HORVU.MOREX.r3.3HG0301210"	"fiber"	14	"epsilon"	0.2	2	TRUE	3	193	0.66551724137931	"ok"
"HORVU.MOREX.r3.3HG0301210"	"fiber"	14	"epsilon"	0.4	2	TRUE	4	189	0.651724137931034	"ok"
"HORVU.MOREX.r3.3HG0301210"	"fiber"	14	"epsilon"	0.6	2	TRUE	4	187	0.644827586206897	"ok"
"HORVU.MOREX.r3.3HG0301210"	"fiber"	14	"epsilon"	0.8	2	TRUE	4	195	0.672413793103448	"ok"
"HORVU.MOREX.r3.3HG0301210"	"fiber"	14	"epsilon"	1	2	TRUE	4	195	0.672413793103448	"ok"
"HORVU.MOREX.r3.3HG0301250"	"fiber"	47	"epsilon"	0.2	2	TRUE	2	143	0.493103448275862	"ok"
"HORVU.MOREX.r3.3HG0301250"	"fiber"	47	"epsilon"	0.4	2	FALSE	NA	NA	NA	"no_marker_groups"
"HORVU.MOREX.r3.3HG0301250"	"fiber"	47	"epsilon"	0.6	2	FALSE	NA	NA	NA	"no_marker_groups"
"HORVU.MOREX.r3.3HG0301250"	"fiber"	47	"epsilon"	0.8	2	TRUE	2	54	0.186206896551724	"ok"
"HORVU.MOREX.r3.3HG0301250"	"fiber"	47	"epsilon"	1	2	TRUE	2	92	0.317241379310345	"ok"
"HORVU.MOREX.r3.3HG0301260"	"fiber"	11	"epsilon"	0.2	2	TRUE	2	229	0.789655172413793	"ok"
"HORVU.MOREX.r3.3HG0301260"	"fiber"	11	"epsilon"	0.4	2	TRUE	4	187	0.644827586206897	"ok"
"HORVU.MOREX.r3.3HG0301260"	"fiber"	11	"epsilon"	0.6	2	TRUE	4	205	0.706896551724138	"ok"
"HORVU.MOREX.r3.3HG0301260"	"fiber"	11	"epsilon"	0.8	2	FALSE	NA	NA	NA	"no_marker_groups"
"HORVU.MOREX.r3.3HG0301260"	"fiber"	11	"epsilon"	1	2	FALSE	NA	NA	NA	"no_marker_groups"
"HORVU.MOREX.r3.3HG0301270"	"fiber"	1	"epsilon"	0.2	2	FALSE	NA	NA	NA	"no_or_too_few_variants"
"HORVU.MOREX.r3.3HG0301270"	"fiber"	1	"epsilon"	0.4	2	FALSE	NA	NA	NA	"no_or_too_few_variants"
"HORVU.MOREX.r3.3HG0301270"	"fiber"	1	"epsilon"	0.6	2	FALSE	NA	NA	NA	"no_or_too_few_variants"
"HORVU.MOREX.r3.3HG0301270"	"fiber"	1	"epsilon"	0.8	2	FALSE	NA	NA	NA	"no_or_too_few_variants"
"HORVU.MOREX.r3.3HG0301270"	"fiber"	1	"epsilon"	1	2	FALSE	NA	NA	NA	"no_or_too_few_variants"
"HORVU.MOREX.r3.3HG0301300"	"fiber"	54	"epsilon"	0.2	2	TRUE	2	156	0.537931034482759	"ok"
"HORVU.MOREX.r3.3HG0301300"	"fiber"	54	"epsilon"	0.4	2	TRUE	2	91	0.313793103448276	"ok"
"HORVU.MOREX.r3.3HG0301300"	"fiber"	54	"epsilon"	0.6	2	TRUE	3	123	0.424137931034483	"ok"
"HORVU.MOREX.r3.3HG0301300"	"fiber"	54	"epsilon"	0.8	2	TRUE	3	137	0.472413793103448	"ok"
"HORVU.MOREX.r3.3HG0301300"	"fiber"	54	"epsilon"	1	2	TRUE	3	98	0.337931034482759	"ok"
"HORVU.MOREX.r3.3HG0301330"	"fiber"	22	"epsilon"	0.2	2	TRUE	4	197	0.679310344827586	"ok"
"HORVU.MOREX.r3.3HG0301330"	"fiber"	22	"epsilon"	0.4	2	TRUE	4	201	0.693103448275862	"ok"
"HORVU.MOREX.r3.3HG0301330"	"fiber"	22	"epsilon"	0.6	2	TRUE	4	204	0.703448275862069	"ok"
"HORVU.MOREX.r3.3HG0301330"	"fiber"	22	"epsilon"	0.8	2	TRUE	4	166	0.572413793103448	"ok"
"HORVU.MOREX.r3.3HG0301330"	"fiber"	22	"epsilon"	1	2	TRUE	4	175	0.603448275862069	"ok"
"HORVU.MOREX.r3.3HG0301370"	"fiber"	2	"epsilon"	0.2	2	FALSE	NA	NA	NA	"no_marker_groups"
"HORVU.MOREX.r3.3HG0301370"	"fiber"	2	"epsilon"	0.4	2	FALSE	NA	NA	NA	"no_marker_groups"
"HORVU.MOREX.r3.3HG0301370"	"fiber"	2	"epsilon"	0.6	2	FALSE	NA	NA	NA	"no_marker_groups"
"HORVU.MOREX.r3.3HG0301370"	"fiber"	2	"epsilon"	0.8	2	FALSE	NA	NA	NA	"no_marker_groups"
"HORVU.MOREX.r3.3HG0301370"	"fiber"	2	"epsilon"	1	2	FALSE	NA	NA	NA	"no_marker_groups"
"HORVU.MOREX.r3.3HG0301390"	"fiber"	12	"epsilon"	0.2	2	TRUE	2	233	0.803448275862069	"ok"
"HORVU.MOREX.r3.3HG0301390"	"fiber"	12	"epsilon"	0.4	2	TRUE	3	210	0.724137931034483	"ok"
"HORVU.MOREX.r3.3HG0301390"	"fiber"	12	"epsilon"	0.6	2	TRUE	3	205	0.706896551724138	"ok"
"HORVU.MOREX.r3.3HG0301390"	"fiber"	12	"epsilon"	0.8	2	TRUE	3	205	0.706896551724138	"ok"
"HORVU.MOREX.r3.3HG0301390"	"fiber"	12	"epsilon"	1	2	TRUE	3	205	0.706896551724138	"ok"
"HORVU.MOREX.r3.3HG0301400"	"fiber"	44	"epsilon"	0.2	2	TRUE	2	121	0.417241379310345	"ok"
"HORVU.MOREX.r3.3HG0301400"	"fiber"	44	"epsilon"	0.4	2	TRUE	2	114	0.393103448275862	"ok"
"HORVU.MOREX.r3.3HG0301400"	"fiber"	44	"epsilon"	0.6	2	TRUE	2	124	0.427586206896552	"ok"
"HORVU.MOREX.r3.3HG0301400"	"fiber"	44	"epsilon"	0.8	2	TRUE	3	111	0.382758620689655	"ok"
"HORVU.MOREX.r3.3HG0301400"	"fiber"	44	"epsilon"	1	2	TRUE	3	170	0.586206896551724	"ok"
"HORVU.MOREX.r3.3HG0301430"	"fiber"	22	"epsilon"	0.2	2	FALSE	NA	NA	NA	"no_marker_groups"
"HORVU.MOREX.r3.3HG0301430"	"fiber"	22	"epsilon"	0.4	2	TRUE	2	240	0.827586206896552	"ok"
"HORVU.MOREX.r3.3HG0301430"	"fiber"	22	"epsilon"	0.6	2	TRUE	2	245	0.844827586206897	"ok"
"HORVU.MOREX.r3.3HG0301430"	"fiber"	22	"epsilon"	0.8	2	TRUE	4	175	0.603448275862069	"ok"
"HORVU.MOREX.r3.3HG0301430"	"fiber"	22	"epsilon"	1	2	TRUE	5	171	0.589655172413793	"ok"
"HORVU.MOREX.r3.4HG0339140"	"fiber"	24	"epsilon"	0.2	2	TRUE	2	237	0.817241379310345	"ok"
"HORVU.MOREX.r3.4HG0339140"	"fiber"	24	"epsilon"	0.4	2	TRUE	3	221	0.762068965517241	"ok"
"HORVU.MOREX.r3.4HG0339140"	"fiber"	24	"epsilon"	0.6	2	TRUE	5	140	0.482758620689655	"ok"
"HORVU.MOREX.r3.4HG0339140"	"fiber"	24	"epsilon"	0.8	2	TRUE	5	143	0.493103448275862	"ok"
"HORVU.MOREX.r3.4HG0339140"	"fiber"	24	"epsilon"	1	2	TRUE	4	116	0.4	"ok"
"HORVU.MOREX.r3.5HG0471420"	"fiber"	5	"epsilon"	0.2	2	FALSE	NA	NA	NA	"no_marker_groups"
"HORVU.MOREX.r3.5HG0471420"	"fiber"	5	"epsilon"	0.4	2	FALSE	NA	NA	NA	"no_marker_groups"
"HORVU.MOREX.r3.5HG0471420"	"fiber"	5	"epsilon"	0.6	2	TRUE	2	239	0.824137931034483	"ok"
"HORVU.MOREX.r3.5HG0471420"	"fiber"	5	"epsilon"	0.8	2	TRUE	2	239	0.824137931034483	"ok"
"HORVU.MOREX.r3.5HG0471420"	"fiber"	5	"epsilon"	1	2	TRUE	2	239	0.824137931034483	"ok"
"HORVU.MOREX.r3.5HG0471430"	"fiber"	0	"epsilon"	0.2	2	FALSE	NA	NA	NA	"no_or_too_few_variants"
"HORVU.MOREX.r3.5HG0471430"	"fiber"	0	"epsilon"	0.4	2	FALSE	NA	NA	NA	"no_or_too_few_variants"
"HORVU.MOREX.r3.5HG0471430"	"fiber"	0	"epsilon"	0.6	2	FALSE	NA	NA	NA	"no_or_too_few_variants"
"HORVU.MOREX.r3.5HG0471430"	"fiber"	0	"epsilon"	0.8	2	FALSE	NA	NA	NA	"no_or_too_few_variants"
"HORVU.MOREX.r3.5HG0471430"	"fiber"	0	"epsilon"	1	2	FALSE	NA	NA	NA	"no_or_too_few_variants"
"HORVU.MOREX.r3.5HG0471460"	"fiber"	5	"epsilon"	0.2	2	TRUE	2	247	0.851724137931035	"ok"
"HORVU.MOREX.r3.5HG0471460"	"fiber"	5	"epsilon"	0.4	2	TRUE	2	247	0.851724137931035	"ok"
"HORVU.MOREX.r3.5HG0471460"	"fiber"	5	"epsilon"	0.6	2	TRUE	2	247	0.851724137931035	"ok"
"HORVU.MOREX.r3.5HG0471460"	"fiber"	5	"epsilon"	0.8	2	TRUE	2	247	0.851724137931035	"ok"
"HORVU.MOREX.r3.5HG0471460"	"fiber"	5	"epsilon"	1	2	TRUE	2	247	0.851724137931035	"ok"
"HORVU.MOREX.r3.5HG0487000"	"fiber"	3	"epsilon"	0.2	2	FALSE	NA	NA	NA	"no_marker_groups"
"HORVU.MOREX.r3.5HG0487000"	"fiber"	3	"epsilon"	0.4	2	FALSE	NA	NA	NA	"no_marker_groups"
"HORVU.MOREX.r3.5HG0487000"	"fiber"	3	"epsilon"	0.6	2	FALSE	NA	NA	NA	"no_marker_groups"
"HORVU.MOREX.r3.5HG0487000"	"fiber"	3	"epsilon"	0.8	2	FALSE	NA	NA	NA	"no_marker_groups"
"HORVU.MOREX.r3.5HG0487000"	"fiber"	3	"epsilon"	1	2	FALSE	NA	NA	NA	"no_marker_groups"
"HORVU.MOREX.r3.5HG0487010"	"fiber"	4	"epsilon"	0.2	2	FALSE	NA	NA	NA	"no_marker_groups"
"HORVU.MOREX.r3.5HG0487010"	"fiber"	4	"epsilon"	0.4	2	FALSE	NA	NA	NA	"no_marker_groups"
"HORVU.MOREX.r3.5HG0487010"	"fiber"	4	"epsilon"	0.6	2	FALSE	NA	NA	NA	"no_marker_groups"
"HORVU.MOREX.r3.5HG0487010"	"fiber"	4	"epsilon"	0.8	2	FALSE	NA	NA	NA	"no_marker_groups"
"HORVU.MOREX.r3.5HG0487010"	"fiber"	4	"epsilon"	1	2	FALSE	NA	NA	NA	"no_marker_groups"
"HORVU.MOREX.r3.5HG0487030"	"fiber"	15	"epsilon"	0.2	2	FALSE	NA	NA	NA	"no_marker_groups"
"HORVU.MOREX.r3.5HG0487030"	"fiber"	15	"epsilon"	0.4	2	TRUE	2	235	0.810344827586207	"ok"
"HORVU.MOREX.r3.5HG0487030"	"fiber"	15	"epsilon"	0.6	2	TRUE	5	172	0.593103448275862	"ok"
"HORVU.MOREX.r3.5HG0487030"	"fiber"	15	"epsilon"	0.8	2	TRUE	6	148	0.510344827586207	"ok"
"HORVU.MOREX.r3.5HG0487030"	"fiber"	15	"epsilon"	1	2	TRUE	6	167	0.575862068965517	"ok"
"HORVU.MOREX.r3.5HG0487040"	"fiber"	9	"epsilon"	0.2	2	FALSE	NA	NA	NA	"no_marker_groups"
"HORVU.MOREX.r3.5HG0487040"	"fiber"	9	"epsilon"	0.4	2	FALSE	NA	NA	NA	"no_marker_groups"
"HORVU.MOREX.r3.5HG0487040"	"fiber"	9	"epsilon"	0.6	2	TRUE	2	245	0.844827586206897	"ok"
"HORVU.MOREX.r3.5HG0487040"	"fiber"	9	"epsilon"	0.8	2	TRUE	4	217	0.748275862068966	"ok"
"HORVU.MOREX.r3.5HG0487040"	"fiber"	9	"epsilon"	1	2	TRUE	4	216	0.744827586206897	"ok"
"HORVU.MOREX.r3.5HG0487060"	"fiber"	41	"epsilon"	0.2	2	TRUE	2	242	0.83448275862069	"ok"
"HORVU.MOREX.r3.5HG0487060"	"fiber"	41	"epsilon"	0.4	2	TRUE	4	146	0.503448275862069	"ok"
"HORVU.MOREX.r3.5HG0487060"	"fiber"	41	"epsilon"	0.6	2	TRUE	5	107	0.368965517241379	"ok"
"HORVU.MOREX.r3.5HG0487060"	"fiber"	41	"epsilon"	0.8	2	TRUE	4	96	0.331034482758621	"ok"
"HORVU.MOREX.r3.5HG0487060"	"fiber"	41	"epsilon"	1	2	TRUE	4	80	0.275862068965517	"ok"
"HORVU.MOREX.r3.5HG0487070"	"fiber"	8	"epsilon"	0.2	2	FALSE	NA	NA	NA	"no_marker_groups"
"HORVU.MOREX.r3.5HG0487070"	"fiber"	8	"epsilon"	0.4	2	FALSE	NA	NA	NA	"no_marker_groups"
"HORVU.MOREX.r3.5HG0487070"	"fiber"	8	"epsilon"	0.6	2	FALSE	NA	NA	NA	"no_marker_groups"
"HORVU.MOREX.r3.5HG0487070"	"fiber"	8	"epsilon"	0.8	2	FALSE	NA	NA	NA	"no_marker_groups"
"HORVU.MOREX.r3.5HG0487070"	"fiber"	8	"epsilon"	1	2	TRUE	2	253	0.872413793103448	"ok"
"HORVU.MOREX.r3.5HG0487080"	"fiber"	24	"epsilon"	0.2	2	TRUE	3	251	0.86551724137931	"ok"
"HORVU.MOREX.r3.5HG0487080"	"fiber"	24	"epsilon"	0.4	2	TRUE	2	208	0.717241379310345	"ok"
"HORVU.MOREX.r3.5HG0487080"	"fiber"	24	"epsilon"	0.6	2	TRUE	3	172	0.593103448275862	"ok"
"HORVU.MOREX.r3.5HG0487080"	"fiber"	24	"epsilon"	0.8	2	TRUE	3	172	0.593103448275862	"ok"
"HORVU.MOREX.r3.5HG0487080"	"fiber"	24	"epsilon"	1	2	TRUE	5	197	0.679310344827586	"ok"
"HORVU.MOREX.r3.5HG0487090"	"fiber"	13	"epsilon"	0.2	2	FALSE	NA	NA	NA	"no_marker_groups"
"HORVU.MOREX.r3.5HG0487090"	"fiber"	13	"epsilon"	0.4	2	TRUE	2	227	0.782758620689655	"ok"
"HORVU.MOREX.r3.5HG0487090"	"fiber"	13	"epsilon"	0.6	2	TRUE	3	178	0.613793103448276	"ok"
"HORVU.MOREX.r3.5HG0487090"	"fiber"	13	"epsilon"	0.8	2	TRUE	3	178	0.613793103448276	"ok"
"HORVU.MOREX.r3.5HG0487090"	"fiber"	13	"epsilon"	1	2	TRUE	3	160	0.551724137931035	"ok"
"HORVU.MOREX.r3.7HG0703630"	"fiber"	35	"epsilon"	0.2	2	TRUE	2	136	0.468965517241379	"ok"
"HORVU.MOREX.r3.7HG0703630"	"fiber"	35	"epsilon"	0.4	2	TRUE	2	140	0.482758620689655	"ok"
"HORVU.MOREX.r3.7HG0703630"	"fiber"	35	"epsilon"	0.6	2	TRUE	2	149	0.513793103448276	"ok"
"HORVU.MOREX.r3.7HG0703630"	"fiber"	35	"epsilon"	0.8	2	TRUE	3	139	0.479310344827586	"ok"
"HORVU.MOREX.r3.7HG0703630"	"fiber"	35	"epsilon"	1	2	TRUE	3	160	0.551724137931035	"ok"
"HORVU.MOREX.r3.7HG0703650"	"fiber"	1	"epsilon"	0.2	2	FALSE	NA	NA	NA	"no_or_too_few_variants"
"HORVU.MOREX.r3.7HG0703650"	"fiber"	1	"epsilon"	0.4	2	FALSE	NA	NA	NA	"no_or_too_few_variants"
"HORVU.MOREX.r3.7HG0703650"	"fiber"	1	"epsilon"	0.6	2	FALSE	NA	NA	NA	"no_or_too_few_variants"
"HORVU.MOREX.r3.7HG0703650"	"fiber"	1	"epsilon"	0.8	2	FALSE	NA	NA	NA	"no_or_too_few_variants"
"HORVU.MOREX.r3.7HG0703650"	"fiber"	1	"epsilon"	1	2	FALSE	NA	NA	NA	"no_or_too_few_variants"
"HORVU.MOREX.r3.7HG0703660"	"fiber"	4	"epsilon"	0.2	2	FALSE	NA	NA	NA	"no_marker_groups"
"HORVU.MOREX.r3.7HG0703660"	"fiber"	4	"epsilon"	0.4	2	FALSE	NA	NA	NA	"no_marker_groups"
"HORVU.MOREX.r3.7HG0703660"	"fiber"	4	"epsilon"	0.6	2	FALSE	NA	NA	NA	"no_marker_groups"
"HORVU.MOREX.r3.7HG0703660"	"fiber"	4	"epsilon"	0.8	2	TRUE	2	237	0.817241379310345	"ok"
"HORVU.MOREX.r3.7HG0703660"	"fiber"	4	"epsilon"	1	2	TRUE	2	237	0.817241379310345	"ok"
"HORVU.MOREX.r3.7HG0703680"	"fiber"	5	"epsilon"	0.2	2	FALSE	NA	NA	NA	"no_marker_groups"
"HORVU.MOREX.r3.7HG0703680"	"fiber"	5	"epsilon"	0.4	2	FALSE	NA	NA	NA	"no_marker_groups"
"HORVU.MOREX.r3.7HG0703680"	"fiber"	5	"epsilon"	0.6	2	FALSE	NA	NA	NA	"no_marker_groups"
"HORVU.MOREX.r3.7HG0703680"	"fiber"	5	"epsilon"	0.8	2	TRUE	2	244	0.841379310344828	"ok"
"HORVU.MOREX.r3.7HG0703680"	"fiber"	5	"epsilon"	1	2	FALSE	NA	NA	NA	"no_marker_groups"
"HORVU.MOREX.r3.7HG0703720"	"fiber"	2	"epsilon"	0.2	2	FALSE	NA	NA	NA	"no_marker_groups"
"HORVU.MOREX.r3.7HG0703720"	"fiber"	2	"epsilon"	0.4	2	FALSE	NA	NA	NA	"no_marker_groups"
"HORVU.MOREX.r3.7HG0703720"	"fiber"	2	"epsilon"	0.6	2	FALSE	NA	NA	NA	"no_marker_groups"
"HORVU.MOREX.r3.7HG0703720"	"fiber"	2	"epsilon"	0.8	2	FALSE	NA	NA	NA	"no_marker_groups"
"HORVU.MOREX.r3.7HG0703720"	"fiber"	2	"epsilon"	1	2	FALSE	NA	NA	NA	"no_marker_groups"
"HORVU.MOREX.r3.3HG0245470"	"protein"	5	"epsilon"	0.2	2	FALSE	NA	NA	NA	"no_marker_groups"
"HORVU.MOREX.r3.3HG0245470"	"protein"	5	"epsilon"	0.4	2	FALSE	NA	NA	NA	"no_marker_groups"
"HORVU.MOREX.r3.3HG0245470"	"protein"	5	"epsilon"	0.6	2	FALSE	NA	NA	NA	"no_marker_groups"
"HORVU.MOREX.r3.3HG0245470"	"protein"	5	"epsilon"	0.8	2	FALSE	NA	NA	NA	"no_marker_groups"
"HORVU.MOREX.r3.3HG0245470"	"protein"	5	"epsilon"	1	2	TRUE	2	247	0.851724137931035	"ok"
"HORVU.MOREX.r3.3HG0245480"	"protein"	1	"epsilon"	0.2	2	FALSE	NA	NA	NA	"no_or_too_few_variants"
"HORVU.MOREX.r3.3HG0245480"	"protein"	1	"epsilon"	0.4	2	FALSE	NA	NA	NA	"no_or_too_few_variants"
"HORVU.MOREX.r3.3HG0245480"	"protein"	1	"epsilon"	0.6	2	FALSE	NA	NA	NA	"no_or_too_few_variants"
"HORVU.MOREX.r3.3HG0245480"	"protein"	1	"epsilon"	0.8	2	FALSE	NA	NA	NA	"no_or_too_few_variants"
"HORVU.MOREX.r3.3HG0245480"	"protein"	1	"epsilon"	1	2	FALSE	NA	NA	NA	"no_or_too_few_variants"
"HORVU.MOREX.r3.3HG0245510"	"protein"	0	"epsilon"	0.2	2	FALSE	NA	NA	NA	"no_or_too_few_variants"
"HORVU.MOREX.r3.3HG0245510"	"protein"	0	"epsilon"	0.4	2	FALSE	NA	NA	NA	"no_or_too_few_variants"
"HORVU.MOREX.r3.3HG0245510"	"protein"	0	"epsilon"	0.6	2	FALSE	NA	NA	NA	"no_or_too_few_variants"
"HORVU.MOREX.r3.3HG0245510"	"protein"	0	"epsilon"	0.8	2	FALSE	NA	NA	NA	"no_or_too_few_variants"
"HORVU.MOREX.r3.3HG0245510"	"protein"	0	"epsilon"	1	2	FALSE	NA	NA	NA	"no_or_too_few_variants"
"HORVU.MOREX.r3.3HG0245560"	"protein"	0	"epsilon"	0.2	2	FALSE	NA	NA	NA	"no_or_too_few_variants"
"HORVU.MOREX.r3.3HG0245560"	"protein"	0	"epsilon"	0.4	2	FALSE	NA	NA	NA	"no_or_too_few_variants"
"HORVU.MOREX.r3.3HG0245560"	"protein"	0	"epsilon"	0.6	2	FALSE	NA	NA	NA	"no_or_too_few_variants"
"HORVU.MOREX.r3.3HG0245560"	"protein"	0	"epsilon"	0.8	2	FALSE	NA	NA	NA	"no_or_too_few_variants"
"HORVU.MOREX.r3.3HG0245560"	"protein"	0	"epsilon"	1	2	FALSE	NA	NA	NA	"no_or_too_few_variants"
"HORVU.MOREX.r3.3HG0245570"	"protein"	2	"epsilon"	0.2	2	FALSE	NA	NA	NA	"no_marker_groups"
"HORVU.MOREX.r3.3HG0245570"	"protein"	2	"epsilon"	0.4	2	FALSE	NA	NA	NA	"no_marker_groups"
"HORVU.MOREX.r3.3HG0245570"	"protein"	2	"epsilon"	0.6	2	FALSE	NA	NA	NA	"no_marker_groups"
"HORVU.MOREX.r3.3HG0245570"	"protein"	2	"epsilon"	0.8	2	FALSE	NA	NA	NA	"no_marker_groups"
"HORVU.MOREX.r3.3HG0245570"	"protein"	2	"epsilon"	1	2	FALSE	NA	NA	NA	"no_marker_groups"
"HORVU.MOREX.r3.3HG0252010"	"protein"	0	"epsilon"	0.2	2	FALSE	NA	NA	NA	"no_or_too_few_variants"
"HORVU.MOREX.r3.3HG0252010"	"protein"	0	"epsilon"	0.4	2	FALSE	NA	NA	NA	"no_or_too_few_variants"
"HORVU.MOREX.r3.3HG0252010"	"protein"	0	"epsilon"	0.6	2	FALSE	NA	NA	NA	"no_or_too_few_variants"
"HORVU.MOREX.r3.3HG0252010"	"protein"	0	"epsilon"	0.8	2	FALSE	NA	NA	NA	"no_or_too_few_variants"
"HORVU.MOREX.r3.3HG0252010"	"protein"	0	"epsilon"	1	2	FALSE	NA	NA	NA	"no_or_too_few_variants"
"HORVU.MOREX.r3.1HG0049610"	"starch"	12	"epsilon"	0.2	2	FALSE	NA	NA	NA	"no_marker_groups"
"HORVU.MOREX.r3.1HG0049610"	"starch"	12	"epsilon"	0.4	2	TRUE	2	239	0.824137931034483	"ok"
"HORVU.MOREX.r3.1HG0049610"	"starch"	12	"epsilon"	0.6	2	TRUE	3	206	0.710344827586207	"ok"
"HORVU.MOREX.r3.1HG0049610"	"starch"	12	"epsilon"	0.8	2	TRUE	4	188	0.648275862068966	"ok"
"HORVU.MOREX.r3.1HG0049610"	"starch"	12	"epsilon"	1	2	TRUE	4	188	0.648275862068966	"ok"
"HORVU.MOREX.r3.1HG0049620"	"starch"	4	"epsilon"	0.2	2	FALSE	NA	NA	NA	"no_marker_groups"
"HORVU.MOREX.r3.1HG0049620"	"starch"	4	"epsilon"	0.4	2	FALSE	NA	NA	NA	"no_marker_groups"
"HORVU.MOREX.r3.1HG0049620"	"starch"	4	"epsilon"	0.6	2	FALSE	NA	NA	NA	"no_marker_groups"
"HORVU.MOREX.r3.1HG0049620"	"starch"	4	"epsilon"	0.8	2	FALSE	NA	NA	NA	"no_marker_groups"
"HORVU.MOREX.r3.1HG0049620"	"starch"	4	"epsilon"	1	2	TRUE	2	238	0.820689655172414	"ok"
"HORVU.MOREX.r3.3HG0301650"	"starch"	2	"epsilon"	0.2	2	FALSE	NA	NA	NA	"no_marker_groups"
"HORVU.MOREX.r3.3HG0301650"	"starch"	2	"epsilon"	0.4	2	FALSE	NA	NA	NA	"no_marker_groups"
"HORVU.MOREX.r3.3HG0301650"	"starch"	2	"epsilon"	0.6	2	FALSE	NA	NA	NA	"no_marker_groups"
"HORVU.MOREX.r3.3HG0301650"	"starch"	2	"epsilon"	0.8	2	FALSE	NA	NA	NA	"no_marker_groups"
"HORVU.MOREX.r3.3HG0301650"	"starch"	2	"epsilon"	1	2	FALSE	NA	NA	NA	"no_marker_groups"
"HORVU.MOREX.r3.3HG0301700"	"starch"	0	"epsilon"	0.2	2	FALSE	NA	NA	NA	"no_or_too_few_variants"
"HORVU.MOREX.r3.3HG0301700"	"starch"	0	"epsilon"	0.4	2	FALSE	NA	NA	NA	"no_or_too_few_variants"
"HORVU.MOREX.r3.3HG0301700"	"starch"	0	"epsilon"	0.6	2	FALSE	NA	NA	NA	"no_or_too_few_variants"
"HORVU.MOREX.r3.3HG0301700"	"starch"	0	"epsilon"	0.8	2	FALSE	NA	NA	NA	"no_or_too_few_variants"
"HORVU.MOREX.r3.3HG0301700"	"starch"	0	"epsilon"	1	2	FALSE	NA	NA	NA	"no_or_too_few_variants"
"HORVU.MOREX.r3.3HG0301710"	"starch"	16	"epsilon"	0.2	2	FALSE	NA	NA	NA	"no_marker_groups"
"HORVU.MOREX.r3.3HG0301710"	"starch"	16	"epsilon"	0.4	2	TRUE	4	205	0.706896551724138	"ok"
"HORVU.MOREX.r3.3HG0301710"	"starch"	16	"epsilon"	0.6	2	TRUE	4	205	0.706896551724138	"ok"
"HORVU.MOREX.r3.3HG0301710"	"starch"	16	"epsilon"	0.8	2	TRUE	4	137	0.472413793103448	"ok"
"HORVU.MOREX.r3.3HG0301710"	"starch"	16	"epsilon"	1	2	TRUE	4	209	0.720689655172414	"ok"
"HORVU.MOREX.r3.3HG0301720"	"starch"	26	"epsilon"	0.2	2	TRUE	4	200	0.689655172413793	"ok"
"HORVU.MOREX.r3.3HG0301720"	"starch"	26	"epsilon"	0.4	2	TRUE	4	200	0.689655172413793	"ok"
"HORVU.MOREX.r3.3HG0301720"	"starch"	26	"epsilon"	0.6	2	TRUE	4	148	0.510344827586207	"ok"
"HORVU.MOREX.r3.3HG0301720"	"starch"	26	"epsilon"	0.8	2	TRUE	5	130	0.448275862068966	"ok"
"HORVU.MOREX.r3.3HG0301720"	"starch"	26	"epsilon"	1	2	TRUE	4	122	0.420689655172414	"ok"
"HORVU.MOREX.r3.6HG0619800"	"starch"	8	"epsilon"	0.2	2	FALSE	NA	NA	NA	"no_marker_groups"
"HORVU.MOREX.r3.6HG0619800"	"starch"	8	"epsilon"	0.4	2	FALSE	NA	NA	NA	"no_marker_groups"
"HORVU.MOREX.r3.6HG0619800"	"starch"	8	"epsilon"	0.6	2	FALSE	NA	NA	NA	"no_marker_groups"
"HORVU.MOREX.r3.6HG0619800"	"starch"	8	"epsilon"	0.8	2	TRUE	2	243	0.837931034482759	"ok"
"HORVU.MOREX.r3.6HG0619800"	"starch"	8	"epsilon"	1	2	TRUE	3	218	0.751724137931034	"ok"
"HORVU.MOREX.r3.6HG0619810"	"starch"	12	"epsilon"	0.2	2	TRUE	3	189	0.651724137931034	"ok"
"HORVU.MOREX.r3.6HG0619810"	"starch"	12	"epsilon"	0.4	2	TRUE	3	189	0.651724137931034	"ok"
"HORVU.MOREX.r3.6HG0619810"	"starch"	12	"epsilon"	0.6	2	TRUE	3	189	0.651724137931034	"ok"
"HORVU.MOREX.r3.6HG0619810"	"starch"	12	"epsilon"	0.8	2	TRUE	5	147	0.506896551724138	"ok"
"HORVU.MOREX.r3.6HG0619810"	"starch"	12	"epsilon"	1	2	TRUE	5	141	0.486206896551724	"ok"
"HORVU.MOREX.r3.6HG0619820"	"starch"	24	"epsilon"	0.2	2	TRUE	3	203	0.7	"ok"
"HORVU.MOREX.r3.6HG0619820"	"starch"	24	"epsilon"	0.4	2	TRUE	5	146	0.503448275862069	"ok"
"HORVU.MOREX.r3.6HG0619820"	"starch"	24	"epsilon"	0.6	2	TRUE	5	167	0.575862068965517	"ok"
"HORVU.MOREX.r3.6HG0619820"	"starch"	24	"epsilon"	0.8	2	TRUE	4	167	0.575862068965517	"ok"
"HORVU.MOREX.r3.6HG0619820"	"starch"	24	"epsilon"	1	2	FALSE	NA	NA	NA	"no_marker_groups"
"HORVU.MOREX.r3.6HG0619890"	"starch"	3	"epsilon"	0.2	2	FALSE	NA	NA	NA	"no_marker_groups"
"HORVU.MOREX.r3.6HG0619890"	"starch"	3	"epsilon"	0.4	2	FALSE	NA	NA	NA	"no_marker_groups"
"HORVU.MOREX.r3.6HG0619890"	"starch"	3	"epsilon"	0.6	2	FALSE	NA	NA	NA	"no_marker_groups"
"HORVU.MOREX.r3.6HG0619890"	"starch"	3	"epsilon"	0.8	2	FALSE	NA	NA	NA	"no_marker_groups"
"HORVU.MOREX.r3.6HG0619890"	"starch"	3	"epsilon"	1	2	FALSE	NA	NA	NA	"no_marker_groups"
