trait	MGmin	eps	mgroups	sig_kept	hgroups	assigned	unassigned	sizes	kw_p	eta2	delta	status
fiber	2	0.05										ERR:object 'Varfile' not found
fiber	2	0.1	1	0	2	253	37	204|49	0.923793594852178	0	0.0920856955302153	ok
fiber	2	0.15	3	2	4	187	103	125|32|19|11	0.245791444404788	0.00628010011444747	0.749472757793027	ok
fiber	2	0.2	3	2	4	187	103	125|32|19|11	0.245791444404788	0.00628010011444747	0.749472757793027	ok
fiber	2	0.3	3	2	4	187	103	125|32|19|11	0.245791444404788	0.00628010011444747	0.749472757793027	ok
fiber	2	0.4	3	3	4	151	139	99|27|14|11	0.105975513268933	0.0212156997782364	0.800114941369034	ok
fiber	2	0.5	1	0	2	109	181	88|21	0.159715409313161	0.00913007977578885	0.0795978867363224	ok
fiber	2	0.6	1	0	2	109	181	88|21	0.159715409313161	0.00913007977578885	0.0795978867363224	ok
fiber	2	0.7	1	0	2	109	181	88|21	0.159715409313161	0.00913007977578885	0.0795978867363224	ok
fiber	2	0.8	2	0	3	96	194	64|19|13	0.0692199036536417	0.0359240179067106	0.47466719736845	ok
fiber	2	0.9	2	0	3	110	180	75|21|14	0.0391986250869394	0.0418525907871703	0.585114906733309	ok
fiber	2	1	3	0	4	76	214	40|12|12|12	0.10668890180569	0.0431020733652308	0.650983563486022	ok
fiber	2	1.2										ERR:Assigned data `base::sappl
fiber	2	1.5	2	4	3	147	143	108|28|11	0.0512506837024957	0.0273753655627236	0.550701445829231	ok
fiber	3	0.05										ERR:object 'Varfile' not found
fiber	3	0.1										ERR:object 'Varfile' not found
fiber	3	0.15										ERR:object 'Varfile' not found
fiber	3	0.2										ERR:object 'Varfile' not found
fiber	3	0.3										ERR:object 'Varfile' not found
fiber	3	0.4	1	3	2	239	51	203|36	0.0139423396424843	0.0212887327684358	0.441905366930982	ok
fiber	3	0.5	1	3	2	239	51	203|36	0.0139423396424843	0.0212887327684358	0.441905366930982	ok
fiber	3	0.6	1	3	2	239	51	203|36	0.0139423396424843	0.0212887327684358	0.441905366930982	ok
fiber	3	0.7	1	3	2	239	51	203|36	0.0139423396424843	0.0212887327684358	0.441905366930982	ok
fiber	3	0.8	1	3	2	239	51	203|36	0.0139423396424843	0.0212887327684358	0.441905366930982	ok
fiber	3	0.9	1	4	2	246	44	212|34	0.00209465273269725	0.0346913365215098	0.535111356660559	ok
fiber	3	1	1	4	2	246	44	212|34	0.00209465273269725	0.0346913365215098	0.535111356660559	ok
fiber	3	1.2	2	4	3	197	93	113|57|27	0.0611757279642258	0.0184948945363188	0.463603789908104	ok
fiber	3	1.5	2	4	3	231	59	152|52|27	0.0050600421971721	0.0375998285645216	0.622513718351743	ok
starch	2	0.05										ERR:object 'Varfile' not found
starch	2	0.1	1	0	2	253	37	204|49	0.101624815429371	0.00669265975191775	0.341905301583657	ok
starch	2	0.15	3	2	4	187	103	125|32|19|11	0.0947852948515214	0.0184346632251088	0.753131319540355	ok
starch	2	0.2	3	2	4	187	103	125|32|19|11	0.0947852948515214	0.0184346632251088	0.753131319540355	ok
starch	2	0.3	3	2	4	187	103	125|32|19|11	0.0947852948515214	0.0184346632251088	0.753131319540355	ok
starch	2	0.4	3	3	4	151	139	99|27|14|11	0.0575836676181319	0.0306055703165006	0.735282595395615	ok
starch	2	0.5	1	0	2	109	181	88|21	0.360556416287521	0	0.0342212340193797	ok
starch	2	0.6	1	0	2	109	181	88|21	0.360556416287521	0	0.0342212340193797	ok
starch	2	0.7	1	0	2	109	181	88|21	0.360556416287521	0	0.0342212340193797	ok
starch	2	0.8	2	0	3	96	194	64|19|13	0.66033672340354	0	0.515370143863476	ok
starch	2	0.9	2	0	3	110	180	75|21|14	0.578172431803048	0	0.520748942005032	ok
starch	2	1	3	0	4	76	214	40|12|12|12	0.685037028051375	0	0.536609552249457	ok
starch	2	1.2										ERR:Assigned data `base::sappl
starch	2	1.5	2	4	3	147	143	108|28|11	0.045843016137998	0.0289240612731034	0.68358083658627	ok
starch	3	0.05										ERR:object 'Varfile' not found
starch	3	0.1										ERR:object 'Varfile' not found
starch	3	0.15										ERR:object 'Varfile' not found
starch	3	0.2										ERR:object 'Varfile' not found
starch	3	0.3										ERR:object 'Varfile' not found
starch	3	0.4	1	3	2	239	51	203|36	0.00694667339833136	0.0265261852847937	0.448485952484	ok
starch	3	0.5	1	3	2	239	51	203|36	0.00694667339833136	0.0265261852847937	0.448485952484	ok
starch	3	0.6	1	3	2	239	51	203|36	0.00694667339833136	0.0265261852847937	0.448485952484	ok
starch	3	0.7	1	3	2	239	51	203|36	0.00694667339833136	0.0265261852847937	0.448485952484	ok
starch	3	0.8	1	3	2	239	51	203|36	0.00694667339833136	0.0265261852847937	0.448485952484	ok
starch	3	0.9	1	4	2	246	44	212|34	0.00107096765578461	0.0397568426625661	0.559479860465276	ok
starch	3	1	1	4	2	246	44	212|34	0.00107096765578461	0.0397568426625661	0.559479860465276	ok
starch	3	1.2	2	4	3	197	93	113|57|27	0.0459289177833466	0.0214501066312031	0.518488171752024	ok
starch	3	1.5	2	4	3	231	59	152|52|27	0.00678370254482569	0.0350283528774581	0.673553010734461	ok
