serial_no	trait	gene_short	gene_id	chr	gene_start	gene_end	locus_id	lead_SNP	dist_to_lead_bp	n_haplotype_groups	group_sizes	n_ind	kw_p_raw	fdr_q	eta_squared	delta_top_bottom_sd	final_call	annotation_source	annotation_from_check	n_sources_with_call	needs_review_two_calls	call_check1_swissprot	call_check2_interpro	call_check3_nr	trait_candidate_strength	candidate_rationale
1	"starch"	"6HG0619810"	"HORVU.MOREX.r3.6HG0619810"	"6H"	525449046	525450172	"starch_L04"	"6H:525776080"	-325908	3	"103|62|24"	189	1.09664498415856e-11	5.4832249207928e-11	0.260604091594675	1.89972717404452	"uncharacterized (conserved, unnamed)"	"none"	NA	0	FALSE	NA	NA	NA	"no_annotation"	"No call from Swiss-Prot, InterPro or NCBI nr. Cannot be judged on function. Notable because it ranks 1st of 23 by q."
2	"fiber"	"3HG0301210"	"HORVU.MOREX.r3.3HG0301210"	"3H"	544400664	544401257	"fiber_L08"	"3H:544084309"	316355	4	"99|46|30|12"	187	6.02670917602401e-11	1.14507474344456e-09	0.2599714435546	1.80271422112391	"ZMYM1-like, RNase-like domain"	"check2_interpro"	2	1	FALSE	NA	"IPR025398:ZMYM1-like, RNase-like domain"	NA	"unlikely"	"ZMYM1/FAM200 RNase-like domain (PF14291) - a domesticated transposase-derived domain. No functional route to fibre. Flagged because it ranks 2nd of 23 by q."
3	"starch"	"6HG0619820"	"HORVU.MOREX.r3.6HG0619820"	"6H"	525613893	525627862	"starch_L04"	"6H:525776080"	-148218	5	"78|42|20|16|11"	167	5.13036008325974e-10	1.28259002081493e-09	0.279439738482076	2.35991928446785	"Kinesin-like protein KIN-7D, chloroplastic"	"check1_swissprot"	1	2	FALSE	"Kinesin-like protein KIN-7D, chloroplastic"	"IPR001752:Kinesin motor domain; IPR027417:P-loop containing nucleoside triphosphate hydrolase; IPR027640:Kinesin-like protein; IPR019821:Kinesin motor domain, conserved site; IPR036961:Kinesin motor domain superfamily"	NA	"unlikely"	"Kinesin-like protein KIN-7D, chloroplastic (PF00225). A solid identification (82.8% identity, full coverage) of a microtubule motor - a clean example of confident identification without biological candidacy. Only route to starch is via grain size, which is very indirect."
4	"fiber"	"3HG0301330"	"HORVU.MOREX.r3.3HG0301330"	"3H"	545059647	545060882	"fiber_L08"	"3H:544084309"	975338	4	"144|23|22|15"	204	8.07749578043876e-10	7.67362099141682e-09	0.211387803247685	1.75415128445254	"WUSCHEL-related homeobox 9"	"check1_swissprot"	1	2	FALSE	"WUSCHEL-related homeobox 9"	"IPR001356:Homeodomain; IPR009057:Homeodomain-like superfamily; IPR044555:Protein WUSCHEL-like"	NA	"plausible"	"WUSCHEL-related homeobox 9 (WOX9/STIMPY), homeodomain PF00046, 82.9% identity. Developmental regulator, not a cell-wall gene: the route to fibre is indirect, via grain size and shape changing the pericarp:endosperm ratio and hence fibre as a percentage of grain."
5	"fiber"	"3HG0301170"	"HORVU.MOREX.r3.3HG0301170"	"3H"	544208100	544210278	"fiber_L08"	"3H:544084309"	123791	4	"92|61|35|13"	201	7.70074684016632e-08	4.87713966543867e-07	0.167221089854155	1.3424812761802	"SANT/Myb domain; Transcription factors Myb-like; Homeodomain-like superfamily; Myb domain"	"check2_interpro"	2	1	FALSE	NA	"IPR001005:SANT/Myb domain; IPR050560:Transcription factors Myb-like; IPR009057:Homeodomain-like superfamily; IPR017930:Myb domain"	NA	"plausible"	"SANT/Myb DNA-binding domain (PF00249). R2R3-MYBs are the master transcriptional regulators of secondary cell wall biosynthesis (cellulose, xylan, lignin), so the family is a strong prior for a fibre locus. Weak on specificity: Swiss-Prot query coverage is only 33%, so this is a domain-level call, and MYB is a very large family with many unrelated roles."
6	"fiber"	"3HG0301110"	"HORVU.MOREX.r3.3HG0301110"	"3H"	543921029	543922864	"fiber_L07"	"3H:543690146"	230883	4	"65|38|31|15"	149	1.17411085703722e-06	5.26190274950985e-06	0.188507706712621	1.09934576516764	"Nematode resistance protein-like HSPRO1"	"check1_swissprot"	1	2	FALSE	"Nematode resistance protein-like HSPRO1"	"IPR038759:HSPRO1/HSPRO2; IPR009869:Nematode resistance protein-like HSPRO1, N-terminal; IPR037217:Tryptophan/Indoleamine 2,3-dioxygenase-like; IPR009743:Hs1pro-1, C-terminal"	NA	"unlikely"	"Nematode resistance protein-like HSPRO1 (Hs1pro-1). Defence/immunity; no credible route to fibre."
7	"fiber"	"3HG0301300"	"HORVU.MOREX.r3.3HG0301300"	"3H"	545000419	545004865	"fiber_L08"	"3H:544084309"	916110	3	"85|20|18"	123	1.38471124987101e-06	5.26190274950985e-06	0.20816698206514	1.51155036243839	"Glycerol-3-phosphate 2-O-acyltransferase 6"	"check1_swissprot"	1	2	FALSE	"Glycerol-3-phosphate 2-O-acyltransferase 6"	"IPR002123:Phospholipid/glycerol acyltransferase; IPR023214:HAD superfamily; IPR036412:HAD-like superfamily; IPR056462:Glycerol-3-phosphate acyltransferase RAM2/GPAT1-8, HAD-like domain"	NA	"strong"	"GPAT6-type bifunctional glycerol-3-phosphate acyltransferase/phosphatase producing sn-2 monoacylglycerol, the committed step of cutin biosynthesis (GO:0010143 cutin biosynthetic process). Cutin and suberin of the pericarp/testa are recovered in the insoluble-fibre fraction, and tomato GPAT6 is documented to alter epidermal cell-wall properties."
8	"starch"	"3HG0301720"	"HORVU.MOREX.r3.3HG0301720"	"3H"	546479164	546483019	"starch_L03"	"3H:546433616"	45548	4	"86|29|19|14"	148	5.38789636424945e-06	8.97982727374909e-06	0.167941872223784	1.33628018679615	"Calmodulin-binding receptor-like cytoplasmic kinase 1"	"check1_swissprot"	1	2	FALSE	"Calmodulin-binding receptor-like cytoplasmic kinase 1"	"IPR008271:Serine/threonine-protein kinase, active site; IPR017441:Protein kinase, ATP binding site; IPR001245:Serine-threonine/tyrosine-protein kinase, catalytic domain; IPR011009:Protein kinase-like domain superfamily; IPR000719:Protein kinase domain"	NA	"unlikely"	"Calmodulin-binding receptor-like cytoplasmic kinase (CRLK1-like). Cold/Ca2+ signalling; cold does shift starch-sugar partitioning, but the route is long and unspecific."
9	"fiber"	"5HG0487060"	"HORVU.MOREX.r3.5HG0487060"	"5H"	462726793	462731160	"fiber_L14"	"5H:462564771"	162022	5	"36|31|16|14|10"	107	2.35884535726018e-05	7.46967696465725e-05	0.221885114759698	1.40683871517939	"Glucan endo-1,3-beta-glucosidase 5"	"check1_swissprot"	1	2	TRUE	"Glucan endo-1,3-beta-glucosidase 5"	"IPR012946:X8 domain; IPR017853:Glycoside hydrolase superfamily; IPR000490:Glycoside hydrolase family 17; IPR044965:Glycoside hydrolase family 17, plant; IPR061911:Glycosyl hydrolases family 17, conserved site"	NA	"strong"	"GH17 glycoside hydrolase with X8/CBM43 module. Barley's own (1,3;1,4)-beta-glucan endohydrolases EI/EII (HvGlb1, HvGlb2) are GH17 enzymes, so this is the enzyme family that degrades mixed-linkage glucan, the main soluble fibre of the grain. Caveat: step-09 maps HvGlb1 to 1H 396 Mb and HvGlb2 to 7H 624 Mb, so this is an uncharacterised GH17 paralog, not either known endohydrolase; many GH17s are callose (1,3)-glucanases."
10	"fiber"	"4HG0339140"	"HORVU.MOREX.r3.4HG0339140"	"4H"	24791689	24793640	"fiber_L09"	"4H:24707376"	84313	5	"75|23|22|10|10"	140	5.191653528598e-05	0.000140916310061946	0.155052511340146	1.85384313372759	"uncharacterized (conserved, unnamed)"	"none"	NA	0	FALSE	NA	NA	NA	"no_annotation"	"No call from Swiss-Prot, InterPro or NCBI nr, and no Pfam or GO. Cannot be judged on function."
11	"starch"	"3HG0301710"	"HORVU.MOREX.r3.3HG0301710"	"3H"	546473709	546477564	"starch_L03"	"3H:546433616"	40093	4	"137|41|17|10"	205	0.000306343889540315	0.000382929861925394	0.0784126944934966	1.31403600678086	"Probable anion transporter 3, chloroplastic"	"check1_swissprot"	1	2	FALSE	"Probable anion transporter 3, chloroplastic"	"IPR020846:Major facilitator superfamily domain; IPR044777:Solute carrier family 17 member 9-like; IPR036259:MFS transporter superfamily; IPR050382:Vesicular glutamate transporter-like; IPR011701:Major facilitator superfamily"	NA	"strong"	"Plastidic anion/phosphate transporter, PHT4 family (MFS PF07690; GO:0005315 inorganic phosphate transmembrane transporter, GO:0009536 plastid). Pi is the allosteric brake on AGPase, so Pi flux across the plastid envelope sets the rate of starch synthesis; in Arabidopsis, loss of PHT4;2 alters starch accumulation by this route. PARALOG CAVEAT: the Swiss-Prot hit is Q8W0H5 rice PHT4;3 (84.2% id, 99.8% cov) and the GFF projects from AT3G46980 = Arabidopsis PHT4;3, whereas the starch phenotype is documented for PHT4;2 (AT2G38060) - so the mechanism is a family-level inference, not established for this paralog, and PHT4 substrates are not uniform (PHT4;4 is an ascorbate transporter). Defensible claim: a plastid-localised anion/phosphate transporter at a starch locus. Also the one gene of the original curated four (PHT) that survived the FLANK_BP=0 tightening."
12	"fiber"	"3HG0301260"	"HORVU.MOREX.r3.3HG0301260"	"3H"	544955603	544955878	"fiber_L08"	"3H:544084309"	871294	4	"144|37|12|12"	205	0.000178926332475371	0.000424950039629007	0.0840276859044025	1.43467220089999	"Retrovirus-related Pol polyprotein from transposon TNT 1-94"	"check1_swissprot"	1	2	TRUE	"Retrovirus-related Pol polyprotein from transposon TNT 1-94"	"IPR013103:Reverse transcriptase, RNA-dependent DNA polymerase"	NA	"unlikely"	"Retrovirus-related Pol polyprotein from transposon TNT 1-94; reverse transcriptase (PF07727). A retroelement, not a trait gene."
13	"fiber"	"5HG0487090"	"HORVU.MOREX.r3.5HG0487090"	"5H"	462833801	462835094	"fiber_L14"	"5H:462564771"	269030	3	"99|68|11"	178	0.00100776295022526	0.00212749956158666	0.0674288263476196	0.77610985821446	"Tuliposide A-converting enzyme 1, chloroplastic"	"check1_swissprot"	1	2	TRUE	"Tuliposide A-converting enzyme 1, chloroplastic"	"IPR050466:Carboxylesterases/Gibberellin receptors; IPR029058:Alpha/Beta hydrolase fold; IPR013094:Alpha/beta hydrolase fold-3"	NA	"plausible"	"Carboxylesterase, alpha/beta hydrolase fold (PF07859). The fold family does contain cell-wall esterases (cutinases, pectin acetylesterases, GDSL lipases). But the Swiss-Prot hit is a tulip-specific tuliposide-converting enzyme at 46% identity, i.e. effectively 'some esterase', and it sits in the same locus (fiber_L14) as the GH17 above, so LD hitch-hiking is the simpler explanation."
14	"betaglucan"	"3HG0287270"	"HORVU.MOREX.r3.3HG0287270"	"3H"	475976742	475977341	"betaglucan_L03"	"3H:475967335"	9407	2	"182|72"	254	0.000618445282144717	0.00219386955103461	0.0425381810090683	0.520972799489172	"RING-H2 finger protein ATL67"	"check1_swissprot"	1	2	FALSE	"RING-H2 finger protein ATL67"	"IPR001841:Zinc finger, RING-type; IPR013083:Zinc finger, RING/FYVE/PHD-type; IPR044289:RING-H2 finger protein ATL67-70"	NA	"unlikely"	"RING-H2 finger E3 ubiquitin ligase, ATL family. Broad regulatory family; no specific beta-glucan connection."
15	"betaglucan"	"3HG0287240"	"HORVU.MOREX.r3.3HG0287240"	"3H"	475865688	475866452	"betaglucan_L03"	"3H:475967335"	-100883	5	"84|35|34|33|14"	200	0.00073128985034487	0.00219386955103461	0.077739807545402	1.0498616284941	"Late embryogenesis abundant protein, LEA_2 subgroup; Late embryogenesis abundant protein Lea14-like_2"	"check2_interpro"	2	1	FALSE	NA	"IPR004864:Late embryogenesis abundant protein, LEA_2 subgroup; IPR055301:Late embryogenesis abundant protein Lea14-like_2"	NA	"unlikely"	"Late embryogenesis abundant protein, LEA_2/Lea14-like (PF03168, WHy domain). Abundant seed maturation/desiccation protein; no route to beta-glucan beyond general grain maturation timing."
16	"betaglucan"	"4HG0395810"	"HORVU.MOREX.r3.4HG0395810"	"4H"	528409135	528411651	"betaglucan_L07"	"4H:528254769"	154366	4	"107|43|27|11"	188	0.00292864660231596	0.00585729320463191	0.0596891781331824	1.07293639591412	"MA3 DOMAIN-CONTAINING TRANSLATION REGULATORY FACTOR 2"	"check1_swissprot"	1	2	FALSE	"MA3 DOMAIN-CONTAINING TRANSLATION REGULATORY FACTOR 2"	"IPR003891:Initiation factor eIF-4 gamma, MA3; IPR016024:Armadillo-type fold; IPR039778:Programmed cell death protein 4"	NA	"unlikely"	"MA3 domain translation regulatory factor (PDCD4/eIF4G-related, PF02847). Translational regulation; generic."
17	"betaglucan"	"1HG0077790"	"HORVU.MOREX.r3.1HG0077790"	"1H"	479501918	479505184	"betaglucan_L01"	"1H:479493867"	8051	5	"40|40|37|16|14"	147	0.0118352793798708	0.0177529190698061	0.0625928308780249	0.787477559860622	"Calcium-transporting ATPase 7, plasma membrane-type"	"check1_swissprot"	1	2	FALSE	"Calcium-transporting ATPase 7, plasma membrane-type"	"IPR001757:P-type ATPase; IPR018303:P-type ATPase, phosphorylation site; IPR004014:Cation-transporting P-type ATPase, N-terminal; IPR023298:P-type ATPase, transmembrane domain superfamily; IPR059000:P-type ATPase, A domain; IPR023299:P-type ATPase, cytoplasmic domain N; IPR008250:P-type ATPase, A domain superfamily; IPR006408:P-type ATPase, subfamily IIB; IPR044492:P-type ATPase, haloacid dehalogenase domain; IPR023214:HAD superfamily; IPR006068:Cation-transporting P-type ATPase, C-terminal; IPR036412:HAD-like superfamily"	NA	"plausible"	"Plasma-membrane-type Ca2+-transporting ATPase (ACA/P2B), 80.3% identity, full-length coverage. CslF/CslH synthesise (1,3;1,4)-beta-glucan in the Golgi and glycosyltransferases are divalent-cation dependent, so secretory-compartment ion homeostasis is a real but entirely generic mechanism. Nothing specific to beta-glucan."
18	"betaglucan"	"4HG0341560"	"HORVU.MOREX.r3.4HG0341560"	"4H"	34974960	34976804	"betaglucan_L06"	"4H:34971609"	3351	2	"215|17"	232	0.0158737394881782	0.0190484873858138	0.0209426374313756	0.577435551673541	"Protein VERNALIZATION 3"	"check1_swissprot"	1	2	TRUE	"Protein VERNALIZATION 3"	"IPR035810:Phosphatidylethanolamine-binding protein, eukaryotic; IPR036610:PEBP-like superfamily; IPR008914:Phosphatidylethanolamine-binding protein; IPR001858:Phosphatidylethanolamine-binding, conserved site"	NA	"plausible"	"PEBP-family protein (PF01161). Route is phenological, not biochemical: flowering date sets the temperature and water regime during grain filling, and warm dry filling raises barley grain beta-glucan while cool wet filling lowers it. A credible pleiotropic hit in a wild panel spanning a climate cline. Note the Swiss-Prot name VERNALIZATION 3 only means nearest curated PEBP; true VRN3/HvFT1 is on 7H, not 4H."
19	"betaglucan"	"4HG0395770"	"HORVU.MOREX.r3.4HG0395770"	"4H"	528384420	528390071	"betaglucan_L07"	"4H:528254769"	129651	2	"197|45"	242	0.0195217422075336	0.0195217422075336	0.0185590169190391	0.383970805407592	"SIL1/FES1/HPBP1; Armadillo-like helical"	"check2_interpro"	2	1	FALSE	NA	"IPR050693:SIL1/FES1/HPBP1; IPR011989:Armadillo-like helical"	NA	"unlikely"	"SIL1/FES1 nucleotide-exchange factor for BiP, ER (GO:0005783). Secretory-pathway chaperone cofactor; generic housekeeping."
20	"starch"	"1HG0049610"	"HORVU.MOREX.r3.1HG0049610"	"1H"	330388377	330391834	"starch_L01"	"1H:330432546"	-40712	3	"108|73|25"	206	0.0256545843733683	0.0256545843733683	0.0262367782791009	0.581928974101874	"SH3 domain-containing protein 2"	"check1_swissprot"	1	2	FALSE	"SH3 domain-containing protein 2"	"IPR050384:Endophilin/SH3RF; IPR036028:SH3-like domain superfamily; IPR001452:SH3 domain; IPR027267:AH/BAR domain superfamily"	NA	"unlikely"	"SH3 domain-containing protein 2 (SH3P2-like). Clathrin-mediated endocytosis and autophagosome formation; autophagy touches starch turnover only distantly."
21	"fiber"	"7HG0703630"	"HORVU.MOREX.r3.7HG0703630"	"7H"	415447119	415448694	"fiber_L16"	"7H:415651802"	-203108	2	"129|20"	149	0.0136315824185979	0.0259000065953361	0.0345934714971258	0.559114519594439	"L-type lectin-domain containing receptor kinase IX.1"	"check1_swissprot"	1	2	FALSE	"L-type lectin-domain containing receptor kinase IX.1"	"IPR000719:Protein kinase domain; IPR001220:Legume lectin domain; IPR011009:Protein kinase-like domain superfamily; IPR008271:Serine/threonine-protein kinase, active site; IPR017441:Protein kinase, ATP binding site; IPR013320:Concanavalin A-like lectin/glucanase domain superfamily; IPR050528:L-type Lectin-Domain Containing Receptor Kinases"	NA	"unlikely"	"L-type lectin-domain receptor kinase IX.1. LecRKs do participate in cell-wall-integrity sensing, but the link is generic and the identification is 46.9% identity."
22	"fiber"	"3HG0301390"	"HORVU.MOREX.r3.3HG0301390"	"3H"	545405977	545407403	"fiber_L08"	"3H:544084309"	1321668	3	"107|83|15"	205	0.0206732388221401	0.0357083216018784	0.0285041111449101	0.485563757006024	"C2 domain; C2 domain superfamily; SRC2/BAP, C2 domain"	"check2_interpro"	2	1	FALSE	NA	"IPR000008:C2 domain; IPR035892:C2 domain superfamily; IPR044750:SRC2/BAP, C2 domain"	NA	"unlikely"	"C2 domain, SRC2/BAP type (PF00168), GO:0006952 defence response. Ca2+-dependent membrane binding in defence signalling; generic."
23	"fiber"	"3HG0301400"	"HORVU.MOREX.r3.3HG0301400"	"3H"	545421099	545423396	"fiber_L08"	"3H:544084309"	1336790	2	"104|20"	124	0.0287017243494827	0.0454443968866809	0.0310279949558636	0.569228448587298	"Pentatricopeptide repeat-containing protein At2g41080"	"check1_swissprot"	1	2	FALSE	"Pentatricopeptide repeat-containing protein At2g41080"	"IPR002885:Pentatricopeptide repeat; IPR011990:Tetratricopeptide-like helical domain superfamily; IPR032867:DYW domain; IPR046960:Pentatricopeptide repeat-containing protein At4g14850-like, plant; IPR046848:E motif"	NA	"unlikely"	"Pentatricopeptide repeat / DYW protein. Organellar RNA editing; no credible route to grain fibre."
