gene_id	trait	trait_candidate_strength	candidate_rationale
HORVU.MOREX.r3.5HG0487060	fiber	strong	GH17 glycoside hydrolase with X8/CBM43 module. Barley's own (1,3;1,4)-beta-glucan endohydrolases EI/EII (HvGlb1, HvGlb2) are GH17 enzymes, so this is the enzyme family that degrades mixed-linkage glucan, the main soluble fibre of the grain. Caveat: step-09 maps HvGlb1 to 1H 396 Mb and HvGlb2 to 7H 624 Mb, so this is an uncharacterised GH17 paralog, not either known endohydrolase; many GH17s are callose (1,3)-glucanases.
HORVU.MOREX.r3.3HG0301710	starch	strong	Plastidic anion/phosphate transporter, PHT4 family (MFS PF07690; GO:0005315 inorganic phosphate transmembrane transporter, GO:0009536 plastid). Pi is the allosteric brake on AGPase, so Pi flux across the plastid envelope sets the rate of starch synthesis; in Arabidopsis, loss of PHT4;2 alters starch accumulation by this route. PARALOG CAVEAT: the Swiss-Prot hit is Q8W0H5 rice PHT4;3 (84.2% id, 99.8% cov) and the GFF projects from AT3G46980 = Arabidopsis PHT4;3, whereas the starch phenotype is documented for PHT4;2 (AT2G38060) - so the mechanism is a family-level inference, not established for this paralog, and PHT4 substrates are not uniform (PHT4;4 is an ascorbate transporter). Defensible claim: a plastid-localised anion/phosphate transporter at a starch locus. Also the one gene of the original curated four (PHT) that survived the FLANK_BP=0 tightening.
HORVU.MOREX.r3.3HG0301300	fiber	strong	GPAT6-type bifunctional glycerol-3-phosphate acyltransferase/phosphatase producing sn-2 monoacylglycerol, the committed step of cutin biosynthesis (GO:0010143 cutin biosynthetic process). Cutin and suberin of the pericarp/testa are recovered in the insoluble-fibre fraction, and tomato GPAT6 is documented to alter epidermal cell-wall properties.
HORVU.MOREX.r3.3HG0301170	fiber	plausible	SANT/Myb DNA-binding domain (PF00249). R2R3-MYBs are the master transcriptional regulators of secondary cell wall biosynthesis (cellulose, xylan, lignin), so the family is a strong prior for a fibre locus. Weak on specificity: Swiss-Prot query coverage is only 33%, so this is a domain-level call, and MYB is a very large family with many unrelated roles.
HORVU.MOREX.r3.3HG0301330	fiber	plausible	WUSCHEL-related homeobox 9 (WOX9/STIMPY), homeodomain PF00046, 82.9% identity. Developmental regulator, not a cell-wall gene: the route to fibre is indirect, via grain size and shape changing the pericarp:endosperm ratio and hence fibre as a percentage of grain.
HORVU.MOREX.r3.4HG0341560	betaglucan	plausible	PEBP-family protein (PF01161). Route is phenological, not biochemical: flowering date sets the temperature and water regime during grain filling, and warm dry filling raises barley grain beta-glucan while cool wet filling lowers it. A credible pleiotropic hit in a wild panel spanning a climate cline. Note the Swiss-Prot name VERNALIZATION 3 only means nearest curated PEBP; true VRN3/HvFT1 is on 7H, not 4H.
HORVU.MOREX.r3.1HG0077790	betaglucan	plausible	Plasma-membrane-type Ca2+-transporting ATPase (ACA/P2B), 80.3% identity, full-length coverage. CslF/CslH synthesise (1,3;1,4)-beta-glucan in the Golgi and glycosyltransferases are divalent-cation dependent, so secretory-compartment ion homeostasis is a real but entirely generic mechanism. Nothing specific to beta-glucan.
HORVU.MOREX.r3.5HG0487090	fiber	plausible	Carboxylesterase, alpha/beta hydrolase fold (PF07859). The fold family does contain cell-wall esterases (cutinases, pectin acetylesterases, GDSL lipases). But the Swiss-Prot hit is a tulip-specific tuliposide-converting enzyme at 46% identity, i.e. effectively 'some esterase', and it sits in the same locus (fiber_L14) as the GH17 above, so LD hitch-hiking is the simpler explanation.
HORVU.MOREX.r3.3HG0301210	fiber	unlikely	ZMYM1/FAM200 RNase-like domain (PF14291) - a domesticated transposase-derived domain. No functional route to fibre. Flagged because it ranks 2nd of 23 by q.
HORVU.MOREX.r3.3HG0301260	fiber	unlikely	Retrovirus-related Pol polyprotein from transposon TNT 1-94; reverse transcriptase (PF07727). A retroelement, not a trait gene.
HORVU.MOREX.r3.3HG0301400	fiber	unlikely	Pentatricopeptide repeat / DYW protein. Organellar RNA editing; no credible route to grain fibre.
HORVU.MOREX.r3.3HG0301110	fiber	unlikely	Nematode resistance protein-like HSPRO1 (Hs1pro-1). Defence/immunity; no credible route to fibre.
HORVU.MOREX.r3.3HG0301390	fiber	unlikely	C2 domain, SRC2/BAP type (PF00168), GO:0006952 defence response. Ca2+-dependent membrane binding in defence signalling; generic.
HORVU.MOREX.r3.7HG0703630	fiber	unlikely	L-type lectin-domain receptor kinase IX.1. LecRKs do participate in cell-wall-integrity sensing, but the link is generic and the identification is 46.9% identity.
HORVU.MOREX.r3.6HG0619820	starch	unlikely	Kinesin-like protein KIN-7D, chloroplastic (PF00225). A solid identification (82.8% identity, full coverage) of a microtubule motor - a clean example of confident identification without biological candidacy. Only route to starch is via grain size, which is very indirect.
HORVU.MOREX.r3.3HG0301720	starch	unlikely	Calmodulin-binding receptor-like cytoplasmic kinase (CRLK1-like). Cold/Ca2+ signalling; cold does shift starch-sugar partitioning, but the route is long and unspecific.
HORVU.MOREX.r3.1HG0049610	starch	unlikely	SH3 domain-containing protein 2 (SH3P2-like). Clathrin-mediated endocytosis and autophagosome formation; autophagy touches starch turnover only distantly.
HORVU.MOREX.r3.3HG0287240	betaglucan	unlikely	Late embryogenesis abundant protein, LEA_2/Lea14-like (PF03168, WHy domain). Abundant seed maturation/desiccation protein; no route to beta-glucan beyond general grain maturation timing.
HORVU.MOREX.r3.3HG0287270	betaglucan	unlikely	RING-H2 finger E3 ubiquitin ligase, ATL family. Broad regulatory family; no specific beta-glucan connection.
HORVU.MOREX.r3.4HG0395770	betaglucan	unlikely	SIL1/FES1 nucleotide-exchange factor for BiP, ER (GO:0005783). Secretory-pathway chaperone cofactor; generic housekeeping.
HORVU.MOREX.r3.4HG0395810	betaglucan	unlikely	MA3 domain translation regulatory factor (PDCD4/eIF4G-related, PF02847). Translational regulation; generic.
HORVU.MOREX.r3.6HG0619810	starch	no_annotation	No call from Swiss-Prot, InterPro or NCBI nr. Cannot be judged on function. Notable because it ranks 1st of 23 by q.
HORVU.MOREX.r3.4HG0339140	fiber	no_annotation	No call from Swiss-Prot, InterPro or NCBI nr, and no Pfam or GO. Cannot be judged on function.
