season	trait	analysis	block_a	block_b	n	r	ci_low	ci_high	p
2019	Protein	raw	1	2	284	0.343	0.236	0.441	3.05e-09
2019	Protein	raw	1	3	283	0.426	0.326	0.517	6.53e-14
2019	Protein	raw	1	4	284	0.327	0.219	0.427	1.62e-08
2019	Protein	raw	2	3	287	0.359	0.254	0.456	3.72e-10
2019	Protein	raw	2	4	288	0.36	0.256	0.457	2.91e-10
2019	Protein	raw	3	4	287	0.368	0.264	0.464	1.22e-10
2020	Protein	raw	1	2	285	0.422	0.321	0.513	1.05e-13
2020	Protein	raw	1	3	283	0.363	0.257	0.46	3.19e-10
2020	Protein	raw	1	4	279	0.421	0.319	0.513	2.18e-13
2020	Protein	raw	2	3	285	0.409	0.307	0.501	6.73e-13
2020	Protein	raw	2	4	281	0.362	0.256	0.46	3.87e-10
2020	Protein	raw	3	4	279	0.444	0.344	0.534	6.72e-15
2021	Protein	raw	1	2	176	0.3	0.16	0.429	5.1e-05
2021	Protein	raw	1	3	198	0.331	0.201	0.45	1.92e-06
2021	Protein	raw	1	4	185	0.16	0.017	0.298	0.0291
2021	Protein	raw	1	5	171	0.267	0.122	0.401	0.000412
2021	Protein	raw	2	3	198	0.199	0.061	0.329	0.00493
2021	Protein	raw	2	4	188	0.303	0.168	0.428	2.31e-05
2021	Protein	raw	2	5	175	0.316	0.176	0.444	2.05e-05
2021	Protein	raw	3	4	223	0.242	0.114	0.362	0.000268
2021	Protein	raw	3	5	207	0.29	0.16	0.41	2.21e-05
2021	Protein	raw	4	5	196	0.137	-0.003	0.272	0.0554
2019	Protein	sd3	1	2	283	0.329	0.221	0.429	1.46e-08
2019	Protein	sd3	1	3	282	0.403	0.3	0.496	2.08e-12
2019	Protein	sd3	1	4	283	0.305	0.196	0.407	1.63e-07
2019	Protein	sd3	2	3	287	0.359	0.254	0.456	3.72e-10
2019	Protein	sd3	2	4	288	0.36	0.256	0.457	2.91e-10
2019	Protein	sd3	3	4	287	0.368	0.264	0.464	1.22e-10
2020	Protein	sd3	1	2	285	0.422	0.321	0.513	1.05e-13
2020	Protein	sd3	1	3	283	0.363	0.257	0.46	3.19e-10
2020	Protein	sd3	1	4	279	0.421	0.319	0.513	2.18e-13
2020	Protein	sd3	2	3	285	0.409	0.307	0.501	6.73e-13
2020	Protein	sd3	2	4	281	0.362	0.256	0.46	3.87e-10
2020	Protein	sd3	3	4	279	0.444	0.344	0.534	6.72e-15
2021	Protein	sd3	1	2	173	0.368	0.232	0.49	6.21e-07
2021	Protein	sd3	1	3	194	0.294	0.16	0.418	3.18e-05
2021	Protein	sd3	1	4	180	0.377	0.244	0.496	1.79e-07
2021	Protein	sd3	1	5	168	0.306	0.162	0.437	5.41e-05
2021	Protein	sd3	2	3	194	0.171	0.031	0.305	0.017
2021	Protein	sd3	2	4	183	0.462	0.34	0.569	4.4e-11
2021	Protein	sd3	2	5	173	0.335	0.195	0.461	6.67e-06
2021	Protein	sd3	3	4	215	0.378	0.257	0.487	1.07e-08
2021	Protein	sd3	3	5	202	0.328	0.199	0.446	1.83e-06
2021	Protein	sd3	4	5	193	0.361	0.231	0.478	2.55e-07
2019	Starch	raw	1	2	284	0.586	0.504	0.658	1.29e-27
2019	Starch	raw	1	3	283	0.594	0.513	0.665	2.27e-28
2019	Starch	raw	1	4	284	0.503	0.41	0.585	1.37e-19
2019	Starch	raw	2	3	287	0.524	0.434	0.603	1.26e-21
2019	Starch	raw	2	4	288	0.497	0.405	0.58	2.06e-19
2019	Starch	raw	3	4	287	0.461	0.364	0.547	1.78e-16
2020	Starch	raw	1	2	285	0.644	0.571	0.707	8.64e-35
2020	Starch	raw	1	3	283	0.64	0.565	0.704	5.4e-34
2020	Starch	raw	1	4	279	0.654	0.582	0.717	1.75e-35
2020	Starch	raw	2	3	285	0.652	0.579	0.714	7.58e-36
2020	Starch	raw	2	4	281	0.644	0.57	0.708	2.24e-34
2020	Starch	raw	3	4	279	0.591	0.509	0.663	1.08e-27
2021	Starch	raw	1	2	176	0.511	0.393	0.613	4.12e-13
2021	Starch	raw	1	3	198	0.551	0.446	0.641	4.2e-17
2021	Starch	raw	1	4	185	0.504	0.388	0.604	2.64e-13
2021	Starch	raw	1	5	171	0.42	0.289	0.537	1.03e-08
2021	Starch	raw	2	3	198	0.469	0.352	0.571	3.27e-12
2021	Starch	raw	2	4	188	0.529	0.418	0.625	5.75e-15
2021	Starch	raw	2	5	175	0.521	0.403	0.621	1.51e-13
2021	Starch	raw	3	4	223	0.489	0.383	0.583	7.86e-15
2021	Starch	raw	3	5	207	0.469	0.356	0.569	9.6e-13
2021	Starch	raw	4	5	196	0.48	0.365	0.581	1.04e-12
2019	Starch	sd3	1	2	283	0.591	0.51	0.662	4.75e-28
2019	Starch	sd3	1	3	282	0.587	0.505	0.659	1.73e-27
2019	Starch	sd3	1	4	282	0.516	0.425	0.597	1.41e-20
2019	Starch	sd3	2	3	287	0.524	0.434	0.603	1.26e-21
2019	Starch	sd3	2	4	287	0.508	0.417	0.589	2.86e-20
2019	Starch	sd3	3	4	286	0.466	0.37	0.552	7.83e-17
2020	Starch	sd3	1	2	283	0.642	0.568	0.706	2.44e-34
2020	Starch	sd3	1	3	282	0.634	0.559	0.699	4.01e-33
2020	Starch	sd3	1	4	278	0.651	0.578	0.714	6.55e-35
2020	Starch	sd3	2	3	284	0.66	0.589	0.721	6.83e-37
2020	Starch	sd3	2	4	280	0.647	0.573	0.71	1.35e-34
2020	Starch	sd3	3	4	279	0.591	0.509	0.663	1.08e-27
2021	Starch	sd3	1	2	171	0.559	0.446	0.654	1.98e-15
2021	Starch	sd3	1	3	193	0.56	0.455	0.65	2.55e-17
2021	Starch	sd3	1	4	180	0.509	0.391	0.609	3.15e-13
2021	Starch	sd3	1	5	166	0.47	0.342	0.581	1.7e-10
2021	Starch	sd3	2	3	195	0.449	0.329	0.554	4.66e-11
2021	Starch	sd3	2	4	186	0.526	0.414	0.623	1.2e-14
2021	Starch	sd3	2	5	173	0.495	0.373	0.6	4.64e-12
2021	Starch	sd3	3	4	219	0.48	0.371	0.576	5e-14
2021	Starch	sd3	3	5	204	0.407	0.286	0.516	1.5e-09
2021	Starch	sd3	4	5	194	0.49	0.375	0.59	3.95e-13
2019	Beta-glucan	raw	1	2	284	0.63	0.554	0.695	9.09e-33
2019	Beta-glucan	raw	1	3	283	0.641	0.566	0.705	4.26e-34
2019	Beta-glucan	raw	1	4	284	0.344	0.237	0.443	2.52e-09
2019	Beta-glucan	raw	2	3	287	0.605	0.526	0.673	5.09e-30
2019	Beta-glucan	raw	2	4	288	0.29	0.181	0.393	5.33e-07
2019	Beta-glucan	raw	3	4	287	0.268	0.158	0.373	3.97e-06
2020	Beta-glucan	raw	1	2	285	0.59	0.509	0.661	4.03e-28
2020	Beta-glucan	raw	1	3	283	0.415	0.313	0.507	3.4e-13
2020	Beta-glucan	raw	1	4	279	0.475	0.378	0.561	4.43e-17
2020	Beta-glucan	raw	2	3	285	0.527	0.437	0.606	9.74e-22
2020	Beta-glucan	raw	2	4	281	0.567	0.482	0.641	2.87e-25
2020	Beta-glucan	raw	3	4	279	0.51	0.418	0.592	6.9e-20
2021	Beta-glucan	raw	1	2	176	0.229	0.084	0.365	0.00224
2021	Beta-glucan	raw	1	3	198	0.308	0.176	0.429	1e-05
2021	Beta-glucan	raw	1	4	185	0.161	0.017	0.298	0.0289
2021	Beta-glucan	raw	1	5	171	0.293	0.149	0.424	0.000101
2021	Beta-glucan	raw	2	3	198	0.239	0.103	0.367	0.000685
2021	Beta-glucan	raw	2	4	188	0.253	0.114	0.382	0.000469
2021	Beta-glucan	raw	2	5	175	0.372	0.236	0.493	4.14e-07
2021	Beta-glucan	raw	3	4	223	0.113	-0.019	0.241	0.0924
2021	Beta-glucan	raw	3	5	207	0.229	0.095	0.354	0.000927
2021	Beta-glucan	raw	4	5	196	0.228	0.091	0.357	0.00132
2019	Beta-glucan	sd3	1	2	284	0.63	0.554	0.695	9.09e-33
2019	Beta-glucan	sd3	1	3	283	0.641	0.566	0.705	4.26e-34
2019	Beta-glucan	sd3	1	4	273	0.32	0.21	0.423	6.14e-08
2019	Beta-glucan	sd3	2	3	287	0.605	0.526	0.673	5.09e-30
2019	Beta-glucan	sd3	2	4	277	0.255	0.141	0.362	1.77e-05
2019	Beta-glucan	sd3	3	4	276	0.24	0.126	0.348	5.53e-05
2020	Beta-glucan	sd3	1	2	284	0.601	0.521	0.67	2.87e-29
2020	Beta-glucan	sd3	1	3	283	0.415	0.313	0.507	3.4e-13
2020	Beta-glucan	sd3	1	4	278	0.496	0.402	0.58	1.18e-18
2020	Beta-glucan	sd3	2	3	284	0.533	0.445	0.612	2.84e-22
2020	Beta-glucan	sd3	2	4	279	0.608	0.528	0.677	1.4e-29
2020	Beta-glucan	sd3	3	4	278	0.517	0.426	0.599	1.96e-20
2021	Beta-glucan	sd3	1	2	176	0.229	0.084	0.365	0.00224
2021	Beta-glucan	sd3	1	3	195	0.266	0.13	0.392	0.000172
2021	Beta-glucan	sd3	1	4	183	0.215	0.072	0.349	0.00351
2021	Beta-glucan	sd3	1	5	171	0.293	0.149	0.424	0.000101
2021	Beta-glucan	sd3	2	3	195	0.155	0.015	0.289	0.0304
2021	Beta-glucan	sd3	2	4	186	0.356	0.224	0.476	6.04e-07
2021	Beta-glucan	sd3	2	5	175	0.372	0.236	0.493	4.14e-07
2021	Beta-glucan	sd3	3	4	219	0.14	0.008	0.268	0.0382
2021	Beta-glucan	sd3	3	5	203	0.215	0.079	0.342	0.0021
2021	Beta-glucan	sd3	4	5	194	0.296	0.162	0.419	2.8e-05
2019	Fiber	raw	1	2	284	0.249	0.137	0.356	2.11e-05
2019	Fiber	raw	1	3	283	0.312	0.203	0.413	8.53e-08
2019	Fiber	raw	1	4	284	0.154	0.038	0.266	0.00929
2019	Fiber	raw	2	3	287	0.215	0.101	0.322	0.000249
2019	Fiber	raw	2	4	288	0.192	0.078	0.301	0.00106
2019	Fiber	raw	3	4	287	0.3	0.191	0.402	2.21e-07
2020	Fiber	raw	1	2	285	0.511	0.42	0.592	2.31e-20
2020	Fiber	raw	1	3	283	0.509	0.417	0.591	4.54e-20
2020	Fiber	raw	1	4	279	0.42	0.318	0.512	2.43e-13
2020	Fiber	raw	2	3	285	0.483	0.388	0.567	4.89e-18
2020	Fiber	raw	2	4	281	0.419	0.318	0.511	2.14e-13
2020	Fiber	raw	3	4	279	0.436	0.336	0.526	2.27e-14
2021	Fiber	raw	1	2	176	0.204	0.058	0.342	0.00649
2021	Fiber	raw	1	3	198	0.302	0.169	0.423	1.57e-05
2021	Fiber	raw	1	4	185	0.173	0.029	0.309	0.0188
2021	Fiber	raw	1	5	171	0.191	0.042	0.331	0.0125
2021	Fiber	raw	2	3	198	0.121	-0.018	0.256	0.0887
2021	Fiber	raw	2	4	188	0.11	-0.034	0.249	0.135
2021	Fiber	raw	2	5	175	0.323	0.184	0.45	1.27e-05
2021	Fiber	raw	3	4	223	0.039	-0.093	0.17	0.56
2021	Fiber	raw	3	5	207	0.258	0.126	0.381	0.000176
2021	Fiber	raw	4	5	196	0.29	0.156	0.413	3.72e-05
2019	Fiber	sd3	1	2	282	0.27	0.159	0.375	4.09e-06
2019	Fiber	sd3	1	3	277	0.313	0.202	0.415	1.07e-07
2019	Fiber	sd3	1	4	282	0.152	0.035	0.264	0.0108
2019	Fiber	sd3	2	3	281	0.283	0.171	0.387	1.46e-06
2019	Fiber	sd3	2	4	286	0.204	0.09	0.312	0.00053
2019	Fiber	sd3	3	4	281	0.37	0.264	0.467	1.57e-10
2020	Fiber	sd3	1	2	283	0.493	0.399	0.576	9.78e-19
2020	Fiber	sd3	1	3	282	0.518	0.427	0.598	9.53e-21
2020	Fiber	sd3	1	4	276	0.384	0.278	0.48	4.03e-11
2020	Fiber	sd3	2	3	284	0.474	0.379	0.56	2.44e-17
2020	Fiber	sd3	2	4	279	0.366	0.26	0.464	2.73e-10
2020	Fiber	sd3	3	4	277	0.421	0.319	0.513	2.56e-13
2021	Fiber	sd3	1	2	171	0.295	0.152	0.426	8.8e-05
2021	Fiber	sd3	1	3	192	0.223	0.084	0.354	0.00185
2021	Fiber	sd3	1	4	181	0.238	0.095	0.371	0.00125
2021	Fiber	sd3	1	5	167	0.182	0.031	0.325	0.0183
2021	Fiber	sd3	2	3	191	0.202	0.062	0.335	0.00501
2021	Fiber	sd3	2	4	183	0.285	0.146	0.413	8.98e-05
2021	Fiber	sd3	2	5	171	0.387	0.252	0.508	1.65e-07
2021	Fiber	sd3	3	4	216	0.135	0.001	0.263	0.048
2021	Fiber	sd3	3	5	201	0.261	0.127	0.385	0.000187
2021	Fiber	sd3	4	5	194	0.322	0.19	0.443	4.62e-06
