gene_id	short_name	hap	n_members	closest_accession	pct_agreement_with_consensus	n_consensus_na
HORVU.MOREX.r3.3HG0301300	GPAT6	A	85	HS0106	100	0
HORVU.MOREX.r3.3HG0301300	GPAT6	B	20	HS0515	100	0
HORVU.MOREX.r3.3HG0301300	GPAT6	C	18	HS1203	100	0
HORVU.MOREX.r3.5HG0487060	GH17	A	36	HS0318	100	1
HORVU.MOREX.r3.5HG0487060	GH17	B	31	HS1303	97.56	0
HORVU.MOREX.r3.5HG0487060	GH17	C	16	HS1504	100	0
HORVU.MOREX.r3.5HG0487060	GH17	D	14	HS0707	100	0
HORVU.MOREX.r3.5HG0487060	GH17	E	10	HS1207	100	1
HORVU.MOREX.r3.3HG0301710	PHT4-3	A	137	HS0110	100	0
HORVU.MOREX.r3.3HG0301710	PHT4-3	B	41	HS0606	100	0
HORVU.MOREX.r3.3HG0301710	PHT4-3	C	17	HS1203	100	0
HORVU.MOREX.r3.3HG0301710	PHT4-3	D	10	HS1305	100	0
