gene_id	short_name	line_name	site_key	genotype
HORVU.MOREX.r3.3HG0301300	GPAT6	Avalon	3H:544999731:T:C	ALT
HORVU.MOREX.r3.3HG0301300	GPAT6	KWS Irina	3H:544999731:T:C	ALT
HORVU.MOREX.r3.3HG0301300	GPAT6	Odyssey	3H:544999731:T:C	ALT
HORVU.MOREX.r3.3HG0301300	GPAT6	Laureate	3H:544999731:T:C	missing
HORVU.MOREX.r3.3HG0301300	GPAT6	LG Diablo	3H:544999731:T:C	ALT
HORVU.MOREX.r3.3HG0301300	GPAT6	Avalon	3H:544999866:G:A	ALT
HORVU.MOREX.r3.3HG0301300	GPAT6	KWS Irina	3H:544999866:G:A	ALT
HORVU.MOREX.r3.3HG0301300	GPAT6	Odyssey	3H:544999866:G:A	ALT
HORVU.MOREX.r3.3HG0301300	GPAT6	Laureate	3H:544999866:G:A	ALT
HORVU.MOREX.r3.3HG0301300	GPAT6	LG Diablo	3H:544999866:G:A	ALT
HORVU.MOREX.r3.3HG0301300	GPAT6	Avalon	3H:545000129:C:T	ALT
HORVU.MOREX.r3.3HG0301300	GPAT6	KWS Irina	3H:545000129:C:T	missing
HORVU.MOREX.r3.3HG0301300	GPAT6	Odyssey	3H:545000129:C:T	ALT
HORVU.MOREX.r3.3HG0301300	GPAT6	Laureate	3H:545000129:C:T	ALT
HORVU.MOREX.r3.3HG0301300	GPAT6	LG Diablo	3H:545000129:C:T	ALT
HORVU.MOREX.r3.3HG0301300	GPAT6	Avalon	3H:545000167:C:A	ALT
HORVU.MOREX.r3.3HG0301300	GPAT6	KWS Irina	3H:545000167:C:A	ALT
HORVU.MOREX.r3.3HG0301300	GPAT6	Odyssey	3H:545000167:C:A	ALT
HORVU.MOREX.r3.3HG0301300	GPAT6	Laureate	3H:545000167:C:A	ALT
HORVU.MOREX.r3.3HG0301300	GPAT6	LG Diablo	3H:545000167:C:A	ALT
HORVU.MOREX.r3.3HG0301300	GPAT6	Avalon	3H:545000207:A:G	ALT
HORVU.MOREX.r3.3HG0301300	GPAT6	KWS Irina	3H:545000207:A:G	ALT
HORVU.MOREX.r3.3HG0301300	GPAT6	Odyssey	3H:545000207:A:G	ALT
HORVU.MOREX.r3.3HG0301300	GPAT6	Laureate	3H:545000207:A:G	ALT
HORVU.MOREX.r3.3HG0301300	GPAT6	LG Diablo	3H:545000207:A:G	ALT
HORVU.MOREX.r3.3HG0301300	GPAT6	Avalon	3H:545000219:G:A	ALT
HORVU.MOREX.r3.3HG0301300	GPAT6	KWS Irina	3H:545000219:G:A	ALT
HORVU.MOREX.r3.3HG0301300	GPAT6	Odyssey	3H:545000219:G:A	ALT
HORVU.MOREX.r3.3HG0301300	GPAT6	Laureate	3H:545000219:G:A	ALT
HORVU.MOREX.r3.3HG0301300	GPAT6	LG Diablo	3H:545000219:G:A	ALT
HORVU.MOREX.r3.3HG0301300	GPAT6	Avalon	3H:545000479:G:A	ALT
HORVU.MOREX.r3.3HG0301300	GPAT6	KWS Irina	3H:545000479:G:A	ALT
HORVU.MOREX.r3.3HG0301300	GPAT6	Odyssey	3H:545000479:G:A	ALT
HORVU.MOREX.r3.3HG0301300	GPAT6	Laureate	3H:545000479:G:A	ALT
HORVU.MOREX.r3.3HG0301300	GPAT6	LG Diablo	3H:545000479:G:A	ALT
HORVU.MOREX.r3.3HG0301300	GPAT6	Avalon	3H:545000485:G:T	ALT
HORVU.MOREX.r3.3HG0301300	GPAT6	KWS Irina	3H:545000485:G:T	ALT
HORVU.MOREX.r3.3HG0301300	GPAT6	Odyssey	3H:545000485:G:T	ALT
HORVU.MOREX.r3.3HG0301300	GPAT6	Laureate	3H:545000485:G:T	ALT
HORVU.MOREX.r3.3HG0301300	GPAT6	LG Diablo	3H:545000485:G:T	ALT
HORVU.MOREX.r3.3HG0301300	GPAT6	Avalon	3H:545000635:C:G	ALT
HORVU.MOREX.r3.3HG0301300	GPAT6	KWS Irina	3H:545000635:C:G	ALT
HORVU.MOREX.r3.3HG0301300	GPAT6	Odyssey	3H:545000635:C:G	missing
HORVU.MOREX.r3.3HG0301300	GPAT6	Laureate	3H:545000635:C:G	ALT
HORVU.MOREX.r3.3HG0301300	GPAT6	LG Diablo	3H:545000635:C:G	ALT
HORVU.MOREX.r3.3HG0301300	GPAT6	Avalon	3H:545001279:A:G	ALT
HORVU.MOREX.r3.3HG0301300	GPAT6	KWS Irina	3H:545001279:A:G	missing
HORVU.MOREX.r3.3HG0301300	GPAT6	Odyssey	3H:545001279:A:G	ALT
HORVU.MOREX.r3.3HG0301300	GPAT6	Laureate	3H:545001279:A:G	ALT
HORVU.MOREX.r3.3HG0301300	GPAT6	LG Diablo	3H:545001279:A:G	ALT
HORVU.MOREX.r3.3HG0301300	GPAT6	Avalon	3H:545001347:G:T	ALT
HORVU.MOREX.r3.3HG0301300	GPAT6	KWS Irina	3H:545001347:G:T	ALT
HORVU.MOREX.r3.3HG0301300	GPAT6	Odyssey	3H:545001347:G:T	ALT
HORVU.MOREX.r3.3HG0301300	GPAT6	Laureate	3H:545001347:G:T	ALT
HORVU.MOREX.r3.3HG0301300	GPAT6	LG Diablo	3H:545001347:G:T	ALT
HORVU.MOREX.r3.3HG0301300	GPAT6	Avalon	3H:545002123:A:G	ALT
HORVU.MOREX.r3.3HG0301300	GPAT6	KWS Irina	3H:545002123:A:G	ALT
HORVU.MOREX.r3.3HG0301300	GPAT6	Odyssey	3H:545002123:A:G	ALT
HORVU.MOREX.r3.3HG0301300	GPAT6	Laureate	3H:545002123:A:G	ALT
HORVU.MOREX.r3.3HG0301300	GPAT6	LG Diablo	3H:545002123:A:G	ALT
HORVU.MOREX.r3.3HG0301300	GPAT6	Avalon	3H:545002139:T:C	ALT
HORVU.MOREX.r3.3HG0301300	GPAT6	KWS Irina	3H:545002139:T:C	ALT
HORVU.MOREX.r3.3HG0301300	GPAT6	Odyssey	3H:545002139:T:C	ALT
HORVU.MOREX.r3.3HG0301300	GPAT6	Laureate	3H:545002139:T:C	ALT
HORVU.MOREX.r3.3HG0301300	GPAT6	LG Diablo	3H:545002139:T:C	ALT
HORVU.MOREX.r3.3HG0301300	GPAT6	Avalon	3H:545002164:A:G	REF
HORVU.MOREX.r3.3HG0301300	GPAT6	KWS Irina	3H:545002164:A:G	REF
HORVU.MOREX.r3.3HG0301300	GPAT6	Odyssey	3H:545002164:A:G	REF
HORVU.MOREX.r3.3HG0301300	GPAT6	Laureate	3H:545002164:A:G	REF
HORVU.MOREX.r3.3HG0301300	GPAT6	LG Diablo	3H:545002164:A:G	REF
HORVU.MOREX.r3.3HG0301300	GPAT6	Avalon	3H:545002186:C:A	ALT
HORVU.MOREX.r3.3HG0301300	GPAT6	KWS Irina	3H:545002186:C:A	ALT
HORVU.MOREX.r3.3HG0301300	GPAT6	Odyssey	3H:545002186:C:A	ALT
HORVU.MOREX.r3.3HG0301300	GPAT6	Laureate	3H:545002186:C:A	ALT
HORVU.MOREX.r3.3HG0301300	GPAT6	LG Diablo	3H:545002186:C:A	ALT
HORVU.MOREX.r3.3HG0301300	GPAT6	Avalon	3H:545002210:T:C	REF
HORVU.MOREX.r3.3HG0301300	GPAT6	KWS Irina	3H:545002210:T:C	REF
HORVU.MOREX.r3.3HG0301300	GPAT6	Odyssey	3H:545002210:T:C	REF
HORVU.MOREX.r3.3HG0301300	GPAT6	Laureate	3H:545002210:T:C	REF
HORVU.MOREX.r3.3HG0301300	GPAT6	LG Diablo	3H:545002210:T:C	REF
HORVU.MOREX.r3.3HG0301300	GPAT6	Avalon	3H:545002229:C:G	ALT
HORVU.MOREX.r3.3HG0301300	GPAT6	KWS Irina	3H:545002229:C:G	ALT
HORVU.MOREX.r3.3HG0301300	GPAT6	Odyssey	3H:545002229:C:G	ALT
HORVU.MOREX.r3.3HG0301300	GPAT6	Laureate	3H:545002229:C:G	ALT
HORVU.MOREX.r3.3HG0301300	GPAT6	LG Diablo	3H:545002229:C:G	ALT
HORVU.MOREX.r3.3HG0301300	GPAT6	Avalon	3H:545002387:T:C	ALT
HORVU.MOREX.r3.3HG0301300	GPAT6	KWS Irina	3H:545002387:T:C	ALT
HORVU.MOREX.r3.3HG0301300	GPAT6	Odyssey	3H:545002387:T:C	ALT
HORVU.MOREX.r3.3HG0301300	GPAT6	Laureate	3H:545002387:T:C	missing
HORVU.MOREX.r3.3HG0301300	GPAT6	LG Diablo	3H:545002387:T:C	ALT
HORVU.MOREX.r3.3HG0301300	GPAT6	Avalon	3H:545002620:A:C	ALT
HORVU.MOREX.r3.3HG0301300	GPAT6	KWS Irina	3H:545002620:A:C	ALT
HORVU.MOREX.r3.3HG0301300	GPAT6	Odyssey	3H:545002620:A:C	ALT
HORVU.MOREX.r3.3HG0301300	GPAT6	Laureate	3H:545002620:A:C	missing
HORVU.MOREX.r3.3HG0301300	GPAT6	LG Diablo	3H:545002620:A:C	ALT
HORVU.MOREX.r3.3HG0301300	GPAT6	Avalon	3H:545002634:G:T	ALT
HORVU.MOREX.r3.3HG0301300	GPAT6	KWS Irina	3H:545002634:G:T	ALT
HORVU.MOREX.r3.3HG0301300	GPAT6	Odyssey	3H:545002634:G:T	ALT
HORVU.MOREX.r3.3HG0301300	GPAT6	Laureate	3H:545002634:G:T	missing
HORVU.MOREX.r3.3HG0301300	GPAT6	LG Diablo	3H:545002634:G:T	ALT
HORVU.MOREX.r3.3HG0301300	GPAT6	Avalon	3H:545002662:G:C	ALT
HORVU.MOREX.r3.3HG0301300	GPAT6	KWS Irina	3H:545002662:G:C	ALT
HORVU.MOREX.r3.3HG0301300	GPAT6	Odyssey	3H:545002662:G:C	ALT
HORVU.MOREX.r3.3HG0301300	GPAT6	Laureate	3H:545002662:G:C	ALT
HORVU.MOREX.r3.3HG0301300	GPAT6	LG Diablo	3H:545002662:G:C	ALT
HORVU.MOREX.r3.3HG0301300	GPAT6	Avalon	3H:545002700:T:C	ALT
HORVU.MOREX.r3.3HG0301300	GPAT6	KWS Irina	3H:545002700:T:C	ALT
HORVU.MOREX.r3.3HG0301300	GPAT6	Odyssey	3H:545002700:T:C	ALT
HORVU.MOREX.r3.3HG0301300	GPAT6	Laureate	3H:545002700:T:C	ALT
HORVU.MOREX.r3.3HG0301300	GPAT6	LG Diablo	3H:545002700:T:C	ALT
HORVU.MOREX.r3.3HG0301300	GPAT6	Avalon	3H:545002707:A:G	ALT
HORVU.MOREX.r3.3HG0301300	GPAT6	KWS Irina	3H:545002707:A:G	ALT
HORVU.MOREX.r3.3HG0301300	GPAT6	Odyssey	3H:545002707:A:G	ALT
HORVU.MOREX.r3.3HG0301300	GPAT6	Laureate	3H:545002707:A:G	ALT
HORVU.MOREX.r3.3HG0301300	GPAT6	LG Diablo	3H:545002707:A:G	ALT
HORVU.MOREX.r3.3HG0301300	GPAT6	Avalon	3H:545002727:C:T	REF
HORVU.MOREX.r3.3HG0301300	GPAT6	KWS Irina	3H:545002727:C:T	REF
HORVU.MOREX.r3.3HG0301300	GPAT6	Odyssey	3H:545002727:C:T	REF
HORVU.MOREX.r3.3HG0301300	GPAT6	Laureate	3H:545002727:C:T	REF
HORVU.MOREX.r3.3HG0301300	GPAT6	LG Diablo	3H:545002727:C:T	REF
HORVU.MOREX.r3.3HG0301300	GPAT6	Avalon	3H:545002856:T:C	ALT
HORVU.MOREX.r3.3HG0301300	GPAT6	KWS Irina	3H:545002856:T:C	ALT
HORVU.MOREX.r3.3HG0301300	GPAT6	Odyssey	3H:545002856:T:C	ALT
HORVU.MOREX.r3.3HG0301300	GPAT6	Laureate	3H:545002856:T:C	ALT
HORVU.MOREX.r3.3HG0301300	GPAT6	LG Diablo	3H:545002856:T:C	ALT
HORVU.MOREX.r3.3HG0301300	GPAT6	Avalon	3H:545002940:A:G	ALT
HORVU.MOREX.r3.3HG0301300	GPAT6	KWS Irina	3H:545002940:A:G	ALT
HORVU.MOREX.r3.3HG0301300	GPAT6	Odyssey	3H:545002940:A:G	missing
HORVU.MOREX.r3.3HG0301300	GPAT6	Laureate	3H:545002940:A:G	ALT
HORVU.MOREX.r3.3HG0301300	GPAT6	LG Diablo	3H:545002940:A:G	ALT
HORVU.MOREX.r3.3HG0301300	GPAT6	Avalon	3H:545002972:T:C	ALT
HORVU.MOREX.r3.3HG0301300	GPAT6	KWS Irina	3H:545002972:T:C	ALT
HORVU.MOREX.r3.3HG0301300	GPAT6	Odyssey	3H:545002972:T:C	ALT
HORVU.MOREX.r3.3HG0301300	GPAT6	Laureate	3H:545002972:T:C	ALT
HORVU.MOREX.r3.3HG0301300	GPAT6	LG Diablo	3H:545002972:T:C	ALT
HORVU.MOREX.r3.3HG0301300	GPAT6	Avalon	3H:545003025:G:A	ALT
HORVU.MOREX.r3.3HG0301300	GPAT6	KWS Irina	3H:545003025:G:A	ALT
HORVU.MOREX.r3.3HG0301300	GPAT6	Odyssey	3H:545003025:G:A	ALT
HORVU.MOREX.r3.3HG0301300	GPAT6	Laureate	3H:545003025:G:A	ALT
HORVU.MOREX.r3.3HG0301300	GPAT6	LG Diablo	3H:545003025:G:A	ALT
HORVU.MOREX.r3.3HG0301300	GPAT6	Avalon	3H:545003086:G:A	ALT
HORVU.MOREX.r3.3HG0301300	GPAT6	KWS Irina	3H:545003086:G:A	ALT
HORVU.MOREX.r3.3HG0301300	GPAT6	Odyssey	3H:545003086:G:A	ALT
HORVU.MOREX.r3.3HG0301300	GPAT6	Laureate	3H:545003086:G:A	ALT
HORVU.MOREX.r3.3HG0301300	GPAT6	LG Diablo	3H:545003086:G:A	ALT
HORVU.MOREX.r3.3HG0301300	GPAT6	Avalon	3H:545003301:G:A	ALT
HORVU.MOREX.r3.3HG0301300	GPAT6	KWS Irina	3H:545003301:G:A	ALT
HORVU.MOREX.r3.3HG0301300	GPAT6	Odyssey	3H:545003301:G:A	ALT
HORVU.MOREX.r3.3HG0301300	GPAT6	Laureate	3H:545003301:G:A	ALT
HORVU.MOREX.r3.3HG0301300	GPAT6	LG Diablo	3H:545003301:G:A	ALT
HORVU.MOREX.r3.3HG0301300	GPAT6	Avalon	3H:545003326:C:T	REF
HORVU.MOREX.r3.3HG0301300	GPAT6	KWS Irina	3H:545003326:C:T	REF
HORVU.MOREX.r3.3HG0301300	GPAT6	Odyssey	3H:545003326:C:T	REF
HORVU.MOREX.r3.3HG0301300	GPAT6	Laureate	3H:545003326:C:T	REF
HORVU.MOREX.r3.3HG0301300	GPAT6	LG Diablo	3H:545003326:C:T	REF
HORVU.MOREX.r3.3HG0301300	GPAT6	Avalon	3H:545003330:C:T	ALT
HORVU.MOREX.r3.3HG0301300	GPAT6	KWS Irina	3H:545003330:C:T	ALT
HORVU.MOREX.r3.3HG0301300	GPAT6	Odyssey	3H:545003330:C:T	ALT
HORVU.MOREX.r3.3HG0301300	GPAT6	Laureate	3H:545003330:C:T	ALT
HORVU.MOREX.r3.3HG0301300	GPAT6	LG Diablo	3H:545003330:C:T	ALT
HORVU.MOREX.r3.3HG0301300	GPAT6	Avalon	3H:545003355:C:T	ALT
HORVU.MOREX.r3.3HG0301300	GPAT6	KWS Irina	3H:545003355:C:T	ALT
HORVU.MOREX.r3.3HG0301300	GPAT6	Odyssey	3H:545003355:C:T	ALT
HORVU.MOREX.r3.3HG0301300	GPAT6	Laureate	3H:545003355:C:T	ALT
HORVU.MOREX.r3.3HG0301300	GPAT6	LG Diablo	3H:545003355:C:T	ALT
HORVU.MOREX.r3.3HG0301300	GPAT6	Avalon	3H:545003442:A:G	ALT
HORVU.MOREX.r3.3HG0301300	GPAT6	KWS Irina	3H:545003442:A:G	ALT
HORVU.MOREX.r3.3HG0301300	GPAT6	Odyssey	3H:545003442:A:G	ALT
HORVU.MOREX.r3.3HG0301300	GPAT6	Laureate	3H:545003442:A:G	ALT
HORVU.MOREX.r3.3HG0301300	GPAT6	LG Diablo	3H:545003442:A:G	ALT
HORVU.MOREX.r3.3HG0301300	GPAT6	Avalon	3H:545004305:A:G	ALT
HORVU.MOREX.r3.3HG0301300	GPAT6	KWS Irina	3H:545004305:A:G	ALT
HORVU.MOREX.r3.3HG0301300	GPAT6	Odyssey	3H:545004305:A:G	ALT
HORVU.MOREX.r3.3HG0301300	GPAT6	Laureate	3H:545004305:A:G	ALT
HORVU.MOREX.r3.3HG0301300	GPAT6	LG Diablo	3H:545004305:A:G	ALT
HORVU.MOREX.r3.3HG0301300	GPAT6	Avalon	3H:545004916:G:C	ALT
HORVU.MOREX.r3.3HG0301300	GPAT6	KWS Irina	3H:545004916:G:C	ALT
HORVU.MOREX.r3.3HG0301300	GPAT6	Odyssey	3H:545004916:G:C	ALT
HORVU.MOREX.r3.3HG0301300	GPAT6	Laureate	3H:545004916:G:C	ALT
HORVU.MOREX.r3.3HG0301300	GPAT6	LG Diablo	3H:545004916:G:C	ALT
HORVU.MOREX.r3.3HG0301300	GPAT6	Avalon	3H:545005058:C:T	ALT
HORVU.MOREX.r3.3HG0301300	GPAT6	KWS Irina	3H:545005058:C:T	ALT
HORVU.MOREX.r3.3HG0301300	GPAT6	Odyssey	3H:545005058:C:T	ALT
HORVU.MOREX.r3.3HG0301300	GPAT6	Laureate	3H:545005058:C:T	ALT
HORVU.MOREX.r3.3HG0301300	GPAT6	LG Diablo	3H:545005058:C:T	ALT
HORVU.MOREX.r3.3HG0301300	GPAT6	Avalon	3H:545005077:C:T	ALT
HORVU.MOREX.r3.3HG0301300	GPAT6	KWS Irina	3H:545005077:C:T	ALT
HORVU.MOREX.r3.3HG0301300	GPAT6	Odyssey	3H:545005077:C:T	ALT
HORVU.MOREX.r3.3HG0301300	GPAT6	Laureate	3H:545005077:C:T	ALT
HORVU.MOREX.r3.3HG0301300	GPAT6	LG Diablo	3H:545005077:C:T	ALT
HORVU.MOREX.r3.3HG0301300	GPAT6	Avalon	3H:545005137:G:A	ALT
HORVU.MOREX.r3.3HG0301300	GPAT6	KWS Irina	3H:545005137:G:A	ALT
HORVU.MOREX.r3.3HG0301300	GPAT6	Odyssey	3H:545005137:G:A	ALT
HORVU.MOREX.r3.3HG0301300	GPAT6	Laureate	3H:545005137:G:A	ALT
HORVU.MOREX.r3.3HG0301300	GPAT6	LG Diablo	3H:545005137:G:A	ALT
HORVU.MOREX.r3.3HG0301300	GPAT6	Avalon	3H:545005175:A:G	REF
HORVU.MOREX.r3.3HG0301300	GPAT6	KWS Irina	3H:545005175:A:G	REF
HORVU.MOREX.r3.3HG0301300	GPAT6	Odyssey	3H:545005175:A:G	REF
HORVU.MOREX.r3.3HG0301300	GPAT6	Laureate	3H:545005175:A:G	REF
HORVU.MOREX.r3.3HG0301300	GPAT6	LG Diablo	3H:545005175:A:G	REF
HORVU.MOREX.r3.3HG0301300	GPAT6	Avalon	3H:545005216:C:T	ALT
HORVU.MOREX.r3.3HG0301300	GPAT6	KWS Irina	3H:545005216:C:T	ALT
HORVU.MOREX.r3.3HG0301300	GPAT6	Odyssey	3H:545005216:C:T	ALT
HORVU.MOREX.r3.3HG0301300	GPAT6	Laureate	3H:545005216:C:T	ALT
HORVU.MOREX.r3.3HG0301300	GPAT6	LG Diablo	3H:545005216:C:T	ALT
HORVU.MOREX.r3.3HG0301300	GPAT6	Avalon	3H:545005733:C:T	ALT
HORVU.MOREX.r3.3HG0301300	GPAT6	KWS Irina	3H:545005733:C:T	ALT
HORVU.MOREX.r3.3HG0301300	GPAT6	Odyssey	3H:545005733:C:T	ALT
HORVU.MOREX.r3.3HG0301300	GPAT6	Laureate	3H:545005733:C:T	ALT
HORVU.MOREX.r3.3HG0301300	GPAT6	LG Diablo	3H:545005733:C:T	ALT
HORVU.MOREX.r3.3HG0301300	GPAT6	Avalon	3H:545005829:A:G	ALT
HORVU.MOREX.r3.3HG0301300	GPAT6	KWS Irina	3H:545005829:A:G	HET
HORVU.MOREX.r3.3HG0301300	GPAT6	Odyssey	3H:545005829:A:G	ALT
HORVU.MOREX.r3.3HG0301300	GPAT6	Laureate	3H:545005829:A:G	missing
HORVU.MOREX.r3.3HG0301300	GPAT6	LG Diablo	3H:545005829:A:G	ALT
HORVU.MOREX.r3.5HG0487060	GH17	Avalon	5H:462728225:C:T	REF
HORVU.MOREX.r3.5HG0487060	GH17	KWS Irina	5H:462728225:C:T	REF
HORVU.MOREX.r3.5HG0487060	GH17	Odyssey	5H:462728225:C:T	REF
HORVU.MOREX.r3.5HG0487060	GH17	Laureate	5H:462728225:C:T	REF
HORVU.MOREX.r3.5HG0487060	GH17	LG Diablo	5H:462728225:C:T	REF
HORVU.MOREX.r3.5HG0487060	GH17	Avalon	5H:462728246:T:C	REF
HORVU.MOREX.r3.5HG0487060	GH17	KWS Irina	5H:462728246:T:C	REF
HORVU.MOREX.r3.5HG0487060	GH17	Odyssey	5H:462728246:T:C	REF
HORVU.MOREX.r3.5HG0487060	GH17	Laureate	5H:462728246:T:C	REF
HORVU.MOREX.r3.5HG0487060	GH17	LG Diablo	5H:462728246:T:C	REF
HORVU.MOREX.r3.5HG0487060	GH17	Avalon	5H:462728254:C:T	REF
HORVU.MOREX.r3.5HG0487060	GH17	KWS Irina	5H:462728254:C:T	REF
HORVU.MOREX.r3.5HG0487060	GH17	Odyssey	5H:462728254:C:T	REF
HORVU.MOREX.r3.5HG0487060	GH17	Laureate	5H:462728254:C:T	REF
HORVU.MOREX.r3.5HG0487060	GH17	LG Diablo	5H:462728254:C:T	REF
HORVU.MOREX.r3.5HG0487060	GH17	Avalon	5H:462728263:T:C	REF
HORVU.MOREX.r3.5HG0487060	GH17	KWS Irina	5H:462728263:T:C	REF
HORVU.MOREX.r3.5HG0487060	GH17	Odyssey	5H:462728263:T:C	REF
HORVU.MOREX.r3.5HG0487060	GH17	Laureate	5H:462728263:T:C	REF
HORVU.MOREX.r3.5HG0487060	GH17	LG Diablo	5H:462728263:T:C	REF
HORVU.MOREX.r3.5HG0487060	GH17	Avalon	5H:462728267:T:A	REF
HORVU.MOREX.r3.5HG0487060	GH17	KWS Irina	5H:462728267:T:A	REF
HORVU.MOREX.r3.5HG0487060	GH17	Odyssey	5H:462728267:T:A	REF
HORVU.MOREX.r3.5HG0487060	GH17	Laureate	5H:462728267:T:A	REF
HORVU.MOREX.r3.5HG0487060	GH17	LG Diablo	5H:462728267:T:A	REF
HORVU.MOREX.r3.5HG0487060	GH17	Avalon	5H:462728328:C:T	REF
HORVU.MOREX.r3.5HG0487060	GH17	KWS Irina	5H:462728328:C:T	REF
HORVU.MOREX.r3.5HG0487060	GH17	Odyssey	5H:462728328:C:T	REF
HORVU.MOREX.r3.5HG0487060	GH17	Laureate	5H:462728328:C:T	REF
HORVU.MOREX.r3.5HG0487060	GH17	LG Diablo	5H:462728328:C:T	REF
HORVU.MOREX.r3.5HG0487060	GH17	Avalon	5H:462728332:C:T	REF
HORVU.MOREX.r3.5HG0487060	GH17	KWS Irina	5H:462728332:C:T	REF
HORVU.MOREX.r3.5HG0487060	GH17	Odyssey	5H:462728332:C:T	REF
HORVU.MOREX.r3.5HG0487060	GH17	Laureate	5H:462728332:C:T	missing
HORVU.MOREX.r3.5HG0487060	GH17	LG Diablo	5H:462728332:C:T	REF
HORVU.MOREX.r3.5HG0487060	GH17	Avalon	5H:462728350:C:T	REF
HORVU.MOREX.r3.5HG0487060	GH17	KWS Irina	5H:462728350:C:T	REF
HORVU.MOREX.r3.5HG0487060	GH17	Odyssey	5H:462728350:C:T	REF
HORVU.MOREX.r3.5HG0487060	GH17	Laureate	5H:462728350:C:T	missing
HORVU.MOREX.r3.5HG0487060	GH17	LG Diablo	5H:462728350:C:T	REF
HORVU.MOREX.r3.5HG0487060	GH17	Avalon	5H:462728359:G:A	REF
HORVU.MOREX.r3.5HG0487060	GH17	KWS Irina	5H:462728359:G:A	REF
HORVU.MOREX.r3.5HG0487060	GH17	Odyssey	5H:462728359:G:A	REF
HORVU.MOREX.r3.5HG0487060	GH17	Laureate	5H:462728359:G:A	missing
HORVU.MOREX.r3.5HG0487060	GH17	LG Diablo	5H:462728359:G:A	REF
HORVU.MOREX.r3.5HG0487060	GH17	Avalon	5H:462728365:C:T	REF
HORVU.MOREX.r3.5HG0487060	GH17	KWS Irina	5H:462728365:C:T	REF
HORVU.MOREX.r3.5HG0487060	GH17	Odyssey	5H:462728365:C:T	REF
HORVU.MOREX.r3.5HG0487060	GH17	Laureate	5H:462728365:C:T	missing
HORVU.MOREX.r3.5HG0487060	GH17	LG Diablo	5H:462728365:C:T	REF
HORVU.MOREX.r3.5HG0487060	GH17	Avalon	5H:462728372:C:T	REF
HORVU.MOREX.r3.5HG0487060	GH17	KWS Irina	5H:462728372:C:T	REF
HORVU.MOREX.r3.5HG0487060	GH17	Odyssey	5H:462728372:C:T	REF
HORVU.MOREX.r3.5HG0487060	GH17	Laureate	5H:462728372:C:T	REF
HORVU.MOREX.r3.5HG0487060	GH17	LG Diablo	5H:462728372:C:T	REF
HORVU.MOREX.r3.5HG0487060	GH17	Avalon	5H:462728419:G:A	REF
HORVU.MOREX.r3.5HG0487060	GH17	KWS Irina	5H:462728419:G:A	REF
HORVU.MOREX.r3.5HG0487060	GH17	Odyssey	5H:462728419:G:A	REF
HORVU.MOREX.r3.5HG0487060	GH17	Laureate	5H:462728419:G:A	REF
HORVU.MOREX.r3.5HG0487060	GH17	LG Diablo	5H:462728419:G:A	REF
HORVU.MOREX.r3.5HG0487060	GH17	Avalon	5H:462729045:T:C	REF
HORVU.MOREX.r3.5HG0487060	GH17	KWS Irina	5H:462729045:T:C	REF
HORVU.MOREX.r3.5HG0487060	GH17	Odyssey	5H:462729045:T:C	REF
HORVU.MOREX.r3.5HG0487060	GH17	Laureate	5H:462729045:T:C	REF
HORVU.MOREX.r3.5HG0487060	GH17	LG Diablo	5H:462729045:T:C	REF
HORVU.MOREX.r3.5HG0487060	GH17	Avalon	5H:462729123:T:G	missing
HORVU.MOREX.r3.5HG0487060	GH17	KWS Irina	5H:462729123:T:G	missing
HORVU.MOREX.r3.5HG0487060	GH17	Odyssey	5H:462729123:T:G	REF
HORVU.MOREX.r3.5HG0487060	GH17	Laureate	5H:462729123:T:G	REF
HORVU.MOREX.r3.5HG0487060	GH17	LG Diablo	5H:462729123:T:G	REF
HORVU.MOREX.r3.5HG0487060	GH17	Avalon	5H:462729648:A:T	REF
HORVU.MOREX.r3.5HG0487060	GH17	KWS Irina	5H:462729648:A:T	REF
HORVU.MOREX.r3.5HG0487060	GH17	Odyssey	5H:462729648:A:T	REF
HORVU.MOREX.r3.5HG0487060	GH17	Laureate	5H:462729648:A:T	REF
HORVU.MOREX.r3.5HG0487060	GH17	LG Diablo	5H:462729648:A:T	REF
HORVU.MOREX.r3.5HG0487060	GH17	Avalon	5H:462729759:A:C	REF
HORVU.MOREX.r3.5HG0487060	GH17	KWS Irina	5H:462729759:A:C	REF
HORVU.MOREX.r3.5HG0487060	GH17	Odyssey	5H:462729759:A:C	REF
HORVU.MOREX.r3.5HG0487060	GH17	Laureate	5H:462729759:A:C	REF
HORVU.MOREX.r3.5HG0487060	GH17	LG Diablo	5H:462729759:A:C	REF
HORVU.MOREX.r3.5HG0487060	GH17	Avalon	5H:462730166:T:G	REF
HORVU.MOREX.r3.5HG0487060	GH17	KWS Irina	5H:462730166:T:G	REF
HORVU.MOREX.r3.5HG0487060	GH17	Odyssey	5H:462730166:T:G	REF
HORVU.MOREX.r3.5HG0487060	GH17	Laureate	5H:462730166:T:G	REF
HORVU.MOREX.r3.5HG0487060	GH17	LG Diablo	5H:462730166:T:G	REF
HORVU.MOREX.r3.5HG0487060	GH17	Avalon	5H:462730196:C:T	REF
HORVU.MOREX.r3.5HG0487060	GH17	KWS Irina	5H:462730196:C:T	REF
HORVU.MOREX.r3.5HG0487060	GH17	Odyssey	5H:462730196:C:T	REF
HORVU.MOREX.r3.5HG0487060	GH17	Laureate	5H:462730196:C:T	REF
HORVU.MOREX.r3.5HG0487060	GH17	LG Diablo	5H:462730196:C:T	REF
HORVU.MOREX.r3.5HG0487060	GH17	Avalon	5H:462731237:T:C	REF
HORVU.MOREX.r3.5HG0487060	GH17	KWS Irina	5H:462731237:T:C	REF
HORVU.MOREX.r3.5HG0487060	GH17	Odyssey	5H:462731237:T:C	REF
HORVU.MOREX.r3.5HG0487060	GH17	Laureate	5H:462731237:T:C	missing
HORVU.MOREX.r3.5HG0487060	GH17	LG Diablo	5H:462731237:T:C	REF
HORVU.MOREX.r3.5HG0487060	GH17	Avalon	5H:462731318:T:G	REF
HORVU.MOREX.r3.5HG0487060	GH17	KWS Irina	5H:462731318:T:G	REF
HORVU.MOREX.r3.5HG0487060	GH17	Odyssey	5H:462731318:T:G	REF
HORVU.MOREX.r3.5HG0487060	GH17	Laureate	5H:462731318:T:G	REF
HORVU.MOREX.r3.5HG0487060	GH17	LG Diablo	5H:462731318:T:G	REF
HORVU.MOREX.r3.5HG0487060	GH17	Avalon	5H:462731405:T:C	REF
HORVU.MOREX.r3.5HG0487060	GH17	KWS Irina	5H:462731405:T:C	REF
HORVU.MOREX.r3.5HG0487060	GH17	Odyssey	5H:462731405:T:C	REF
HORVU.MOREX.r3.5HG0487060	GH17	Laureate	5H:462731405:T:C	REF
HORVU.MOREX.r3.5HG0487060	GH17	LG Diablo	5H:462731405:T:C	REF
HORVU.MOREX.r3.5HG0487060	GH17	Avalon	5H:462731411:C:T	REF
HORVU.MOREX.r3.5HG0487060	GH17	KWS Irina	5H:462731411:C:T	REF
HORVU.MOREX.r3.5HG0487060	GH17	Odyssey	5H:462731411:C:T	REF
HORVU.MOREX.r3.5HG0487060	GH17	Laureate	5H:462731411:C:T	REF
HORVU.MOREX.r3.5HG0487060	GH17	LG Diablo	5H:462731411:C:T	REF
HORVU.MOREX.r3.5HG0487060	GH17	Avalon	5H:462731429:A:G	REF
HORVU.MOREX.r3.5HG0487060	GH17	KWS Irina	5H:462731429:A:G	REF
HORVU.MOREX.r3.5HG0487060	GH17	Odyssey	5H:462731429:A:G	REF
HORVU.MOREX.r3.5HG0487060	GH17	Laureate	5H:462731429:A:G	REF
HORVU.MOREX.r3.5HG0487060	GH17	LG Diablo	5H:462731429:A:G	REF
HORVU.MOREX.r3.5HG0487060	GH17	Avalon	5H:462731438:C:T	REF
HORVU.MOREX.r3.5HG0487060	GH17	KWS Irina	5H:462731438:C:T	REF
HORVU.MOREX.r3.5HG0487060	GH17	Odyssey	5H:462731438:C:T	REF
HORVU.MOREX.r3.5HG0487060	GH17	Laureate	5H:462731438:C:T	REF
HORVU.MOREX.r3.5HG0487060	GH17	LG Diablo	5H:462731438:C:T	REF
HORVU.MOREX.r3.5HG0487060	GH17	Avalon	5H:462731479:T:C	REF
HORVU.MOREX.r3.5HG0487060	GH17	KWS Irina	5H:462731479:T:C	REF
HORVU.MOREX.r3.5HG0487060	GH17	Odyssey	5H:462731479:T:C	missing
HORVU.MOREX.r3.5HG0487060	GH17	Laureate	5H:462731479:T:C	REF
HORVU.MOREX.r3.5HG0487060	GH17	LG Diablo	5H:462731479:T:C	REF
HORVU.MOREX.r3.5HG0487060	GH17	Avalon	5H:462731608:C:G	REF
HORVU.MOREX.r3.5HG0487060	GH17	KWS Irina	5H:462731608:C:G	REF
HORVU.MOREX.r3.5HG0487060	GH17	Odyssey	5H:462731608:C:G	REF
HORVU.MOREX.r3.5HG0487060	GH17	Laureate	5H:462731608:C:G	REF
HORVU.MOREX.r3.5HG0487060	GH17	LG Diablo	5H:462731608:C:G	REF
HORVU.MOREX.r3.5HG0487060	GH17	Avalon	5H:462731849:G:C	REF
HORVU.MOREX.r3.5HG0487060	GH17	KWS Irina	5H:462731849:G:C	REF
HORVU.MOREX.r3.5HG0487060	GH17	Odyssey	5H:462731849:G:C	REF
HORVU.MOREX.r3.5HG0487060	GH17	Laureate	5H:462731849:G:C	REF
HORVU.MOREX.r3.5HG0487060	GH17	LG Diablo	5H:462731849:G:C	REF
HORVU.MOREX.r3.5HG0487060	GH17	Avalon	5H:462731871:A:G	REF
HORVU.MOREX.r3.5HG0487060	GH17	KWS Irina	5H:462731871:A:G	REF
HORVU.MOREX.r3.5HG0487060	GH17	Odyssey	5H:462731871:A:G	REF
HORVU.MOREX.r3.5HG0487060	GH17	Laureate	5H:462731871:A:G	REF
HORVU.MOREX.r3.5HG0487060	GH17	LG Diablo	5H:462731871:A:G	REF
HORVU.MOREX.r3.5HG0487060	GH17	Avalon	5H:462731883:G:A	REF
HORVU.MOREX.r3.5HG0487060	GH17	KWS Irina	5H:462731883:G:A	REF
HORVU.MOREX.r3.5HG0487060	GH17	Odyssey	5H:462731883:G:A	REF
HORVU.MOREX.r3.5HG0487060	GH17	Laureate	5H:462731883:G:A	REF
HORVU.MOREX.r3.5HG0487060	GH17	LG Diablo	5H:462731883:G:A	REF
HORVU.MOREX.r3.5HG0487060	GH17	Avalon	5H:462731884:A:G	REF
HORVU.MOREX.r3.5HG0487060	GH17	KWS Irina	5H:462731884:A:G	REF
HORVU.MOREX.r3.5HG0487060	GH17	Odyssey	5H:462731884:A:G	REF
HORVU.MOREX.r3.5HG0487060	GH17	Laureate	5H:462731884:A:G	REF
HORVU.MOREX.r3.5HG0487060	GH17	LG Diablo	5H:462731884:A:G	REF
HORVU.MOREX.r3.5HG0487060	GH17	Avalon	5H:462731990:T:A	REF
HORVU.MOREX.r3.5HG0487060	GH17	KWS Irina	5H:462731990:T:A	REF
HORVU.MOREX.r3.5HG0487060	GH17	Odyssey	5H:462731990:T:A	REF
HORVU.MOREX.r3.5HG0487060	GH17	Laureate	5H:462731990:T:A	REF
HORVU.MOREX.r3.5HG0487060	GH17	LG Diablo	5H:462731990:T:A	REF
HORVU.MOREX.r3.5HG0487060	GH17	Avalon	5H:462731998:C:T	REF
HORVU.MOREX.r3.5HG0487060	GH17	KWS Irina	5H:462731998:C:T	REF
HORVU.MOREX.r3.5HG0487060	GH17	Odyssey	5H:462731998:C:T	REF
HORVU.MOREX.r3.5HG0487060	GH17	Laureate	5H:462731998:C:T	REF
HORVU.MOREX.r3.5HG0487060	GH17	LG Diablo	5H:462731998:C:T	REF
HORVU.MOREX.r3.5HG0487060	GH17	Avalon	5H:462732110:A:G	REF
HORVU.MOREX.r3.5HG0487060	GH17	KWS Irina	5H:462732110:A:G	REF
HORVU.MOREX.r3.5HG0487060	GH17	Odyssey	5H:462732110:A:G	REF
HORVU.MOREX.r3.5HG0487060	GH17	Laureate	5H:462732110:A:G	REF
HORVU.MOREX.r3.5HG0487060	GH17	LG Diablo	5H:462732110:A:G	REF
HORVU.MOREX.r3.3HG0301710	PHT4-3	Avalon	3H:546473395:C:T	REF
HORVU.MOREX.r3.3HG0301710	PHT4-3	KWS Irina	3H:546473395:C:T	REF
HORVU.MOREX.r3.3HG0301710	PHT4-3	Odyssey	3H:546473395:C:T	REF
HORVU.MOREX.r3.3HG0301710	PHT4-3	Laureate	3H:546473395:C:T	REF
HORVU.MOREX.r3.3HG0301710	PHT4-3	LG Diablo	3H:546473395:C:T	missing
HORVU.MOREX.r3.3HG0301710	PHT4-3	Avalon	3H:546473414:C:T	REF
HORVU.MOREX.r3.3HG0301710	PHT4-3	KWS Irina	3H:546473414:C:T	REF
HORVU.MOREX.r3.3HG0301710	PHT4-3	Odyssey	3H:546473414:C:T	REF
HORVU.MOREX.r3.3HG0301710	PHT4-3	Laureate	3H:546473414:C:T	REF
HORVU.MOREX.r3.3HG0301710	PHT4-3	LG Diablo	3H:546473414:C:T	REF
HORVU.MOREX.r3.3HG0301710	PHT4-3	Avalon	3H:546473431:C:T	REF
HORVU.MOREX.r3.3HG0301710	PHT4-3	KWS Irina	3H:546473431:C:T	REF
HORVU.MOREX.r3.3HG0301710	PHT4-3	Odyssey	3H:546473431:C:T	REF
HORVU.MOREX.r3.3HG0301710	PHT4-3	Laureate	3H:546473431:C:T	REF
HORVU.MOREX.r3.3HG0301710	PHT4-3	LG Diablo	3H:546473431:C:T	REF
HORVU.MOREX.r3.3HG0301710	PHT4-3	Avalon	3H:546473483:A:G	missing
HORVU.MOREX.r3.3HG0301710	PHT4-3	KWS Irina	3H:546473483:A:G	REF
HORVU.MOREX.r3.3HG0301710	PHT4-3	Odyssey	3H:546473483:A:G	REF
HORVU.MOREX.r3.3HG0301710	PHT4-3	Laureate	3H:546473483:A:G	REF
HORVU.MOREX.r3.3HG0301710	PHT4-3	LG Diablo	3H:546473483:A:G	REF
HORVU.MOREX.r3.3HG0301710	PHT4-3	Avalon	3H:546473963:C:T	REF
HORVU.MOREX.r3.3HG0301710	PHT4-3	KWS Irina	3H:546473963:C:T	missing
HORVU.MOREX.r3.3HG0301710	PHT4-3	Odyssey	3H:546473963:C:T	REF
HORVU.MOREX.r3.3HG0301710	PHT4-3	Laureate	3H:546473963:C:T	missing
HORVU.MOREX.r3.3HG0301710	PHT4-3	LG Diablo	3H:546473963:C:T	REF
HORVU.MOREX.r3.3HG0301710	PHT4-3	Avalon	3H:546474197:C:A	REF
HORVU.MOREX.r3.3HG0301710	PHT4-3	KWS Irina	3H:546474197:C:A	REF
HORVU.MOREX.r3.3HG0301710	PHT4-3	Odyssey	3H:546474197:C:A	missing
HORVU.MOREX.r3.3HG0301710	PHT4-3	Laureate	3H:546474197:C:A	REF
HORVU.MOREX.r3.3HG0301710	PHT4-3	LG Diablo	3H:546474197:C:A	REF
HORVU.MOREX.r3.3HG0301710	PHT4-3	Avalon	3H:546474211:T:A	REF
HORVU.MOREX.r3.3HG0301710	PHT4-3	KWS Irina	3H:546474211:T:A	REF
HORVU.MOREX.r3.3HG0301710	PHT4-3	Odyssey	3H:546474211:T:A	missing
HORVU.MOREX.r3.3HG0301710	PHT4-3	Laureate	3H:546474211:T:A	REF
HORVU.MOREX.r3.3HG0301710	PHT4-3	LG Diablo	3H:546474211:T:A	REF
HORVU.MOREX.r3.3HG0301710	PHT4-3	Avalon	3H:546476003:G:A	REF
HORVU.MOREX.r3.3HG0301710	PHT4-3	KWS Irina	3H:546476003:G:A	REF
HORVU.MOREX.r3.3HG0301710	PHT4-3	Odyssey	3H:546476003:G:A	REF
HORVU.MOREX.r3.3HG0301710	PHT4-3	Laureate	3H:546476003:G:A	REF
HORVU.MOREX.r3.3HG0301710	PHT4-3	LG Diablo	3H:546476003:G:A	REF
HORVU.MOREX.r3.3HG0301710	PHT4-3	Avalon	3H:546476131:T:C	REF
HORVU.MOREX.r3.3HG0301710	PHT4-3	KWS Irina	3H:546476131:T:C	REF
HORVU.MOREX.r3.3HG0301710	PHT4-3	Odyssey	3H:546476131:T:C	REF
HORVU.MOREX.r3.3HG0301710	PHT4-3	Laureate	3H:546476131:T:C	REF
HORVU.MOREX.r3.3HG0301710	PHT4-3	LG Diablo	3H:546476131:T:C	REF
HORVU.MOREX.r3.3HG0301710	PHT4-3	Avalon	3H:546476719:A:T	missing
HORVU.MOREX.r3.3HG0301710	PHT4-3	KWS Irina	3H:546476719:A:T	missing
HORVU.MOREX.r3.3HG0301710	PHT4-3	Odyssey	3H:546476719:A:T	REF
HORVU.MOREX.r3.3HG0301710	PHT4-3	Laureate	3H:546476719:A:T	missing
HORVU.MOREX.r3.3HG0301710	PHT4-3	LG Diablo	3H:546476719:A:T	REF
HORVU.MOREX.r3.3HG0301710	PHT4-3	Avalon	3H:546477112:G:A	REF
HORVU.MOREX.r3.3HG0301710	PHT4-3	KWS Irina	3H:546477112:G:A	REF
HORVU.MOREX.r3.3HG0301710	PHT4-3	Odyssey	3H:546477112:G:A	REF
HORVU.MOREX.r3.3HG0301710	PHT4-3	Laureate	3H:546477112:G:A	REF
HORVU.MOREX.r3.3HG0301710	PHT4-3	LG Diablo	3H:546477112:G:A	REF
HORVU.MOREX.r3.3HG0301710	PHT4-3	Avalon	3H:546477675:A:G	REF
HORVU.MOREX.r3.3HG0301710	PHT4-3	KWS Irina	3H:546477675:A:G	REF
HORVU.MOREX.r3.3HG0301710	PHT4-3	Odyssey	3H:546477675:A:G	REF
HORVU.MOREX.r3.3HG0301710	PHT4-3	Laureate	3H:546477675:A:G	REF
HORVU.MOREX.r3.3HG0301710	PHT4-3	LG Diablo	3H:546477675:A:G	REF
