gene_id	short_name	site	wild_alleles	elite_alleles	line_name	genotype
HORVU.MOREX.r3.3HG0301300	GPAT6	3H:545003306:G:A	G/A	G/C	Avalon	REF (G)
HORVU.MOREX.r3.3HG0301300	GPAT6	3H:545003306:G:A	G/A	G/C	KWS Irina	REF (G)
HORVU.MOREX.r3.3HG0301300	GPAT6	3H:545003306:G:A	G/A	G/C	Odyssey	REF (G)
HORVU.MOREX.r3.3HG0301300	GPAT6	3H:545003306:G:A	G/A	G/C	Laureate	REF (G)
HORVU.MOREX.r3.3HG0301300	GPAT6	3H:545003306:G:A	G/A	G/C	LG Diablo	REF (G)
HORVU.MOREX.r3.5HG0487060	GH17	5H:462728384:G:A	G/A	G/T	Avalon	REF (G)
HORVU.MOREX.r3.5HG0487060	GH17	5H:462728384:G:A	G/A	G/T	KWS Irina	REF (G)
HORVU.MOREX.r3.5HG0487060	GH17	5H:462728384:G:A	G/A	G/T	Odyssey	REF (G)
HORVU.MOREX.r3.5HG0487060	GH17	5H:462728384:G:A	G/A	G/T	Laureate	missing
HORVU.MOREX.r3.5HG0487060	GH17	5H:462728384:G:A	G/A	G/T	LG Diablo	REF (G)
