Trait	Locus	Lead SNP	Gene ID	Chromosome	Gene start (bp)	Gene end (bp)	Strand	Distance to lead SNP (bp)	MorexV3 functional description	SNPs in gene window	Testable	Reason not testable	Accessions grouped	Haplotype groups	Group sizes	Kruskal–Wallis P	BH q	η²	Difference (SD)	Significant (q ≤ 0.05)	Annotation call	Annotation source	Swiss-Prot call	InterPro call	NCBI nr call	Best Swiss-Prot hit	Swiss-Prot accession	Identity (%)	Coverage (%)	Swiss-Prot hit accepted	Pfam domains	Best nr hit (nr accession)	nr identity (%)	nr coverage (%)	Carried forward
β-glucan	betaglucan_L01	1H:479493867	HORVU.MOREX.r3.1HG0077790	1H	479501918	479505184	-	8051		32	Y		147	5	40, 40, 37, 16, 14	0.0118352793798708	0.0177529190698061	0.0625928308780249	0.787477559860622	Y	Calcium-transporting ATPase 7, plasma membrane-type	Swiss-Prot	Calcium-transporting ATPase 7, plasma membrane-type	IPR001757:P-type ATPase; IPR018303:P-type ATPase, phosphorylation site; IPR004014:Cation-transporting P-type ATPase, N-terminal; IPR023298:P-type ATPase, transmembrane domain superfamily; IPR059000:P-type ATPase, A domain; IPR023299:P-type ATPase, cytoplasmic domain N; IPR008250:P-type ATPase, A domain superfamily; IPR006408:P-type ATPase, subfamily IIB; IPR044492:P-type ATPase, haloacid dehalogenase domain; IPR023214:HAD superfamily; IPR006068:Cation-transporting P-type ATPase, C-terminal; IPR036412:HAD-like superfamily		Calcium-transporting ATPase 7, plasma membrane-type	Q7XEK4	80.3	99.5	Y	PF00122, PF00689, PF00690, PF13246				N
β-glucan	betaglucan_L03	3H:475967335	HORVU.MOREX.r3.3HG0287240	3H	475865688	475866452	+	-100883		24	Y		200	5	84, 35, 34, 33, 14	0.00073128985034487	0.00219386955103461	0.077739807545402	1.0498616284941	Y	Late embryogenesis abundant protein, LEA_2 subgroup; Late embryogenesis abundant protein Lea14-like_2	InterPro		IPR004864:Late embryogenesis abundant protein, LEA_2 subgroup; IPR055301:Late embryogenesis abundant protein Lea14-like_2							PF03168				N
β-glucan	betaglucan_L03	3H:475967335	HORVU.MOREX.r3.3HG0287270	3H	475976742	475977341	-	9407		9	Y		254	2	182, 72	0.000618445282144717	0.00219386955103461	0.0425381810090683	0.520972799489172	Y	RING-H2 finger protein ATL67	Swiss-Prot	RING-H2 finger protein ATL67	IPR001841:Zinc finger, RING-type; IPR013083:Zinc finger, RING/FYVE/PHD-type; IPR044289:RING-H2 finger protein ATL67-70		RING-H2 finger protein ATL67	O82353	53.7	96.5	Y	PF13639				N
β-glucan	betaglucan_L06	4H:34971609	HORVU.MOREX.r3.4HG0341560	4H	34974960	34976804	+	3351		13	Y		232	2	215, 17	0.0158737394881782	0.0190484873858138	0.0209426374313756	0.577435551673541	Y	Protein VERNALIZATION 3	Swiss-Prot	Protein VERNALIZATION 3	IPR035810:Phosphatidylethanolamine-binding protein, eukaryotic; IPR036610:PEBP-like superfamily; IPR008914:Phosphatidylethanolamine-binding protein; IPR001858:Phosphatidylethanolamine-binding, conserved site		Protein VERNALIZATION 3	I1H0V9	67.8	97.2	Y	PF01161				N
β-glucan	betaglucan_L07	4H:528254769	HORVU.MOREX.r3.4HG0395760	4H	528266382	528267071	+	11613		0	N	No SNP in the gene window																							N
β-glucan	betaglucan_L07	4H:528254769	HORVU.MOREX.r3.4HG0395770	4H	528384420	528390071	+	129651		6	Y		242	2	197, 45	0.0195217422075336	0.0195217422075336	0.0185590169190391	0.383970805407592	Y	SIL1/FES1/HPBP1; Armadillo-like helical	InterPro		IPR050693:SIL1/FES1/HPBP1; IPR011989:Armadillo-like helical											N
β-glucan	betaglucan_L07	4H:528254769	HORVU.MOREX.r3.4HG0395810	4H	528409135	528411651	+	154366		13	Y		188	4	107, 43, 27, 11	0.00292864660231596	0.00585729320463191	0.0596891781331824	1.07293639591412	Y	MA3 DOMAIN-CONTAINING TRANSLATION REGULATORY FACTOR 2	Swiss-Prot	MA3 DOMAIN-CONTAINING TRANSLATION REGULATORY FACTOR 2	IPR003891:Initiation factor eIF-4 gamma, MA3; IPR016024:Armadillo-type fold; IPR039778:Programmed cell death protein 4		MA3 DOMAIN-CONTAINING TRANSLATION REGULATORY FACTOR 2	O80548	57.8	91.6	Y	PF02847				N
Fiber	fiber_L07	3H:543690146	HORVU.MOREX.r3.3HG0301080	3H	543707098	543711477	-	16952		14	N	No marker group formed (ε = 0.6, MGmin = 2)																							N
Fiber	fiber_L07	3H:543690146	HORVU.MOREX.r3.3HG0301090	3H	543765921	543766614	+	75775		0	N	No SNP in the gene window																							N
Fiber	fiber_L07	3H:543690146	HORVU.MOREX.r3.3HG0301110	3H	543921029	543922864	+	230883		17	Y		149	4	65, 38, 31, 15	1.17411085703722e-06	5.26190274950985e-06	0.188507706712621	1.09934576516764	Y	Nematode resistance protein-like HSPRO1	Swiss-Prot	Nematode resistance protein-like HSPRO1	IPR038759:HSPRO1/HSPRO2; IPR009869:Nematode resistance protein-like HSPRO1, N-terminal; IPR037217:Tryptophan/Indoleamine 2,3-dioxygenase-like; IPR009743:Hs1pro-1, C-terminal		Nematode resistance protein-like HSPRO1	Q9LY61	48.7	90.8	Y	PF07014, PF07231				N
Fiber	fiber_L08	3H:544084309	HORVU.MOREX.r3.3HG0301130	3H	544105170	544106206	+	20861		20	Y		163	3	75, 58, 30	0.25687344344224	0.305037214087659	0.00448964691677816	0.418615903325845	N															N
Fiber	fiber_L08	3H:544084309	HORVU.MOREX.r3.3HG0301170	3H	544208100	544210278	-	123791		18	Y		201	4	92, 61, 35, 13	7.70074684016632e-08	4.87713966543867e-07	0.167221089854155	1.3424812761802	Y	SANT/Myb domain; Transcription factors Myb-like; Homeodomain-like superfamily; Myb domain	InterPro		IPR001005:SANT/Myb domain; IPR050560:Transcription factors Myb-like; IPR009057:Homeodomain-like superfamily; IPR017930:Myb domain		Transcription factor MYB118	Q9LVW4	56.9	33.0	N	PF00249				N
Fiber	fiber_L08	3H:544084309	HORVU.MOREX.r3.3HG0301210	3H	544400664	544401257	-	316355		14	Y		187	4	99, 46, 30, 12	6.02670917602401e-11	1.14507474344456e-09	0.2599714435546	1.80271422112391	Y	ZMYM1-like, RNase-like domain	InterPro		IPR025398:ZMYM1-like, RNase-like domain							PF14291				N
Fiber	fiber_L08	3H:544084309	HORVU.MOREX.r3.3HG0301250	3H	544854098	544856786	-	769789		47	N	crosshap stopped with an internal error																							N
Fiber	fiber_L08	3H:544084309	HORVU.MOREX.r3.3HG0301260	3H	544955603	544955878	+	871294		11	Y		205	4	144, 37, 12, 12	0.000178926332475371	0.000424950039629007	0.0840276859044025	1.43467220089999	Y	Retrovirus-related Pol polyprotein from transposon TNT 1-94	Swiss-Prot	Retrovirus-related Pol polyprotein from transposon TNT 1-94	IPR013103:Reverse transcriptase, RNA-dependent DNA polymerase		Retrovirus-related Pol polyprotein from transposon TNT 1-94	P10978	50.7	82.4	Y	PF07727				N
Fiber	fiber_L08	3H:544084309	HORVU.MOREX.r3.3HG0301270	3H	544959342	544959835	+	875033		1	N	Fewer than two SNPs shared by the observed and imputed genotypes																							N
Fiber	fiber_L08	3H:544084309	HORVU.MOREX.r3.3HG0301300	3H	545000419	545004865	+	916110		54	Y		123	3	85, 20, 18	1.38471124987101e-06	5.26190274950985e-06	0.20816698206514	1.51155036243839	Y	Glycerol-3-phosphate 2-O-acyltransferase 6	Swiss-Prot	Glycerol-3-phosphate 2-O-acyltransferase 6	IPR002123:Phospholipid/glycerol acyltransferase; IPR023214:HAD superfamily; IPR036412:HAD-like superfamily; IPR056462:Glycerol-3-phosphate acyltransferase RAM2/GPAT1-8, HAD-like domain		Glycerol-3-phosphate 2-O-acyltransferase 6	O80437	69.3	97.8	Y	PF01553, PF23270				Y
Fiber	fiber_L08	3H:544084309	HORVU.MOREX.r3.3HG0301330	3H	545059647	545060882	+	975338		22	Y		204	4	144, 23, 22, 15	8.07749578043876e-10	7.67362099141682e-09	0.211387803247685	1.75415128445254	Y	WUSCHEL-related homeobox 9	Swiss-Prot	WUSCHEL-related homeobox 9	IPR001356:Homeodomain; IPR009057:Homeodomain-like superfamily; IPR044555:Protein WUSCHEL-like		WUSCHEL-related homeobox 9	Q8W0F1	82.9	97.6	Y	PF00046				N
Fiber	fiber_L08	3H:544084309	HORVU.MOREX.r3.3HG0301370	3H	545246100	545248079	-	1161791		2	N	No marker group formed (ε = 0.6, MGmin = 2)																							N
Fiber	fiber_L08	3H:544084309	HORVU.MOREX.r3.3HG0301390	3H	545405977	545407403	-	1321668		12	Y		205	3	107, 83, 15	0.0206732388221401	0.0357083216018784	0.0285041111449101	0.485563757006024	Y	C2 domain; C2 domain superfamily; SRC2/BAP, C2 domain	InterPro		IPR000008:C2 domain; IPR035892:C2 domain superfamily; IPR044750:SRC2/BAP, C2 domain							PF00168				N
Fiber	fiber_L08	3H:544084309	HORVU.MOREX.r3.3HG0301400	3H	545421099	545423396	-	1336790	Pentatricopeptide repeat-containing protein At2g41080 [Source:Projected from Arabidopsis thaliana (AT2G41080) UniProtKB/Swiss-Prot;Acc:Q8S9M4]	44	Y		124	2	104, 20	0.0287017243494827	0.0454443968866809	0.0310279949558636	0.569228448587298	Y	Pentatricopeptide repeat-containing protein At2g41080	Swiss-Prot	Pentatricopeptide repeat-containing protein At2g41080	IPR002885:Pentatricopeptide repeat; IPR011990:Tetratricopeptide-like helical domain superfamily; IPR032867:DYW domain; IPR046960:Pentatricopeptide repeat-containing protein At4g14850-like, plant; IPR046848:E motif		Pentatricopeptide repeat-containing protein At2g41080	Q8S9M4	50.2	96.6	Y	PF01535, PF13041, PF14432, PF20431				N
Fiber	fiber_L08	3H:544084309	HORVU.MOREX.r3.3HG0301430	3H	545587231	545588629	+	1502922		22	Y		245	2	228, 17	0.870370178342089	0.870370178342089	0.0	0.129587005213454	N															N
Fiber	fiber_L09	4H:24707376	HORVU.MOREX.r3.4HG0339140	4H	24791689	24793640	+	84313		24	Y		140	5	75, 23, 22, 10, 10	5.191653528598e-05	0.000140916310061946	0.155052511340146	1.85384313372759	Y	uncharacterized (conserved, unnamed)	None										uncharacterized protein LOC123451082 (XP_044984029.1)	100.0	100.0	N
Fiber	fiber_L12	5H:377309369	HORVU.MOREX.r3.5HG0471420	5H	377295106	377298080	-	-11289		5	Y		239	2	225, 14	0.138318085047953	0.179533940054677	0.0050488245931281	0.424288230730125	N															N
Fiber	fiber_L12	5H:377309369	HORVU.MOREX.r3.5HG0471430	5H	377347085	377347789	+	37716		0	N	No SNP in the gene window																							N
Fiber	fiber_L12	5H:377309369	HORVU.MOREX.r3.5HG0471460	5H	377402131	377407092	-	92762		5	Y		247	2	214, 33	0.836174429940798	0.870370178342089	0.0	0.0156475739860402	N															N
Fiber	fiber_L14	5H:462564771	HORVU.MOREX.r3.5HG0487000	5H	462605503	462606543	+	40732		3	N	No marker group formed (ε = 0.6, MGmin = 2)																							N
Fiber	fiber_L14	5H:462564771	HORVU.MOREX.r3.5HG0487010	5H	462608413	462611872	-	43642		4	N	No marker group formed (ε = 0.6, MGmin = 2)																							N
Fiber	fiber_L14	5H:462564771	HORVU.MOREX.r3.5HG0487030	5H	462687877	462688836	+	123106		15	Y		172	5	87, 27, 27, 18, 13	0.141737321095798	0.179533940054677	0.0173140370310679	0.683489567632584	N															N
Fiber	fiber_L14	5H:462564771	HORVU.MOREX.r3.5HG0487040	5H	462689002	462689973	-	124231		9	Y		245	2	163, 82	0.806820299385177	0.870370178342089	0.0	0.0542543452291972	N															N
Fiber	fiber_L14	5H:462564771	HORVU.MOREX.r3.5HG0487060	5H	462726793	462731160	+	162022		41	Y		107	5	36, 31, 16, 14, 10	2.35884535726018e-05	7.46967696465725e-05	0.221885114759698	1.40683871517939	Y	Glucan endo-1,3-beta-glucosidase 5	Swiss-Prot	Glucan endo-1,3-beta-glucosidase 5	IPR012946:X8 domain; IPR017853:Glycoside hydrolase superfamily; IPR000490:Glycoside hydrolase family 17; IPR044965:Glycoside hydrolase family 17, plant; IPR061911:Glycosyl hydrolases family 17, conserved site		Glucan endo-1,3-beta-glucosidase 5	Q9M088	62.7	90.9	Y	PF00332, PF07983				Y
Fiber	fiber_L14	5H:462564771	HORVU.MOREX.r3.5HG0487070	5H	462757215	462758526	+	192444		8	N	No marker group formed (ε = 0.6, MGmin = 2)																							N
Fiber	fiber_L14	5H:462564771	HORVU.MOREX.r3.5HG0487080	5H	462784345	462785741	+	219574		24	Y		172	3	141, 21, 10	0.0705452046096375	0.103104529814086	0.0195443973314578	0.649463674457269	N															N
Fiber	fiber_L14	5H:462564771	HORVU.MOREX.r3.5HG0487090	5H	462833801	462835094	-	269030		13	Y		178	3	99, 68, 11	0.00100776295022526	0.00212749956158666	0.0674288263476196	0.77610985821446	Y	Tuliposide A-converting enzyme 1, chloroplastic	Swiss-Prot	Tuliposide A-converting enzyme 1, chloroplastic	IPR050466:Carboxylesterases/Gibberellin receptors; IPR029058:Alpha/Beta hydrolase fold; IPR013094:Alpha/beta hydrolase fold-3		Tuliposide A-converting enzyme 1, chloroplastic	I4DST8	46.1	97.8	Y	PF07859				N
Fiber	fiber_L16	7H:415651802	HORVU.MOREX.r3.7HG0703630	7H	415447119	415448694	-	-203108		35	Y		149	2	129, 20	0.0136315824185979	0.0259000065953361	0.0345934714971258	0.559114519594439	Y	L-type lectin-domain containing receptor kinase IX.1	Swiss-Prot	L-type lectin-domain containing receptor kinase IX.1	IPR000719:Protein kinase domain; IPR001220:Legume lectin domain; IPR011009:Protein kinase-like domain superfamily; IPR008271:Serine/threonine-protein kinase, active site; IPR017441:Protein kinase, ATP binding site; IPR013320:Concanavalin A-like lectin/glucanase domain superfamily; IPR050528:L-type Lectin-Domain Containing Receptor Kinases		L-type lectin-domain containing receptor kinase IX.1	Q9LXA5	46.9	90.9	Y	PF00069, PF00139				N
Fiber	fiber_L16	7H:415651802	HORVU.MOREX.r3.7HG0703650	7H	415451336	415451719	-	-200083		1	N	Fewer than two SNPs shared by the observed and imputed genotypes																							N
Fiber	fiber_L16	7H:415651802	HORVU.MOREX.r3.7HG0703660	7H	415474235	415474711	+	-177091		4	N	No marker group formed (ε = 0.6, MGmin = 2)																							N
Fiber	fiber_L16	7H:415651802	HORVU.MOREX.r3.7HG0703680	7H	415491005	415491794	-	-160008		5	N	No marker group formed (ε = 0.6, MGmin = 2)																							N
Fiber	fiber_L16	7H:415651802	HORVU.MOREX.r3.7HG0703720	7H	416072919	416076850	+	421117		2	N	No marker group formed (ε = 0.6, MGmin = 2)																							N
Protein	protein_L01	3H:106623911	HORVU.MOREX.r3.3HG0245470	3H	105666595	105678113	+	-945798		5	N	No marker group formed (ε = 0.6, MGmin = 2)																							N
Protein	protein_L01	3H:106623911	HORVU.MOREX.r3.3HG0245480	3H	105846946	105850007	+	-773904		1	N	Fewer than two SNPs shared by the observed and imputed genotypes																							N
Protein	protein_L01	3H:106623911	HORVU.MOREX.r3.3HG0245510	3H	105992397	105993069	-	-630842		0	N	No SNP in the gene window																							N
Protein	protein_L01	3H:106623911	HORVU.MOREX.r3.3HG0245560	3H	106441309	106443936	+	-179975		0	N	No SNP in the gene window																							N
Protein	protein_L01	3H:106623911	HORVU.MOREX.r3.3HG0245570	3H	106865321	106865835	+	241410		2	N	No marker group formed (ε = 0.6, MGmin = 2)																							N
Protein	protein_L02	3H:159799839	HORVU.MOREX.r3.3HG0252010	3H	159828471	159829398	-	28632		0	N	No SNP in the gene window																							N
Starch	starch_L01	1H:330432546	HORVU.MOREX.r3.1HG0049610	1H	330388377	330391834	+	-40712		12	Y		206	3	108, 73, 25	0.0256545843733683	0.0256545843733683	0.0262367782791009	0.581928974101874	Y	SH3 domain-containing protein 2	Swiss-Prot	SH3 domain-containing protein 2	IPR050384:Endophilin/SH3RF; IPR036028:SH3-like domain superfamily; IPR001452:SH3 domain; IPR027267:AH/BAR domain superfamily		SH3 domain-containing protein 2	Q8VWF1	69.4	100.0	Y	PF07653				N
Starch	starch_L01	1H:330432546	HORVU.MOREX.r3.1HG0049620	1H	330392505	330397118	+	-35428		4	N	No marker group formed (ε = 0.6, MGmin = 2)																							N
Starch	starch_L03	3H:546433616	HORVU.MOREX.r3.3HG0301650	3H	546327317	546327709	-	-105907		2	N	No marker group formed (ε = 0.6, MGmin = 2)																							N
Starch	starch_L03	3H:546433616	HORVU.MOREX.r3.3HG0301700	3H	546468087	546468890	-	34471		0	N	No SNP in the gene window																							N
Starch	starch_L03	3H:546433616	HORVU.MOREX.r3.3HG0301710	3H	546473709	546477564	+	40093	Phosphate transporter 43 [Source:Projected from Arabidopsis thaliana (AT3G46980) UniProtKB/TrEMBL;Acc:A0A1I9LP04]	16	Y		205	4	137, 41, 17, 10	0.000306343889540315	0.000382929861925394	0.0784126944934966	1.31403600678086	Y	Probable anion transporter 3, chloroplastic	Swiss-Prot	Probable anion transporter 3, chloroplastic	IPR020846:Major facilitator superfamily domain; IPR044777:Solute carrier family 17 member 9-like; IPR036259:MFS transporter superfamily; IPR050382:Vesicular glutamate transporter-like; IPR011701:Major facilitator superfamily		Probable anion transporter 3, chloroplastic	Q8W0H5	84.2	99.8	Y	PF07690				Y
Starch	starch_L03	3H:546433616	HORVU.MOREX.r3.3HG0301720	3H	546479164	546483019	+	45548		26	Y		148	4	86, 29, 19, 14	5.38789636424945e-06	8.97982727374909e-06	0.167941872223784	1.33628018679615	Y	Calmodulin-binding receptor-like cytoplasmic kinase 1	Swiss-Prot	Calmodulin-binding receptor-like cytoplasmic kinase 1	IPR008271:Serine/threonine-protein kinase, active site; IPR017441:Protein kinase, ATP binding site; IPR001245:Serine-threonine/tyrosine-protein kinase, catalytic domain; IPR011009:Protein kinase-like domain superfamily; IPR000719:Protein kinase domain		Calmodulin-binding receptor-like cytoplasmic kinase 1	Q9FIL7	57.7	70.0	Y	PF07714				N
Starch	starch_L04	6H:525776080	HORVU.MOREX.r3.6HG0619800	6H	525427146	525428261	+	-347819		8	N	No marker group formed (ε = 0.6, MGmin = 2)																							N
Starch	starch_L04	6H:525776080	HORVU.MOREX.r3.6HG0619810	6H	525449046	525450172	-	-325908		12	Y		189	3	103, 62, 24	1.09664498415856e-11	5.4832249207928e-11	0.260604091594675	1.89972717404452	Y	uncharacterized (conserved, unnamed)	None										hypothetical protein ZWY2020_045447 (KAI5020559.1)	85.366	95.0	N
Starch	starch_L04	6H:525776080	HORVU.MOREX.r3.6HG0619820	6H	525613893	525627862	+	-148218		24	Y		167	5	78, 42, 20, 16, 11	5.13036008325974e-10	1.28259002081493e-09	0.279439738482076	2.35991928446785	Y	Kinesin-like protein KIN-7D, chloroplastic	Swiss-Prot	Kinesin-like protein KIN-7D, chloroplastic	IPR001752:Kinesin motor domain; IPR027417:P-loop containing nucleoside triphosphate hydrolase; IPR027640:Kinesin-like protein; IPR019821:Kinesin motor domain, conserved site; IPR036961:Kinesin motor domain superfamily		Kinesin-like protein KIN-7D, chloroplastic	Q6YZ52	82.8	100.0	Y	PF00225				N
Starch	starch_L04	6H:525776080	HORVU.MOREX.r3.6HG0619890	6H	525913405	525914470	-	137325	Allene oxide cyclase, Biosynthesis of jasmonic acid, Defence respons [Source: Projected from Oryza sativa (Os03g0438100)]	3	N	No marker group formed (ε = 0.6, MGmin = 2)																							N
