trait	gene_id	haplotype_group	n	mean_pheno	median_pheno	sd_pheno
"betaglucan"	"HORVU.MOREX.r3.1HG0077790"	"C"	37	0.230763088644698	0.179331675921497	0.504527060902991
"betaglucan"	"HORVU.MOREX.r3.1HG0077790"	"D"	16	0.155702047209731	0.213410073205556	0.424749695065529
"betaglucan"	"HORVU.MOREX.r3.1HG0077790"	"A"	40	-0.0642499403890718	-0.00500902206217472	0.425768277422346
"betaglucan"	"HORVU.MOREX.r3.1HG0077790"	"B"	40	-0.109839779976366	-0.12378054393898	0.351804293499943
"betaglucan"	"HORVU.MOREX.r3.1HG0077790"	"E"	14	-0.123249326921976	-0.139963353992297	0.443608343217765
"betaglucan"	"HORVU.MOREX.r3.3HG0287240"	"B"	35	0.206374492047965	0.303038760167916	0.574787287931656
"betaglucan"	"HORVU.MOREX.r3.3HG0287240"	"D"	33	0.0743923183918743	-0.00702857602567884	0.438344308700694
"betaglucan"	"HORVU.MOREX.r3.3HG0287240"	"E"	14	-0.0142525033883187	-0.00314000840351949	0.422989230098794
"betaglucan"	"HORVU.MOREX.r3.3HG0287240"	"A"	84	-0.0226363737320745	-0.0299951394041671	0.393006593750639
"betaglucan"	"HORVU.MOREX.r3.3HG0287240"	"C"	34	-0.268470359863012	-0.322110854039875	0.349206185446279
"betaglucan"	"HORVU.MOREX.r3.3HG0287270"	"B"	72	0.13133936640307	0.113873498335238	0.4627088986381
"betaglucan"	"HORVU.MOREX.r3.3HG0287270"	"A"	182	-0.0878446601466837	-0.104443447380324	0.386962444059541
"betaglucan"	"HORVU.MOREX.r3.4HG0341560"	"B"	17	0.231362376794833	0.269634805460005	0.440107689085225
"betaglucan"	"HORVU.MOREX.r3.4HG0341560"	"A"	215	-0.0228837914930969	-0.033106553825935	0.435919740600487
"betaglucan"	"HORVU.MOREX.r3.4HG0395770"	"B"	45	0.111928765820815	0.176900066510473	0.466802710057849
"betaglucan"	"HORVU.MOREX.r3.4HG0395770"	"A"	197	-0.0466910841790038	-0.0800427049983947	0.395241691503307
"betaglucan"	"HORVU.MOREX.r3.4HG0395810"	"C"	27	0.284766650050276	0.176029380244488	0.487230618462444
"betaglucan"	"HORVU.MOREX.r3.4HG0395810"	"D"	11	0.0145381034817544	-0.00702857602567884	0.399871145763455
"betaglucan"	"HORVU.MOREX.r3.4HG0395810"	"A"	107	-0.0406513037833658	-0.080250336875411	0.370111001495261
"betaglucan"	"HORVU.MOREX.r3.4HG0395810"	"B"	43	-0.159540487944971	-0.113989773641958	0.389529882942819
"fiber"	"HORVU.MOREX.r3.3HG0301110"	"A"	65	0.140020260133384	0.137333265836466	0.33654584800349
"fiber"	"HORVU.MOREX.r3.3HG0301110"	"B"	38	-0.109240706578347	-0.117373393668435	0.22113084792879
"fiber"	"HORVU.MOREX.r3.3HG0301110"	"C"	31	-0.138759960082681	-0.134983156691527	0.164965403333779
"fiber"	"HORVU.MOREX.r3.3HG0301110"	"D"	15	-0.192388939476191	-0.218120972385479	0.240601491366575
"fiber"	"HORVU.MOREX.r3.3HG0301130"	"A"	75	0.0127826003425989	-0.0878651951234878	0.339112909843438
"fiber"	"HORVU.MOREX.r3.3HG0301130"	"B"	58	-0.016537692075943	-0.0414018308930725	0.292963204761966
"fiber"	"HORVU.MOREX.r3.3HG0301130"	"C"	30	-0.112325713217809	-0.0997872931627715	0.158728926547
"fiber"	"HORVU.MOREX.r3.3HG0301170"	"C"	35	0.290478929725041	0.277974001435001	0.333235486950402
"fiber"	"HORVU.MOREX.r3.3HG0301170"	"A"	92	-0.0491174269820332	-0.0617918471955165	0.223027429996167
"fiber"	"HORVU.MOREX.r3.3HG0301170"	"D"	13	-0.0558738396782993	-0.036071221982671	0.23874209380624
"fiber"	"HORVU.MOREX.r3.3HG0301170"	"B"	61	-0.0927390770194841	-0.103101510008083	0.24403614000484
"fiber"	"HORVU.MOREX.r3.3HG0301210"	"C"	30	0.331274280876392	0.353723738360628	0.270789194337421
"fiber"	"HORVU.MOREX.r3.3HG0301210"	"A"	99	-0.0690161251949362	-0.0570290301167533	0.218987996140418
"fiber"	"HORVU.MOREX.r3.3HG0301210"	"D"	12	-0.112983088407663	-0.158036961303938	0.206998775075742
"fiber"	"HORVU.MOREX.r3.3HG0301210"	"B"	46	-0.169155339533417	-0.18056195843697	0.2106644788225
"fiber"	"HORVU.MOREX.r3.3HG0301260"	"C"	12	0.255632327444514	0.405667278730758	0.365744946277867
"fiber"	"HORVU.MOREX.r3.3HG0301260"	"A"	144	0.011708276888214	-0.0164702677772792	0.282551045153206
"fiber"	"HORVU.MOREX.r3.3HG0301260"	"D"	12	-0.12155203505726	-0.132311965157955	0.152187323705348
"fiber"	"HORVU.MOREX.r3.3HG0301260"	"B"	37	-0.150922068726202	-0.167399777583105	0.200052024353322
"fiber"	"HORVU.MOREX.r3.3HG0301300"	"C"	18	0.281144763958328	0.361783525417832	0.239855081989871
"fiber"	"HORVU.MOREX.r3.3HG0301300"	"B"	20	-0.0808984468824909	-0.0770738828477377	0.1766600229823
"fiber"	"HORVU.MOREX.r3.3HG0301300"	"A"	85	-0.119592547056658	-0.13911815265657	0.234066020218749
"fiber"	"HORVU.MOREX.r3.3HG0301330"	"D"	15	0.327857725374208	0.347316166508154	0.231607456173441
"fiber"	"HORVU.MOREX.r3.3HG0301330"	"C"	22	0.133930999293339	0.125318543442839	0.270148831823165
"fiber"	"HORVU.MOREX.r3.3HG0301330"	"B"	23	-0.0518339092714306	0.00213407901661102	0.21873798751442
"fiber"	"HORVU.MOREX.r3.3HG0301330"	"A"	144	-0.125114099748218	-0.145967261746402	0.213335067777647
"fiber"	"HORVU.MOREX.r3.3HG0301390"	"A"	107	0.0223397103974566	-0.0566441245847066	0.317666350513886
"fiber"	"HORVU.MOREX.r3.3HG0301390"	"C"	15	-0.0541743038718693	0.00213407901661102	0.209799168763343
"fiber"	"HORVU.MOREX.r3.3HG0301390"	"B"	83	-0.114217755820156	-0.13126961142251	0.219381224707207
"fiber"	"HORVU.MOREX.r3.3HG0301400"	"A"	104	-0.00347826613083724	-0.0592267032095544	0.305448125889465
"fiber"	"HORVU.MOREX.r3.3HG0301400"	"B"	20	-0.171601880037013	-0.179764754648871	0.184370985469417
"fiber"	"HORVU.MOREX.r3.3HG0301430"	"A"	228	-0.0338040105673607	-0.0866386439787749	0.284177901969252
"fiber"	"HORVU.MOREX.r3.3HG0301430"	"B"	17	-0.0700152717541895	-0.0463334289980505	0.209164560522324
"fiber"	"HORVU.MOREX.r3.4HG0339140"	"D"	10	0.433472279617932	0.428166308552533	0.181115868128306
"fiber"	"HORVU.MOREX.r3.4HG0339140"	"B"	23	0.0927533261132649	0.112609010161508	0.410516428117118
"fiber"	"HORVU.MOREX.r3.4HG0339140"	"E"	10	0.0124775539455958	-0.131069864279733	0.349996414042241
"fiber"	"HORVU.MOREX.r3.4HG0339140"	"C"	22	-0.0649043814411731	-0.0906746153800085	0.137439782192396
"fiber"	"HORVU.MOREX.r3.4HG0339140"	"A"	75	-0.110961764305239	-0.127512089033369	0.216330311221658
"fiber"	"HORVU.MOREX.r3.5HG0471420"	"A"	225	-0.0200398112832372	-0.0548587344516913	0.272414920586848
"fiber"	"HORVU.MOREX.r3.5HG0471420"	"B"	14	-0.133425983966352	-0.100305182436251	0.125468952662536
"fiber"	"HORVU.MOREX.r3.5HG0471460"	"B"	33	-0.0157622172635131	-0.0583144682136155	0.262116744908419
"fiber"	"HORVU.MOREX.r3.5HG0471460"	"A"	214	-0.0202846405668439	-0.0633335083870235	0.293509675020929
"fiber"	"HORVU.MOREX.r3.5HG0487030"	"D"	18	0.0798992803585299	0.0719797207903168	0.383897958336711
"fiber"	"HORVU.MOREX.r3.5HG0487030"	"B"	27	0.0486340136998861	0.0187717523106333	0.307900451082593
"fiber"	"HORVU.MOREX.r3.5HG0487030"	"A"	87	0.00479119966301863	-0.0506705897811154	0.301041443155229
"fiber"	"HORVU.MOREX.r3.5HG0487030"	"E"	13	-0.0896140285603588	-0.096097410411183	0.193802546917794
"fiber"	"HORVU.MOREX.r3.5HG0487030"	"C"	27	-0.12486681406441	-0.178233513960563	0.235158370998173
"fiber"	"HORVU.MOREX.r3.5HG0487040"	"A"	163	-0.00574065458460214	-0.0583144682136155	0.290097535457918
"fiber"	"HORVU.MOREX.r3.5HG0487040"	"B"	82	-0.0213305636000121	-0.0578891670580081	0.283284547437444
"fiber"	"HORVU.MOREX.r3.5HG0487060"	"E"	10	0.228562360885041	0.212647152203092	0.427959826350936
"fiber"	"HORVU.MOREX.r3.5HG0487060"	"C"	16	0.195400693861951	0.162490925934989	0.196169237380195
"fiber"	"HORVU.MOREX.r3.5HG0487060"	"B"	31	0.00656243613440545	0.0736996004500976	0.284381606788513
"fiber"	"HORVU.MOREX.r3.5HG0487060"	"D"	14	-0.0938777769372803	-0.085376551554802	0.148828694274316
"fiber"	"HORVU.MOREX.r3.5HG0487060"	"A"	36	-0.169181262975475	-0.170047581407027	0.190826009201842
"fiber"	"HORVU.MOREX.r3.5HG0487080"	"C"	10	0.0707147074830378	0.0900276563111357	0.127961867582987
"fiber"	"HORVU.MOREX.r3.5HG0487080"	"A"	141	-0.0180179994897228	-0.0583144682136155	0.309384042876635
"fiber"	"HORVU.MOREX.r3.5HG0487080"	"B"	21	-0.116308262060228	-0.111814906566804	0.133880720728861
"fiber"	"HORVU.MOREX.r3.5HG0487090"	"C"	11	0.0842689185889907	0.112609010161508	0.196783086245279
"fiber"	"HORVU.MOREX.r3.5HG0487090"	"A"	99	0.0222600125263518	-0.0463334289980505	0.323653928568135
"fiber"	"HORVU.MOREX.r3.5HG0487090"	"B"	68	-0.137152823478368	-0.142836801804281	0.195594079546684
"fiber"	"HORVU.MOREX.r3.7HG0703630"	"A"	129	-0.00419235720484112	-0.0312168435931692	0.268497286269205
"fiber"	"HORVU.MOREX.r3.7HG0703630"	"B"	20	-0.155352670310671	-0.196961501345444	0.250730574263839
"starch"	"HORVU.MOREX.r3.1HG0049610"	"A"	108	0.854007635227214	2.31185332605286	5.43685284610019
"starch"	"HORVU.MOREX.r3.1HG0049610"	"B"	73	-0.141291703030806	0.249526521183175	5.60215260806259
"starch"	"HORVU.MOREX.r3.1HG0049610"	"C"	25	-2.43213099291401	-2.02743945943861	6.08501328557941
"starch"	"HORVU.MOREX.r3.3HG0301710"	"A"	137	1.63230736529657	2.02165769609658	4.12480172899094
"starch"	"HORVU.MOREX.r3.3HG0301710"	"D"	10	-0.173858853839629	-1.09834821038396	4.29763523347652
"starch"	"HORVU.MOREX.r3.3HG0301710"	"B"	41	-1.60053850308831	0.556263455046962	6.98433295064496
"starch"	"HORVU.MOREX.r3.3HG0301710"	"C"	17	-5.54513406396478	-8.56152937281621	6.52218544446651
"starch"	"HORVU.MOREX.r3.3HG0301720"	"A"	86	1.82829268741385	2.61919351666906	4.59674378624037
"starch"	"HORVU.MOREX.r3.3HG0301720"	"C"	19	1.34111938472892	1.48136795507198	4.06848393122864
"starch"	"HORVU.MOREX.r3.3HG0301720"	"D"	14	1.15024353248212	1.1011706514881	3.5793480843812
"starch"	"HORVU.MOREX.r3.3HG0301720"	"B"	29	-5.68110628136991	-8.06897232235246	6.30601525074451
"starch"	"HORVU.MOREX.r3.6HG0619810"	"A"	103	1.97915659235017	3.23090303995746	5.18161921563828
"starch"	"HORVU.MOREX.r3.6HG0619810"	"B"	62	0.50781722384206	0.239793580763511	3.65768989164278
"starch"	"HORVU.MOREX.r3.6HG0619810"	"C"	24	-9.26332416313523	-10.1920192694107	4.89659922774447
"starch"	"HORVU.MOREX.r3.6HG0619820"	"B"	42	4.03149739913076	4.56672812194119	3.69721756606069
"starch"	"HORVU.MOREX.r3.6HG0619820"	"C"	20	1.63640462463311	2.28690075735782	5.12767828349262
"starch"	"HORVU.MOREX.r3.6HG0619820"	"A"	78	1.1993200484087	0.919838416067386	3.56370614927551
"starch"	"HORVU.MOREX.r3.6HG0619820"	"D"	16	-4.15173919690378	-4.30231477372096	5.4956905062951
"starch"	"HORVU.MOREX.r3.6HG0619820"	"E"	11	-8.2620667518957	-9.08640035946517	5.03239367666954
