trait	locus_id	chr	lead_SNP	class	lead_neg_log10p	n_genes_tested	n_genes_significant	best_gene	best_kw_p	best_fdr_q	max_eta_squared	n_genes_not_tested
"betaglucan"	"betaglucan_L01"	"1H"	"1H:479493867"	"significant_locus"	6.2281	1	1	"HORVU.MOREX.r3.1HG0077790"	0.0118352793798708	0.0177529190698061	0.0625928308780249	0
"betaglucan"	"betaglucan_L03"	"3H"	"3H:475967335"	"significant_locus"	6.0576	2	2	"HORVU.MOREX.r3.3HG0287270"	0.000618445282144717	0.00219386955103461	0.077739807545402	0
"betaglucan"	"betaglucan_L06"	"4H"	"4H:34971609"	"significant_locus"	7.0864	1	1	"HORVU.MOREX.r3.4HG0341560"	0.0158737394881782	0.0190484873858138	0.0209426374313756	0
"betaglucan"	"betaglucan_L07"	"4H"	"4H:528254769"	"significant_locus"	6.5307	2	2	"HORVU.MOREX.r3.4HG0395810"	0.00292864660231596	0.00585729320463191	0.0596891781331824	1
"fiber"	"fiber_L07"	"3H"	"3H:543690146"	"significant_locus"	6.3664	1	1	"HORVU.MOREX.r3.3HG0301110"	1.17411085703722e-06	5.26190274950985e-06	0.188507706712621	2
"fiber"	"fiber_L08"	"3H"	"3H:544084309"	"significant_locus"	6.2422	9	7	"HORVU.MOREX.r3.3HG0301210"	6.02670917602401e-11	1.14507474344456e-09	0.2599714435546	3
"fiber"	"fiber_L09"	"4H"	"4H:24707376"	"significant_locus"	7.0209	1	1	"HORVU.MOREX.r3.4HG0339140"	5.191653528598e-05	0.000140916310061946	0.155052511340146	0
"fiber"	"fiber_L12"	"5H"	"5H:377309369"	"significant_locus"	6.372	2	0	"HORVU.MOREX.r3.5HG0471420"	0.138318085047953	0.179533940054677	0.0050488245931281	1
"fiber"	"fiber_L14"	"5H"	"5H:462564771"	"significant_locus"	6.0506	5	2	"HORVU.MOREX.r3.5HG0487060"	2.35884535726018e-05	7.46967696465725e-05	0.221885114759698	3
"fiber"	"fiber_L16"	"7H"	"7H:415651802"	"significant_locus"	6.4915	1	1	"HORVU.MOREX.r3.7HG0703630"	0.0136315824185979	0.0259000065953361	0.0345934714971258	4
"starch"	"starch_L01"	"1H"	"1H:330432546"	"significant_locus"	6.1296	1	1	"HORVU.MOREX.r3.1HG0049610"	0.0256545843733683	0.0256545843733683	0.0262367782791009	1
"starch"	"starch_L03"	"3H"	"3H:546433616"	"significant_locus"	6.3441	2	2	"HORVU.MOREX.r3.3HG0301720"	5.38789636424945e-06	8.97982727374909e-06	0.167941872223784	2
"starch"	"starch_L04"	"6H"	"6H:525776080"	"significant_locus"	6.1175	2	2	"HORVU.MOREX.r3.6HG0619810"	1.09664498415856e-11	5.4832249207928e-11	0.279439738482076	2
