trait	gene_id	region	n_snps	n_samples
betaglucan	HORVU.MOREX.r3.1HG0077790	1H:479500918-479506184	32	290
betaglucan	HORVU.MOREX.r3.3HG0287240	3H:475864688-475867452	24	290
betaglucan	HORVU.MOREX.r3.3HG0287270	3H:475975742-475978341	9	290
betaglucan	HORVU.MOREX.r3.4HG0341560	4H:34973960-34977804	13	290
betaglucan	HORVU.MOREX.r3.4HG0395760	4H:528265382-528268071	0	290
betaglucan	HORVU.MOREX.r3.4HG0395770	4H:528383420-528391071	6	290
betaglucan	HORVU.MOREX.r3.4HG0395810	4H:528408135-528412651	13	290
fiber	HORVU.MOREX.r3.3HG0301080	3H:543706098-543712477	14	290
fiber	HORVU.MOREX.r3.3HG0301090	3H:543764921-543767614	0	290
fiber	HORVU.MOREX.r3.3HG0301110	3H:543920029-543923864	17	290
fiber	HORVU.MOREX.r3.3HG0301130	3H:544104170-544107206	20	290
fiber	HORVU.MOREX.r3.3HG0301170	3H:544207100-544211278	18	290
fiber	HORVU.MOREX.r3.3HG0301210	3H:544399664-544402257	14	290
fiber	HORVU.MOREX.r3.3HG0301250	3H:544853098-544857786	47	290
fiber	HORVU.MOREX.r3.3HG0301260	3H:544954603-544956878	11	290
fiber	HORVU.MOREX.r3.3HG0301270	3H:544958342-544960835	1	290
fiber	HORVU.MOREX.r3.3HG0301300	3H:544999419-545005865	54	290
fiber	HORVU.MOREX.r3.3HG0301330	3H:545058647-545061882	22	290
fiber	HORVU.MOREX.r3.3HG0301370	3H:545245100-545249079	2	290
fiber	HORVU.MOREX.r3.3HG0301390	3H:545404977-545408403	12	290
fiber	HORVU.MOREX.r3.3HG0301400	3H:545420099-545424396	44	290
fiber	HORVU.MOREX.r3.3HG0301430	3H:545586231-545589629	22	290
fiber	HORVU.MOREX.r3.4HG0339140	4H:24790689-24794640	24	290
fiber	HORVU.MOREX.r3.5HG0471420	5H:377294106-377299080	5	290
fiber	HORVU.MOREX.r3.5HG0471430	5H:377346085-377348789	0	290
fiber	HORVU.MOREX.r3.5HG0471460	5H:377401131-377408092	5	290
fiber	HORVU.MOREX.r3.5HG0487000	5H:462604503-462607543	3	290
fiber	HORVU.MOREX.r3.5HG0487010	5H:462607413-462612872	4	290
fiber	HORVU.MOREX.r3.5HG0487030	5H:462686877-462689836	15	290
fiber	HORVU.MOREX.r3.5HG0487040	5H:462688002-462690973	9	290
fiber	HORVU.MOREX.r3.5HG0487060	5H:462725793-462732160	41	290
fiber	HORVU.MOREX.r3.5HG0487070	5H:462756215-462759526	8	290
fiber	HORVU.MOREX.r3.5HG0487080	5H:462783345-462786741	24	290
fiber	HORVU.MOREX.r3.5HG0487090	5H:462832801-462836094	13	290
fiber	HORVU.MOREX.r3.7HG0703630	7H:415446119-415449694	35	290
fiber	HORVU.MOREX.r3.7HG0703650	7H:415450336-415452719	1	290
fiber	HORVU.MOREX.r3.7HG0703660	7H:415473235-415475711	4	290
fiber	HORVU.MOREX.r3.7HG0703680	7H:415490005-415492794	5	290
fiber	HORVU.MOREX.r3.7HG0703720	7H:416071919-416077850	2	290
protein	HORVU.MOREX.r3.3HG0245470	3H:105665595-105679113	5	290
protein	HORVU.MOREX.r3.3HG0245480	3H:105845946-105851007	1	290
protein	HORVU.MOREX.r3.3HG0245510	3H:105991397-105994069	0	290
protein	HORVU.MOREX.r3.3HG0245560	3H:106440309-106444936	0	290
protein	HORVU.MOREX.r3.3HG0245570	3H:106864321-106866835	2	290
protein	HORVU.MOREX.r3.3HG0252010	3H:159827471-159830398	0	290
starch	HORVU.MOREX.r3.1HG0049610	1H:330387377-330392834	12	290
starch	HORVU.MOREX.r3.1HG0049620	1H:330391505-330398118	4	290
starch	HORVU.MOREX.r3.3HG0301650	3H:546326317-546328709	2	290
starch	HORVU.MOREX.r3.3HG0301700	3H:546467087-546469890	0	290
starch	HORVU.MOREX.r3.3HG0301710	3H:546472709-546478564	16	290
starch	HORVU.MOREX.r3.3HG0301720	3H:546478164-546484019	26	290
starch	HORVU.MOREX.r3.6HG0619800	6H:525426146-525429261	8	290
starch	HORVU.MOREX.r3.6HG0619810	6H:525448046-525451172	12	290
starch	HORVU.MOREX.r3.6HG0619820	6H:525612893-525628862	24	290
starch	HORVU.MOREX.r3.6HG0619890	6H:525912405-525915470	3	290
