"SNP_ID","CHR","BP","raw_P","BH_q_value","minus_log10_P"
".","3H",106623911,1.319037998e-07,0.665480493912829,6.87974269339675
".","5H",338266233,3.267984441e-07,0.665480493912829,6.48572001982748
".","3H",601855033,4.214972298e-07,0.665480493912829,6.37520527533705
".","3H",30380472,5.313228096e-07,0.665480493912829,6.27464153950005
".","3H",615871935,6.038895248e-07,0.665480493912829,6.21904250369358
".","3H",159799839,8.870277072e-07,0.665480493912829,6.05206281433272
".","5H",485062635,1.259631299e-06,0.665480493912829,5.89975655666195
".","7H",371497381,1.556254853e-06,0.665480493912829,5.80791928126118
".","3H",168409175,1.617451184e-06,0.665480493912829,5.79116881782424
".","4H",483149360,1.892104377e-06,0.665480493912829,5.72305490963359
".","2H",535335353,1.966112209e-06,0.665480493912829,5.70639169995307
".","3H",173314932,2.342131917e-06,0.665480493912829,5.63038864760194
".","2H",39800760,2.400788592e-06,0.665480493912829,5.61964608124666
".","3H",161632922,2.546859684e-06,0.665480493912829,5.59399498128026
".","5H",566099983,2.745454124e-06,0.665480493912829,5.5613858088696
".","4H",472296843,2.751582184e-06,0.665480493912829,5.56041751119203
".","7H",152682084,2.764562492e-06,0.665480493912829,5.55837358853443
".","4H",473141790,2.801557937e-06,0.665480493912829,5.55260039177245
".","3H",546356036,2.93665081e-06,0.665480493912829,5.53214769130697
".","3H",173351655,2.957990423e-06,0.665480493912829,5.52900323643953
".","2H",592939593,3.001552884e-06,0.665480493912829,5.52265400045835
".","7H",192101407,3.053598118e-06,0.665480493912829,5.51518812072416
".","2H",436330401,3.072807709e-06,0.665480493912829,5.51246461629199
".","7H",476384896,3.170866279e-06,0.665480493912829,5.49882207254779
".","3H",173310424,3.20348769e-06,0.665480493912829,5.49437694052661
".","3H",546822562,3.282536909e-06,0.665480493912829,5.48379038198337
".","7H",408665900,3.387790936e-06,0.665480493912829,5.47008339826549
".","1H",509240116,3.451139092e-06,0.665480493912829,5.46203753689201
".","3H",173288836,3.580882181e-06,0.665480493912829,5.44600996800885
".","4H",477970702,3.592779868e-06,0.665480493912829,5.44456939149049
".","3H",161632921,3.67117114e-06,0.665480493912829,5.43519536939817
".","4H",483206486,3.689001202e-06,0.665480493912829,5.4330912032655
".","3H",30435689,3.715644723e-06,0.665480493912829,5.42996581841816
".","1H",37255189,3.826320408e-06,0.665480493912829,5.41721866588215
".","7H",84638321,3.857124631e-06,0.665480493912829,5.41373632803023
".","4H",410856241,4.025095316e-06,0.665480493912829,5.39522383089296
".","3H",78472050,4.150698945e-06,0.665480493912829,5.38187876536076
".","5H",455854695,4.152948724e-06,0.665480493912829,5.3816434310431
".","4H",541336149,4.387504517e-06,0.665480493912829,5.35778242341338
".","2H",37922235,4.586937664e-06,0.665480493912829,5.33847716184421
".","4H",538512424,4.612563349e-06,0.665480493912829,5.33605765618633
".","5H",452681636,4.627780422e-06,0.665480493912829,5.33462725554917
".","7H",83810567,4.991019686e-06,0.665480493912829,5.30181071714964
".","7H",561299283,5.064507603e-06,0.665480493912829,5.2954627725535
".","2H",592921505,5.184652831e-06,0.665480493912829,5.28528031904907
".","5H",38479501,5.201730634e-06,0.665480493912829,5.28385214102833
".","6H",333534566,5.300548545e-06,0.665480493912829,5.27567918365598
".","2H",592182662,5.322349485e-06,0.665480493912829,5.27389661147879
".","6H",52933903,5.501298058e-06,0.665480493912829,5.25953482452161
".","1H",369945462,5.617078798e-06,0.665480493912829,5.25048948367299
".","3H",173240284,5.617213175e-06,0.665480493912829,5.25047909419945
".","1H",385360611,5.627748916e-06,0.665480493912829,5.24966528700634
".","2H",15602953,5.799842007e-06,0.665480493912829,5.23658383685476
".","3H",601855224,5.894093709e-06,0.665480493912829,5.22958296367135
".","4H",589467047,5.970291929e-06,0.665480493912829,5.22400443268066
".","1H",509240005,6.068669907e-06,0.665480493912829,5.21690648443525
".","3H",173244098,6.116110495e-06,0.665480493912829,5.21352467712903
".","2H",592758016,6.123124007e-06,0.665480493912829,5.21302694503749
".","5H",447351981,6.212837809e-06,0.665480493912829,5.20670998383671
".","3H",159926564,6.227381951e-06,0.665480493912829,5.20569449639125
".","5H",535441401,6.227541489e-06,0.665480493912829,5.20568337043397
".","3H",543825669,6.249730367e-06,0.665480493912829,5.20413871907993
".","2H",559733455,6.270383994e-06,0.665480493912829,5.20270586245974
".","2H",433801779,6.559079094e-06,0.665480493912829,5.18315713203734
".","2H",592493197,6.652960841e-06,0.665480493912829,5.17698503278237
".","3H",157995830,6.716748451e-06,0.665480493912829,5.17284091616287
".","5H",499070060,6.735106658e-06,0.665480493912829,5.17165552234425
".","4H",44301664,6.811773689e-06,0.665480493912829,5.16673978925482
".","7H",562194773,6.848950225e-06,0.665480493912829,5.1643759900299
".","3H",107594478,6.853828783e-06,0.665480493912829,5.16406674897634
".","3H",173325771,7.03681562e-06,0.665480493912829,5.1526238282913
".","3H",545278494,7.218402185e-06,0.665480493912829,5.14155892418006
".","4H",474493298,7.31362881e-06,0.665480493912829,5.13586708526944
".","5H",506536958,7.721929147e-06,0.665480493912829,5.1122741875874
".","3H",545395166,7.810596004e-06,0.665480493912829,5.1073158251019
".","3H",198076308,7.992790027e-06,0.665480493912829,5.09730159592704
".","3H",397260656,8.27301308e-06,0.665480493912829,5.08233628903328
".","3H",601807851,8.315169553e-06,0.665480493912829,5.08012889074013
".","3H",159119036,8.349804454e-06,0.665480493912829,5.07832369524013
".","2H",59813597,8.369990622e-06,0.665480493912829,5.07727502860363
".","7H",610640051,8.387003321e-06,0.665480493912829,5.07639318501501
".","6H",76597338,8.419203388e-06,0.665480493912829,5.07472899882845
".","4H",472377482,8.518939897e-06,0.665480493912829,5.06961444578823
".","2H",592661266,8.533486568e-06,0.665480493912829,5.06887349077039
".","3H",514349687,8.628105633e-06,0.665480493912829,5.06408454651477
".","3H",492109824,8.655679665e-06,0.665480493912829,5.06269882459161
".","4H",588043632,8.744711116e-06,0.665480493912829,5.05825453298912
".","3H",545456214,8.816771447e-06,0.665480493912829,5.05469041707244
".","3H",490530465,8.838639987e-06,0.665480493912829,5.05361455530148
".","3H",197564551,8.866535743e-06,0.665480493912829,5.05224603085316
".","3H",490928012,8.892840887e-06,0.665480493912829,5.05095947812357
".","2H",436855785,8.92194127e-06,0.665480493912829,5.04954063989275
".","2H",163415986,8.972885901e-06,0.665480493912829,5.04706785469203
".","3H",173305092,9.047210375e-06,0.665480493912829,5.04348531090588
".","4H",470425119,9.153469288e-06,0.665480493912829,5.03841427128109
".","2H",132230027,9.396692553e-06,0.665480493912829,5.02702498243697
".","6H",39785101,9.513391008e-06,0.665480493912829,5.02166465303491
".","5H",452681634,9.585046497e-06,0.665480493912829,5.01840577602102
".","2H",354572228,9.643318153e-06,0.665480493912829,5.01577350472949
".","7H",84638323,9.682720871e-06,0.665480493912829,5.01400258760679
