locus_id	lead_SNP	chr	lead_bp	span_kb	n_members	colour
fiber_L01	1H:329707484	1H	329707484	0	1	#E41A1C
fiber_L02	1H:330239605	1H	330239605	2.292	2	#377EB8
fiber_L03	1H:330625182	1H	330625182	105.23	29	#4DAF4A
fiber_L04	1H:344520079	1H	344520079	44.726	3	#984EA3
fiber_L05	1H:440022799	1H	440022799	110.409	17	#FF7F00
fiber_L06	1H:440573355	1H	440573355	103.484	12	#A65628
fiber_L07	3H:543690146	3H	543690146	479.046	200	#F781BF
fiber_L08	3H:544084309	3H	544084309	1727.817	899	#1B9E77
fiber_L09	4H:24707376	4H	24707376	207.208	133	#666666
fiber_L10	4H:470989624	4H	470989624	15.97	2	#66A61E
fiber_L11	5H:208944021	5H	208944021	13.616	2	#E6AB02
fiber_L12	5H:377309369	5H	377309369	197.87	15	#7570B3
fiber_L13	5H:437005013	5H	437005013	0.242	2	#00CED1
fiber_L14	5H:462564771	5H	462564771	292.938	49	#B15928
fiber_L15	7H:14817657	7H	14817657	3.906	3	#8DD3C7
fiber_L16	7H:415651802	7H	415651802	640.438	156	#E41A1C
fiber_L17	7H:573606306	7H	573606306	0.185	3	#377EB8
fiber_L18	7H:586569512	7H	586569512	0	1	#4DAF4A
