trait	eps	ID	MGs	is_gwas_signal
fiber	0.6	7H:573603083	0	FALSE
fiber	0.6	7H:573603084	0	FALSE
fiber	0.6	7H:573603115	0	FALSE
fiber	0.6	7H:573603161	MG1	FALSE
fiber	0.6	7H:573603182	MG1	FALSE
fiber	0.6	7H:573603547	0	FALSE
fiber	0.6	7H:573603678	0	FALSE
fiber	0.6	7H:573603729	0	FALSE
fiber	0.6	7H:573603735	0	FALSE
fiber	0.6	7H:573604387	0	FALSE
fiber	0.6	7H:573604690	0	FALSE
fiber	0.6	7H:573605544	0	FALSE
fiber	0.6	7H:573605596	0	FALSE
fiber	0.6	7H:573605619	0	FALSE
fiber	0.6	7H:573605636	0	FALSE
fiber	0.6	7H:573606059	0	FALSE
fiber	0.6	7H:573606117	0	FALSE
fiber	0.6	7H:573606234	0	FALSE
fiber	0.6	7H:573606273	0	FALSE
fiber	0.6	7H:573606282	0	TRUE
fiber	0.6	7H:573606285	0	FALSE
fiber	0.6	7H:573606286	0	FALSE
fiber	0.6	7H:573606290	0	FALSE
fiber	0.6	7H:573606306	0	TRUE
fiber	0.6	7H:573606318	0	FALSE
fiber	0.6	7H:573606460	0	TRUE
fiber	0.6	7H:573606491	0	TRUE
fiber	1.5	7H:573603083	MG1	FALSE
fiber	1.5	7H:573603084	0	FALSE
fiber	1.5	7H:573603115	0	FALSE
fiber	1.5	7H:573603161	MG1	FALSE
fiber	1.5	7H:573603182	MG1	FALSE
fiber	1.5	7H:573603547	MG1	FALSE
fiber	1.5	7H:573603678	MG1	FALSE
fiber	1.5	7H:573603729	MG1	FALSE
fiber	1.5	7H:573603735	MG1	FALSE
fiber	1.5	7H:573604387	MG1	FALSE
fiber	1.5	7H:573604690	MG1	FALSE
fiber	1.5	7H:573605544	MG1	FALSE
fiber	1.5	7H:573605596	MG1	FALSE
fiber	1.5	7H:573605619	MG1	FALSE
fiber	1.5	7H:573605636	MG1	FALSE
fiber	1.5	7H:573606059	MG1	FALSE
fiber	1.5	7H:573606117	MG1	FALSE
fiber	1.5	7H:573606234	0	FALSE
fiber	1.5	7H:573606273	MG1	FALSE
fiber	1.5	7H:573606282	MG2	TRUE
fiber	1.5	7H:573606285	0	FALSE
fiber	1.5	7H:573606286	MG1	FALSE
fiber	1.5	7H:573606290	MG1	FALSE
fiber	1.5	7H:573606306	MG2	TRUE
fiber	1.5	7H:573606318	MG1	FALSE
fiber	1.5	7H:573606460	MG2	TRUE
fiber	1.5	7H:573606491	MG2	TRUE
starch	0.6	7H:573603083	0	FALSE
starch	0.6	7H:573603084	0	FALSE
starch	0.6	7H:573603115	0	FALSE
starch	0.6	7H:573603161	MG1	FALSE
starch	0.6	7H:573603182	MG1	FALSE
starch	0.6	7H:573603547	0	FALSE
starch	0.6	7H:573603678	0	FALSE
starch	0.6	7H:573603729	0	FALSE
starch	0.6	7H:573603735	0	FALSE
starch	0.6	7H:573604387	0	FALSE
starch	0.6	7H:573604690	0	FALSE
starch	0.6	7H:573605544	0	FALSE
starch	0.6	7H:573605596	0	FALSE
starch	0.6	7H:573605619	0	FALSE
starch	0.6	7H:573605636	0	FALSE
starch	0.6	7H:573606059	0	FALSE
starch	0.6	7H:573606117	0	FALSE
starch	0.6	7H:573606234	0	FALSE
starch	0.6	7H:573606273	0	FALSE
starch	0.6	7H:573606282	0	TRUE
starch	0.6	7H:573606285	0	FALSE
starch	0.6	7H:573606286	0	FALSE
starch	0.6	7H:573606290	0	FALSE
starch	0.6	7H:573606306	0	TRUE
starch	0.6	7H:573606318	0	FALSE
starch	0.6	7H:573606460	0	TRUE
starch	0.6	7H:573606491	0	TRUE
starch	1.5	7H:573603083	MG1	FALSE
starch	1.5	7H:573603084	0	FALSE
starch	1.5	7H:573603115	0	FALSE
starch	1.5	7H:573603161	MG1	FALSE
starch	1.5	7H:573603182	MG1	FALSE
starch	1.5	7H:573603547	MG1	FALSE
starch	1.5	7H:573603678	MG1	FALSE
starch	1.5	7H:573603729	MG1	FALSE
starch	1.5	7H:573603735	MG1	FALSE
starch	1.5	7H:573604387	MG1	FALSE
starch	1.5	7H:573604690	MG1	FALSE
starch	1.5	7H:573605544	MG1	FALSE
starch	1.5	7H:573605596	MG1	FALSE
starch	1.5	7H:573605619	MG1	FALSE
starch	1.5	7H:573605636	MG1	FALSE
starch	1.5	7H:573606059	MG1	FALSE
starch	1.5	7H:573606117	MG1	FALSE
starch	1.5	7H:573606234	0	FALSE
starch	1.5	7H:573606273	MG1	FALSE
starch	1.5	7H:573606282	MG2	TRUE
starch	1.5	7H:573606285	0	FALSE
starch	1.5	7H:573606286	MG1	FALSE
starch	1.5	7H:573606290	MG1	FALSE
starch	1.5	7H:573606306	MG2	TRUE
starch	1.5	7H:573606318	MG1	FALSE
starch	1.5	7H:573606460	MG2	TRUE
starch	1.5	7H:573606491	MG2	TRUE
