trait	SNP_id	chr	position_bp	coord_match	v2_nlp	v2_class	v3_nlp	v3_class	delta	v3_best_nlp	v3_best_config	v3_best_class	v3_significant
betaglucan	2H:41996626	2	41996626	TRUE	8.906	significant	7.6023	significant	-1.304	7.6023	BLUP x 3 PC	significant	TRUE
betaglucan	4H:34858354	4	34858354	TRUE	7.9777	significant	7.3349	significant	-0.643	7.3912	BLUE x 3 PC	significant	TRUE
betaglucan	3H:537247620	3	537247620	TRUE	7.9751	significant	7.1876	significant	-0.788	7.549	BLUE x 5 PC	significant	TRUE
betaglucan	4H:34971609	4	34971609	TRUE	7.7266	significant	7.0864	significant	-0.64	7.1239	BLUE x 3 PC	significant	TRUE
betaglucan	4H:34861659	4	34861659	TRUE	7.2971	significant	6.902	significant	-0.395	6.9438	BLUE x 3 PC	significant	TRUE
betaglucan	6H:475144663	6	475144663	TRUE	7.1682	significant	6.2708	significant	-0.897	6.2894	BLUE x 3 PC	significant	TRUE
betaglucan	4H:34825152	4	34825152	TRUE	7.1073	significant	6.7759	significant	-0.331	6.8122	BLUE x 3 PC	significant	TRUE
betaglucan	2H:602246902	2	602246902	TRUE	7.0568	significant	5.8087	below_threshold	-1.248	5.863	BLUE x 3 PC	below_threshold	FALSE
betaglucan	1H:479493867	1	479493867	TRUE	6.9044	significant	6.2281	significant	-0.676	6.2978	BLUE x 3 PC	significant	TRUE
betaglucan	4H:528254769	4	528254769	TRUE	6.8965	significant	6.5307	significant	-0.366	6.9308	BLUE x 10 PC	significant	TRUE
betaglucan	1H:483379118	1	483379118	TRUE	6.886	significant	5.5181	below_threshold	-1.368	5.5425	BLUE x 3 PC	below_threshold	FALSE
betaglucan	3H:537301368	3	537301368	TRUE	6.7886	significant	6.2963	significant	-0.492	6.5316	BLUE x 5 PC	significant	TRUE
betaglucan	7H:144534576	7	144534576	TRUE	6.7694	marginal	5.7404	below_threshold	-1.029	5.7566	BLUE x 3 PC	below_threshold	FALSE
betaglucan	5H:224439424	5	224439424	TRUE	6.6805	marginal	6.3553	significant	-0.325	6.6028	BLUE x 5 PC	significant	TRUE
betaglucan	6H:545947347	6	545947347	TRUE	6.654	marginal	6.1146	significant	-0.539	6.1146	BLUP x 3 PC	significant	TRUE
fiber	7H:573606306	7	573606306	TRUE	7.1456	significant	7.2451	significant	0.099	7.618	BLUP x 10 PC	significant	TRUE
fiber	4H:24707376	4	24707376	TRUE	6.9727	significant	7.0209	significant	0.048	8.656	BLUE x 5 PC	significant	TRUE
fiber	7H:14817657	7	14817657	TRUE	6.7307	marginal	6.7984	significant	0.068	7.524	BLUE x 5 PC	significant	TRUE
fiber	1H:344520079	1	344520079	TRUE	6.5484	marginal	6.8521	significant	0.304	6.9568	BLUE x 5 PC	significant	TRUE
protein	3H:106623911	3	106623911	TRUE	6.84	significant	6.433	significant	-0.407	6.6259	BLUP x 5 PC	significant	TRUE
starch	6H:525776080	6	525776080	TRUE	6.4439	marginal	6.1175	significant	-0.326	6.1385	BLUE x 3 PC	significant	TRUE
starch	7H:151110354	7	151110354	TRUE	6.3624	marginal	5.9304	below_threshold	-0.432	5.9678	BLUE x 3 PC	below_threshold	FALSE
starch	3H:546433616	3	546433616	TRUE	6.2818	marginal	6.3441	significant	0.062	6.4405	BLUE x 3 PC	significant	TRUE
starch	7H:573606460	7	573606460	TRUE	6.1949	marginal	6.4367	significant	0.242	6.9719	BLUP x 10 PC	significant	TRUE
