trait	CHR	SNP	BP	neg_log10_p	p_value	captured_by
betaglucan	3	3H:476007946	476007946	6.6932	2.027e-07	6.4
betaglucan	1	1H:501480848	501480848	6.6907	2.038e-07	6.4
betaglucan	3	3H:202431911	202431911	6.6906	2.039e-07	6.4
betaglucan	1	1H:479493867	479493867	6.6241	2.376e-07	6.4
betaglucan	6	6H:475144663	475144663	6.6068	2.473e-07	6.4
betaglucan	1	1H:325901827	325901827	6.5768	2.65e-07	6.4
betaglucan	1	1H:311109693	311109693	6.5721	2.679e-07	6.4
betaglucan	7	7H:558385339	558385339	6.5472	2.836e-07	6.4
betaglucan	6	6H:477651616	477651616	6.5395	2.887e-07	6.4
betaglucan	7	7H:144534576	144534576	6.499	3.17e-07	6.4
betaglucan	1	1H:483379118	483379118	6.4714	3.377e-07	6.4
betaglucan	3	3H:197854994	197854994	6.4397	3.633e-07	6.4
fiber	7	7H:14817657	14817657	6.6988	2.001e-07	6.4
starch	6	6H:525776080	525776080	6.493	3.214e-07	6.4
