trait	locus_id	lead_SNP	maf	n_bg	n_candidates	lead_desert_pct	bg_desert_pct_median	bg_desert_pct_q95	p_bg_desert	lead_top_region	bg_frac_top_region_desert	bg_frac_top_region_north	lead_n_sites	bg_n_sites_median	p_bg_fewer_sites	lead_top_region_pct	bg_top_region_pct_median
betaglucan	betaglucan_L01	1H:479493867	0.0642	500	39777	57.1	0	85.8	0.1317	Desert	0.212	0.166	7	6	0.7904	57.1	53.3
betaglucan	betaglucan_L02	2H:41996626	0.0739	500	259953	94.1	0	87.5	0.0399	Desert	0.224	0.158	4	6	0.2715	94.1	52.9
betaglucan	betaglucan_L03	3H:475967335	0.2625	500	83572	34.9	12.7	44.5	0.1377	Desert	0.218	0.208	17	17	0.6088	34.9	34.6
betaglucan	betaglucan_L04	3H:537247620	0.0779	500	258324	44.4	5.3	83.3	0.2495	HZ3 (Coast-Desert)	0.238	0.108	4	6	0.2435	55.6	52.9
betaglucan	betaglucan_L05	4H:34858354	0.0531	500	230477	53.8	0	92.3	0.1737	Desert	0.21	0.176	8	6	0.9401	53.8	53.8
betaglucan	betaglucan_L06	4H:34971609	0.0591	500	419519	50	0	92.9	0.2016	Desert	0.26	0.138	9	5	0.986	50	57.1
betaglucan	betaglucan_L07	4H:528254769	0.0588	500	122227	73.3	6.2	71.4	0.0459	Desert	0.216	0.154	6	6	0.5629	73.3	50
betaglucan	betaglucan_L08	5H:224439424	0.0625	500	371159	40	0	92.9	0.2315	HZ3 (Coast-Desert)	0.216	0.134	5	5	0.519	60	56.2
betaglucan	betaglucan_L09	6H:475144663	0.0675	500	138258	58.8	6.2	66.8	0.0858	Desert	0.25	0.124	5	7	0.3513	58.8	50
betaglucan	betaglucan_L10	6H:477651616	0.1174	500	155286	25.9	10.7	62.1	0.3353	HZ3 (Coast-Desert)	0.258	0.146	11	10	0.7445	55.6	44.6
betaglucan	betaglucan_L11	6H:545947347	0.0672	500	356851	81.2	0	93.8	0.0818	Desert	0.24	0.126	6	6	0.6188	81.2	56.2
fiber	fiber_L01	1H:329707484	0.0551	500	388558	69.2	0	92.3	0.1297	Desert	0.216	0.178	5	5	0.6048	69.2	59.9
fiber	fiber_L02	1H:330239605	0.0591	500	135090	73.3	6.7	78.6	0.0579	Desert	0.23	0.168	6	6	0.5868	73.3	50
fiber	fiber_L03	1H:330625182	0.0636	500	381654	60	0	92.9	0.1238	Desert	0.196	0.164	6	6	0.6267	60	56.2
fiber	fiber_L04	1H:344520079	0.0529	500	220540	75	0	92.3	0.1118	Desert	0.212	0.156	3	5	0.2076	75	59.9
fiber	fiber_L05	1H:440022799	0.0717	500	327907	94.1	6.2	93.8	0.0499	Desert	0.284	0.136	4	6	0.2695	94.1	52.9
fiber	fiber_L06	1H:440573355	0.0688	500	210324	94.1	5.9	88.9	0.0439	Desert	0.254	0.168	4	6	0.2016	94.1	52.9
fiber	fiber_L07	3H:543690146	0.1239	500	171541	69	6.7	67.8	0.0519	Desert	0.204	0.144	7	10	0.1537	69	44.8
fiber	fiber_L08	3H:544084309	0.1602	500	129647	54.1	13.5	55.6	0.0539	Desert	0.216	0.134	8	12	0.0918	54.1	41.9
fiber	fiber_L09	4H:24707376	0.0581	500	400782	21.4	0	92.3	0.2914	HZ3 (Coast-Desert)	0.214	0.156	4	5	0.3673	78.6	57.1
fiber	fiber_L10	4H:470989624	0.0558	500	392363	15.4	0	91.7	0.3573	Coast	0.216	0.142	4	5	0.4032	69.2	57.1
fiber	fiber_L11	5H:208944021	0.083	500	204667	47.4	0	63.2	0.1397	Desert	0.18	0.152	6	7	0.4591	47.4	50
fiber	fiber_L12	5H:377309369	0.0833	500	188743	21.1	5.1	73.7	0.3373	HZ2 (North-Desert)	0.222	0.158	10	7	0.9281	57.9	50
fiber	fiber_L13	5H:437005013	0.0496	500	161043	91.7	0	84.6	0.0479	Desert	0.176	0.196	3	5	0.1816	91.7	53.8
fiber	fiber_L14	5H:462564771	0.0687	500	328873	81.2	0	87.8	0.0679	Desert	0.258	0.134	5	6	0.4371	81.2	56.2
fiber	fiber_L15	7H:14817657	0.0533	500	253064	92.3	0	86	0.0499	Desert	0.222	0.166	3	5	0.1916	92.3	57.1
fiber	fiber_L16	7H:415651802	0.1807	500	129282	72.1	12	53.6	0.01	Desert	0.234	0.166	11	13	0.2575	72.1	39.1
fiber	fiber_L17	7H:573606306	0.1701	500	129796	17.1	14.5	55	0.4471	HZ2 (North-Desert)	0.208	0.126	11	12	0.3673	51.2	40
fiber	fiber_L18	7H:586569512	0.0502	500	220607	66.7	0	76.9	0.0858	Desert	0.18	0.176	6	5	0.7525	66.7	58.3
starch	starch_L01	1H:330432546	0.0517	500	263908	66.7	0	84.6	0.1118	Desert	0.182	0.156	5	5	0.6248	66.7	61.5
starch	starch_L02	3H:530660057	0.4196	500	33878	18.1	17.3	36.2	0.481	HZ3 (Coast-Desert)	0.294	0.1	25	22	0.9581	25.5	28.6
starch	starch_L03	3H:546433616	0.1336	500	154213	61.3	9.7	60.3	0.0519	Desert	0.2	0.13	8	10	0.2295	61.3	45.2
starch	starch_L04	6H:525776080	0.4239	500	41919	0	17.9	35.9	1	Coast	0.3	0.11	19	22	0.1936	42.7	28.2
starch	starch_L05	7H:573606460	0.1471	500	166002	20	11.8	58.9	0.3653	HZ2 (North-Desert)	0.2	0.124	10	11	0.4391	40	45.7
protein	protein_L01	3H:106623911	0.1799	500	129977	0	11.9	52.4	1	Coast	0.212	0.128	16	13	0.9022	27.9	40.5
protein	protein_L02	3H:159799839	0.0601	500	383554	0	0	86.9	1	HZ2 (North-Desert)	0.232	0.142	6	5	0.7226	78.6	57.1
