trait	locus_a	lead_a	locus_b	lead_b	same_chr	distance_Mb	n_called_both	n_minor_a	n_minor_b	n_shared	expected_shared	jaccard	p_hyper
betaglucan	betaglucan_L01	1H:479493867	betaglucan_L02	2H:41996626	FALSE	NA	173	11	12	6	0.76	0.353	1.07e-05
betaglucan	betaglucan_L01	1H:479493867	betaglucan_L03	3H:475967335	FALSE	NA	185	11	49	9	2.91	0.176	0.000124
betaglucan	betaglucan_L01	1H:479493867	betaglucan_L04	3H:537247620	FALSE	NA	176	10	14	4	0.8	0.2	0.00408
betaglucan	betaglucan_L01	1H:479493867	betaglucan_L05	4H:34858354	FALSE	NA	184	13	10	5	0.71	0.278	0.000161
betaglucan	betaglucan_L01	1H:479493867	betaglucan_L06	4H:34971609	FALSE	NA	181	13	10	5	0.72	0.278	0.000174
betaglucan	betaglucan_L01	1H:479493867	betaglucan_L07	4H:528254769	FALSE	NA	195	12	13	4	0.8	0.19	0.00444
betaglucan	betaglucan_L01	1H:479493867	betaglucan_L08	5H:224439424	FALSE	NA	180	12	13	4	0.87	0.19	0.00597
betaglucan	betaglucan_L01	1H:479493867	betaglucan_L09	6H:475144663	FALSE	NA	187	9	14	5	0.67	0.278	0.000118
betaglucan	betaglucan_L01	1H:479493867	betaglucan_L10	6H:477651616	FALSE	NA	171	8	20	5	0.94	0.217	0.000597
betaglucan	betaglucan_L01	1H:479493867	betaglucan_L11	6H:545947347	FALSE	NA	182	13	14	6	1	0.286	8.37e-05
betaglucan	betaglucan_L02	2H:41996626	betaglucan_L03	3H:475967335	FALSE	NA	195	14	52	11	3.73	0.2	3.79e-05
betaglucan	betaglucan_L02	2H:41996626	betaglucan_L04	3H:537247620	FALSE	NA	186	14	16	8	1.2	0.364	9.89e-07
betaglucan	betaglucan_L02	2H:41996626	betaglucan_L05	4H:34858354	FALSE	NA	193	16	11	5	0.91	0.227	0.000704
betaglucan	betaglucan_L02	2H:41996626	betaglucan_L06	4H:34971609	FALSE	NA	194	16	12	5	0.99	0.217	0.00112
betaglucan	betaglucan_L02	2H:41996626	betaglucan_L07	4H:528254769	FALSE	NA	204	16	13	4	1.02	0.16	0.0119
betaglucan	betaglucan_L02	2H:41996626	betaglucan_L08	5H:224439424	FALSE	NA	192	13	13	6	0.88	0.3	3.63e-05
betaglucan	betaglucan_L02	2H:41996626	betaglucan_L09	6H:475144663	FALSE	NA	202	16	15	9	1.19	0.409	3.63e-08
betaglucan	betaglucan_L02	2H:41996626	betaglucan_L10	6H:477651616	FALSE	NA	185	15	20	6	1.62	0.207	0.00201
betaglucan	betaglucan_L02	2H:41996626	betaglucan_L11	6H:545947347	FALSE	NA	191	15	14	11	1.1	0.611	2.03e-12
betaglucan	betaglucan_L03	3H:475967335	betaglucan_L04	3H:537247620	TRUE	61.28	188	51	15	15	4.07	0.294	5.71e-10
betaglucan	betaglucan_L03	3H:475967335	betaglucan_L05	4H:34858354	FALSE	NA	201	55	13	8	3.56	0.133	0.00805
betaglucan	betaglucan_L03	3H:475967335	betaglucan_L06	4H:34971609	FALSE	NA	198	58	14	8	4.1	0.125	0.0229
betaglucan	betaglucan_L03	3H:475967335	betaglucan_L07	4H:528254769	FALSE	NA	214	54	14	10	3.53	0.172	0.000222
betaglucan	betaglucan_L03	3H:475967335	betaglucan_L08	5H:224439424	FALSE	NA	201	54	14	14	3.76	0.259	2.56e-09
betaglucan	betaglucan_L03	3H:475967335	betaglucan_L09	6H:475144663	FALSE	NA	208	55	12	6	3.17	0.098	0.0637
betaglucan	betaglucan_L03	3H:475967335	betaglucan_L10	6H:477651616	FALSE	NA	188	46	21	6	5.14	0.098	0.409
betaglucan	betaglucan_L03	3H:475967335	betaglucan_L11	6H:545947347	FALSE	NA	200	54	14	11	3.78	0.193	4.44e-05
betaglucan	betaglucan_L04	3H:537247620	betaglucan_L05	4H:34858354	FALSE	NA	192	16	10	4	0.83	0.182	0.00508
betaglucan	betaglucan_L04	3H:537247620	betaglucan_L06	4H:34971609	FALSE	NA	186	15	11	4	0.89	0.182	0.00658
betaglucan	betaglucan_L04	3H:537247620	betaglucan_L07	4H:528254769	FALSE	NA	200	14	7	2	0.49	0.105	0.0782
betaglucan	betaglucan_L04	3H:537247620	betaglucan_L08	5H:224439424	FALSE	NA	192	16	14	13	1.17	0.765	1.51e-16
betaglucan	betaglucan_L04	3H:537247620	betaglucan_L09	6H:475144663	FALSE	NA	201	15	12	6	0.9	0.286	4.26e-05
betaglucan	betaglucan_L04	3H:537247620	betaglucan_L10	6H:477651616	FALSE	NA	187	15	23	4	1.84	0.118	0.0943
betaglucan	betaglucan_L04	3H:537247620	betaglucan_L11	6H:545947347	FALSE	NA	193	14	12	5	0.87	0.238	0.000561
betaglucan	betaglucan_L05	4H:34858354	betaglucan_L06	4H:34971609	TRUE	0.113	202	13	13	13	0.84	1	9.91e-21
betaglucan	betaglucan_L05	4H:34858354	betaglucan_L07	4H:528254769	TRUE	493.396	215	13	13	2	0.79	0.083	0.18
betaglucan	betaglucan_L05	4H:34858354	betaglucan_L08	5H:224439424	FALSE	NA	202	12	14	4	0.83	0.182	0.00528
betaglucan	betaglucan_L05	4H:34858354	betaglucan_L09	6H:475144663	FALSE	NA	211	11	16	4	0.83	0.174	0.00536
betaglucan	betaglucan_L05	4H:34858354	betaglucan_L10	6H:477651616	FALSE	NA	191	10	25	2	1.31	0.061	0.386
betaglucan	betaglucan_L05	4H:34858354	betaglucan_L11	6H:545947347	FALSE	NA	201	13	16	4	1.03	0.16	0.0125
betaglucan	betaglucan_L06	4H:34971609	betaglucan_L07	4H:528254769	TRUE	493.283	211	14	13	2	0.86	0.08	0.209
betaglucan	betaglucan_L06	4H:34971609	betaglucan_L08	5H:224439424	FALSE	NA	199	13	12	4	0.78	0.19	0.00412
betaglucan	betaglucan_L06	4H:34971609	betaglucan_L09	6H:475144663	FALSE	NA	206	12	14	4	0.82	0.182	0.00491
betaglucan	betaglucan_L06	4H:34971609	betaglucan_L10	6H:477651616	FALSE	NA	187	11	21	2	1.24	0.067	0.356
betaglucan	betaglucan_L06	4H:34971609	betaglucan_L11	6H:545947347	FALSE	NA	201	14	16	4	1.11	0.154	0.0167
betaglucan	betaglucan_L07	4H:528254769	betaglucan_L08	5H:224439424	FALSE	NA	209	12	12	3	0.69	0.143	0.0239
betaglucan	betaglucan_L07	4H:528254769	betaglucan_L09	6H:475144663	FALSE	NA	223	12	15	5	0.81	0.227	0.000411
betaglucan	betaglucan_L07	4H:528254769	betaglucan_L10	6H:477651616	FALSE	NA	206	10	24	4	1.17	0.133	0.0187
betaglucan	betaglucan_L07	4H:528254769	betaglucan_L11	6H:545947347	FALSE	NA	213	12	16	3	0.9	0.12	0.0505
betaglucan	betaglucan_L08	5H:224439424	betaglucan_L09	6H:475144663	FALSE	NA	206	12	14	3	0.82	0.13	0.0383
betaglucan	betaglucan_L08	5H:224439424	betaglucan_L10	6H:477651616	FALSE	NA	191	13	22	5	1.5	0.167	0.00891
betaglucan	betaglucan_L08	5H:224439424	betaglucan_L11	6H:545947347	FALSE	NA	199	13	13	4	0.85	0.182	0.00573
betaglucan	betaglucan_L09	6H:475144663	betaglucan_L10	6H:477651616	TRUE	2.507	201	10	24	6	1.19	0.214	0.000239
betaglucan	betaglucan_L09	6H:475144663	betaglucan_L11	6H:545947347	TRUE	70.803	210	15	15	6	1.07	0.25	0.000159
betaglucan	betaglucan_L10	6H:477651616	betaglucan_L11	6H:545947347	TRUE	68.296	191	23	12	6	1.45	0.207	0.000912
fiber	fiber_L01	1H:329707484	fiber_L02	1H:330239605	TRUE	0.532	208	13	15	13	0.94	0.867	7.03e-19
fiber	fiber_L01	1H:329707484	fiber_L03	1H:330625182	TRUE	0.918	191	12	15	12	0.94	0.8	1.32e-16
fiber	fiber_L01	1H:329707484	fiber_L04	1H:344520079	TRUE	14.813	182	12	10	6	0.66	0.375	3.71e-06
fiber	fiber_L01	1H:329707484	fiber_L05	1H:440022799	TRUE	110.315	194	11	16	9	0.91	0.5	6.61e-10
fiber	fiber_L01	1H:329707484	fiber_L06	1H:440573355	TRUE	110.866	204	13	16	9	1.02	0.45	5.08e-09
fiber	fiber_L01	1H:329707484	fiber_L07	3H:543690146	FALSE	NA	192	13	23	5	1.56	0.161	0.0107
fiber	fiber_L01	1H:329707484	fiber_L08	3H:544084309	FALSE	NA	186	13	29	5	2.03	0.135	0.034
fiber	fiber_L01	1H:329707484	fiber_L09	4H:24707376	FALSE	NA	202	13	13	4	0.84	0.182	0.00542
fiber	fiber_L01	1H:329707484	fiber_L10	4H:470989624	FALSE	NA	191	11	12	3	0.69	0.15	0.0237
fiber	fiber_L01	1H:329707484	fiber_L11	5H:208944021	FALSE	NA	187	10	16	3	0.86	0.13	0.0428
fiber	fiber_L01	1H:329707484	fiber_L12	5H:377309369	FALSE	NA	187	11	17	2	1	0.077	0.263
fiber	fiber_L01	1H:329707484	fiber_L13	5H:437005013	FALSE	NA	198	13	10	6	0.66	0.353	4.09e-06
fiber	fiber_L01	1H:329707484	fiber_L14	5H:462564771	FALSE	NA	193	13	14	8	0.94	0.421	8.09e-08
fiber	fiber_L01	1H:329707484	fiber_L15	7H:14817657	FALSE	NA	199	13	9	4	0.59	0.222	0.00118
fiber	fiber_L01	1H:329707484	fiber_L16	7H:415651802	FALSE	NA	196	12	36	10	2.2	0.263	7e-07
fiber	fiber_L01	1H:329707484	fiber_L17	7H:573606306	FALSE	NA	198	12	33	3	2	0.071	0.321
fiber	fiber_L01	1H:329707484	fiber_L18	7H:586569512	FALSE	NA	200	12	10	3	0.6	0.158	0.0157
fiber	fiber_L02	1H:330239605	fiber_L03	1H:330625182	TRUE	0.386	206	14	15	12	1.02	0.706	4.57e-15
fiber	fiber_L02	1H:330239605	fiber_L04	1H:344520079	TRUE	14.28	205	13	12	6	0.76	0.316	1.38e-05
fiber	fiber_L02	1H:330239605	fiber_L05	1H:440022799	TRUE	109.783	212	12	16	9	0.91	0.474	1.14e-09
fiber	fiber_L02	1H:330239605	fiber_L06	1H:440573355	TRUE	110.334	213	15	16	9	1.13	0.409	2.26e-08
fiber	fiber_L02	1H:330239605	fiber_L07	3H:543690146	FALSE	NA	205	15	25	7	1.83	0.212	0.000581
fiber	fiber_L02	1H:330239605	fiber_L08	3H:544084309	FALSE	NA	202	15	32	7	2.38	0.175	0.00338
fiber	fiber_L02	1H:330239605	fiber_L09	4H:24707376	FALSE	NA	209	15	13	4	0.93	0.167	0.00848
fiber	fiber_L02	1H:330239605	fiber_L10	4H:470989624	FALSE	NA	202	13	12	3	0.77	0.136	0.0328
fiber	fiber_L02	1H:330239605	fiber_L11	5H:208944021	FALSE	NA	199	12	18	5	1.09	0.2	0.00183
fiber	fiber_L02	1H:330239605	fiber_L12	5H:377309369	FALSE	NA	199	13	15	2	0.98	0.077	0.255
fiber	fiber_L02	1H:330239605	fiber_L13	5H:437005013	FALSE	NA	212	15	11	6	0.78	0.3	1.63e-05
fiber	fiber_L02	1H:330239605	fiber_L14	5H:462564771	FALSE	NA	206	15	15	8	1.09	0.364	4.71e-07
fiber	fiber_L02	1H:330239605	fiber_L15	7H:14817657	FALSE	NA	211	15	10	4	0.71	0.19	0.00275
fiber	fiber_L02	1H:330239605	fiber_L16	7H:415651802	FALSE	NA	211	14	36	12	2.39	0.316	7.61e-09
fiber	fiber_L02	1H:330239605	fiber_L17	7H:573606306	FALSE	NA	214	13	39	3	2.37	0.061	0.433
fiber	fiber_L02	1H:330239605	fiber_L18	7H:586569512	FALSE	NA	213	14	11	3	0.72	0.136	0.0274
fiber	fiber_L03	1H:330625182	fiber_L04	1H:344520079	TRUE	13.895	186	12	12	6	0.77	0.333	1.35e-05
fiber	fiber_L03	1H:330625182	fiber_L05	1H:440022799	TRUE	109.398	192	13	17	9	1.15	0.429	1.83e-08
fiber	fiber_L03	1H:330625182	fiber_L06	1H:440573355	TRUE	109.948	203	13	17	9	1.09	0.429	1.11e-08
fiber	fiber_L03	1H:330625182	fiber_L07	3H:543690146	FALSE	NA	192	15	24	5	1.88	0.147	0.0254
fiber	fiber_L03	1H:330625182	fiber_L08	3H:544084309	FALSE	NA	190	14	31	5	2.28	0.125	0.0566
fiber	fiber_L03	1H:330625182	fiber_L09	4H:24707376	FALSE	NA	199	13	11	4	0.72	0.2	0.00285
fiber	fiber_L03	1H:330625182	fiber_L10	4H:470989624	FALSE	NA	192	12	10	3	0.62	0.158	0.0176
fiber	fiber_L03	1H:330625182	fiber_L11	5H:208944021	FALSE	NA	186	12	17	3	1.1	0.115	0.0833
fiber	fiber_L03	1H:330625182	fiber_L12	5H:377309369	FALSE	NA	189	12	16	2	1.02	0.077	0.269
fiber	fiber_L03	1H:330625182	fiber_L13	5H:437005013	FALSE	NA	195	15	11	6	0.85	0.3	2.65e-05
fiber	fiber_L03	1H:330625182	fiber_L14	5H:462564771	FALSE	NA	194	15	15	8	1.16	0.364	7.57e-07
fiber	fiber_L03	1H:330625182	fiber_L15	7H:14817657	FALSE	NA	200	14	12	4	0.84	0.182	0.00547
fiber	fiber_L03	1H:330625182	fiber_L16	7H:415651802	FALSE	NA	194	14	39	10	2.81	0.233	2.08e-05
fiber	fiber_L03	1H:330625182	fiber_L17	7H:573606306	FALSE	NA	200	14	31	3	2.17	0.071	0.373
fiber	fiber_L03	1H:330625182	fiber_L18	7H:586569512	FALSE	NA	193	14	11	3	0.8	0.136	0.0356
fiber	fiber_L04	1H:344520079	fiber_L05	1H:440022799	TRUE	95.503	191	11	16	8	0.92	0.421	4.98e-08
fiber	fiber_L04	1H:344520079	fiber_L06	1H:440573355	TRUE	96.053	194	12	16	8	0.99	0.4	1.27e-07
fiber	fiber_L04	1H:344520079	fiber_L07	3H:543690146	FALSE	NA	190	10	26	6	1.37	0.2	0.000541
fiber	fiber_L04	1H:344520079	fiber_L08	3H:544084309	FALSE	NA	180	12	32	6	2.13	0.158	0.00844
fiber	fiber_L04	1H:344520079	fiber_L09	4H:24707376	FALSE	NA	191	10	11	2	0.58	0.105	0.105
fiber	fiber_L04	1H:344520079	fiber_L10	4H:470989624	FALSE	NA	179	10	7	2	0.39	0.133	0.0509
fiber	fiber_L04	1H:344520079	fiber_L11	5H:208944021	FALSE	NA	180	8	15	4	0.67	0.211	0.00184
fiber	fiber_L04	1H:344520079	fiber_L12	5H:377309369	FALSE	NA	183	7	16	2	0.61	0.095	0.116
fiber	fiber_L04	1H:344520079	fiber_L13	5H:437005013	FALSE	NA	191	11	10	7	0.58	0.5	2.27e-08
fiber	fiber_L04	1H:344520079	fiber_L14	5H:462564771	FALSE	NA	183	10	13	4	0.71	0.211	0.00259
fiber	fiber_L04	1H:344520079	fiber_L15	7H:14817657	FALSE	NA	194	12	13	2	0.8	0.087	0.187
fiber	fiber_L04	1H:344520079	fiber_L16	7H:415651802	FALSE	NA	187	11	35	9	2.06	0.243	4.62e-06
fiber	fiber_L04	1H:344520079	fiber_L17	7H:573606306	FALSE	NA	189	11	34	6	1.98	0.154	0.00525
fiber	fiber_L04	1H:344520079	fiber_L18	7H:586569512	FALSE	NA	185	12	9	5	0.58	0.312	5.11e-05
fiber	fiber_L05	1H:440022799	fiber_L06	1H:440573355	TRUE	0.551	204	17	17	17	1.42	1	3.85e-25
fiber	fiber_L05	1H:440022799	fiber_L07	3H:543690146	FALSE	NA	189	15	25	8	1.98	0.25	0.000108
fiber	fiber_L05	1H:440022799	fiber_L08	3H:544084309	FALSE	NA	191	15	32	7	2.51	0.175	0.00474
fiber	fiber_L05	1H:440022799	fiber_L09	4H:24707376	FALSE	NA	200	14	13	4	0.91	0.174	0.00758
fiber	fiber_L05	1H:440022799	fiber_L10	4H:470989624	FALSE	NA	196	15	12	3	0.92	0.125	0.0526
fiber	fiber_L05	1H:440022799	fiber_L11	5H:208944021	FALSE	NA	195	14	16	5	1.15	0.2	0.0025
fiber	fiber_L05	1H:440022799	fiber_L12	5H:377309369	FALSE	NA	187	16	17	4	1.45	0.138	0.0432
fiber	fiber_L05	1H:440022799	fiber_L13	5H:437005013	FALSE	NA	199	17	12	8	1.03	0.381	1.92e-07
fiber	fiber_L05	1H:440022799	fiber_L14	5H:462564771	FALSE	NA	192	16	14	12	1.17	0.667	4.31e-14
fiber	fiber_L05	1H:440022799	fiber_L15	7H:14817657	FALSE	NA	200	17	10	4	0.85	0.174	0.00556
fiber	fiber_L05	1H:440022799	fiber_L16	7H:415651802	FALSE	NA	193	16	32	16	2.65	0.5	6.43e-15
fiber	fiber_L05	1H:440022799	fiber_L17	7H:573606306	FALSE	NA	200	15	39	4	2.92	0.08	0.33
fiber	fiber_L05	1H:440022799	fiber_L18	7H:586569512	FALSE	NA	198	15	12	7	0.91	0.35	1.99e-06
fiber	fiber_L06	1H:440573355	fiber_L07	3H:543690146	FALSE	NA	201	15	26	8	1.94	0.242	9.5e-05
fiber	fiber_L06	1H:440573355	fiber_L08	3H:544084309	FALSE	NA	196	15	34	7	2.6	0.167	0.00596
fiber	fiber_L06	1H:440573355	fiber_L09	4H:24707376	FALSE	NA	210	14	14	4	0.93	0.167	0.00853
fiber	fiber_L06	1H:440573355	fiber_L10	4H:470989624	FALSE	NA	200	15	10	3	0.75	0.136	0.0299
fiber	fiber_L06	1H:440573355	fiber_L11	5H:208944021	FALSE	NA	190	14	15	5	1.11	0.208	0.00202
fiber	fiber_L06	1H:440573355	fiber_L12	5H:377309369	FALSE	NA	193	16	15	4	1.24	0.148	0.0248
fiber	fiber_L06	1H:440573355	fiber_L13	5H:437005013	FALSE	NA	207	17	10	8	0.82	0.421	1.38e-08
fiber	fiber_L06	1H:440573355	fiber_L14	5H:462564771	FALSE	NA	199	16	15	12	1.21	0.632	1.36e-13
fiber	fiber_L06	1H:440573355	fiber_L15	7H:14817657	FALSE	NA	210	17	12	4	0.97	0.16	0.00986
fiber	fiber_L06	1H:440573355	fiber_L16	7H:415651802	FALSE	NA	202	16	39	16	3.09	0.41	1.89e-13
fiber	fiber_L06	1H:440573355	fiber_L17	7H:573606306	FALSE	NA	205	15	35	4	2.56	0.087	0.24
fiber	fiber_L06	1H:440573355	fiber_L18	7H:586569512	FALSE	NA	205	15	11	7	0.8	0.368	6.75e-07
fiber	fiber_L07	3H:543690146	fiber_L08	3H:544084309	TRUE	0.394	186	27	35	27	5.08	0.771	9.85e-26
fiber	fiber_L07	3H:543690146	fiber_L09	4H:24707376	FALSE	NA	197	24	13	3	1.58	0.088	0.2
fiber	fiber_L07	3H:543690146	fiber_L10	4H:470989624	FALSE	NA	190	24	8	3	1.01	0.103	0.065
fiber	fiber_L07	3H:543690146	fiber_L11	5H:208944021	FALSE	NA	185	22	17	7	2.02	0.219	0.00116
fiber	fiber_L07	3H:543690146	fiber_L12	5H:377309369	FALSE	NA	189	24	17	4	2.16	0.108	0.152
fiber	fiber_L07	3H:543690146	fiber_L13	5H:437005013	FALSE	NA	191	26	12	9	1.63	0.31	6.85e-07
fiber	fiber_L07	3H:543690146	fiber_L14	5H:462564771	FALSE	NA	189	25	14	5	1.85	0.147	0.0236
fiber	fiber_L07	3H:543690146	fiber_L15	7H:14817657	FALSE	NA	198	28	12	10	1.7	0.333	3.56e-08
fiber	fiber_L07	3H:543690146	fiber_L16	7H:415651802	FALSE	NA	193	26	36	21	4.85	0.512	3.76e-14
fiber	fiber_L07	3H:543690146	fiber_L17	7H:573606306	FALSE	NA	200	23	35	5	4.03	0.094	0.374
fiber	fiber_L07	3H:543690146	fiber_L18	7H:586569512	FALSE	NA	193	26	10	5	1.35	0.161	0.00479
fiber	fiber_L08	3H:544084309	fiber_L09	4H:24707376	FALSE	NA	194	31	12	10	1.92	0.303	1.43e-07
fiber	fiber_L08	3H:544084309	fiber_L10	4H:470989624	FALSE	NA	185	31	12	3	2.01	0.075	0.324
fiber	fiber_L08	3H:544084309	fiber_L11	5H:208944021	FALSE	NA	185	26	16	6	2.25	0.167	0.013
fiber	fiber_L08	3H:544084309	fiber_L12	5H:377309369	FALSE	NA	187	31	16	3	2.65	0.068	0.515
fiber	fiber_L08	3H:544084309	fiber_L13	5H:437005013	FALSE	NA	192	33	10	8	1.72	0.229	1.22e-05
fiber	fiber_L08	3H:544084309	fiber_L14	5H:462564771	FALSE	NA	183	31	14	4	2.37	0.098	0.195
fiber	fiber_L08	3H:544084309	fiber_L15	7H:14817657	FALSE	NA	196	32	13	11	2.12	0.324	2.62e-08
fiber	fiber_L08	3H:544084309	fiber_L16	7H:415651802	FALSE	NA	189	32	39	22	6.6	0.449	3.81e-11
fiber	fiber_L08	3H:544084309	fiber_L17	7H:573606306	FALSE	NA	195	30	34	4	5.23	0.067	0.815
fiber	fiber_L08	3H:544084309	fiber_L18	7H:586569512	FALSE	NA	194	34	10	4	1.75	0.1	0.0761
fiber	fiber_L09	4H:24707376	fiber_L10	4H:470989624	TRUE	446.282	195	11	13	4	0.73	0.2	0.00308
fiber	fiber_L09	4H:24707376	fiber_L11	5H:208944021	FALSE	NA	191	11	17	2	0.98	0.077	0.255
fiber	fiber_L09	4H:24707376	fiber_L12	5H:377309369	FALSE	NA	191	11	19	3	1.09	0.111	0.0826
fiber	fiber_L09	4H:24707376	fiber_L13	5H:437005013	FALSE	NA	204	13	11	2	0.7	0.091	0.149
fiber	fiber_L09	4H:24707376	fiber_L14	5H:462564771	FALSE	NA	194	13	12	4	0.8	0.19	0.00453
fiber	fiber_L09	4H:24707376	fiber_L15	7H:14817657	FALSE	NA	203	10	11	4	0.54	0.235	0.000849
fiber	fiber_L09	4H:24707376	fiber_L16	7H:415651802	FALSE	NA	193	12	35	5	2.18	0.119	0.0448
fiber	fiber_L09	4H:24707376	fiber_L17	7H:573606306	FALSE	NA	204	11	38	2	2.05	0.043	0.643
fiber	fiber_L09	4H:24707376	fiber_L18	7H:586569512	FALSE	NA	197	14	9	3	0.64	0.15	0.0188
fiber	fiber_L10	4H:470989624	fiber_L11	5H:208944021	FALSE	NA	185	10	17	2	0.92	0.08	0.231
fiber	fiber_L10	4H:470989624	fiber_L12	5H:377309369	FALSE	NA	183	11	16	3	0.96	0.125	0.0589
fiber	fiber_L10	4H:470989624	fiber_L13	5H:437005013	FALSE	NA	190	11	9	2	0.52	0.111	0.0879
fiber	fiber_L10	4H:470989624	fiber_L14	5H:462564771	FALSE	NA	189	12	13	3	0.83	0.136	0.0391
fiber	fiber_L10	4H:470989624	fiber_L15	7H:14817657	FALSE	NA	192	10	10	3	0.52	0.176	0.0102
fiber	fiber_L10	4H:470989624	fiber_L16	7H:415651802	FALSE	NA	195	12	35	4	2.15	0.093	0.147
fiber	fiber_L10	4H:470989624	fiber_L17	7H:573606306	FALSE	NA	194	11	34	2	1.93	0.047	0.606
fiber	fiber_L10	4H:470989624	fiber_L18	7H:586569512	FALSE	NA	191	10	11	3	0.58	0.167	0.0138
fiber	fiber_L11	5H:208944021	fiber_L12	5H:377309369	TRUE	168.365	187	15	17	9	1.36	0.391	1.49e-07
fiber	fiber_L11	5H:208944021	fiber_L13	5H:437005013	TRUE	228.061	193	16	10	7	0.83	0.368	6.8e-07
fiber	fiber_L11	5H:208944021	fiber_L14	5H:462564771	TRUE	253.621	187	16	15	4	1.28	0.148	0.0277
fiber	fiber_L11	5H:208944021	fiber_L15	7H:14817657	FALSE	NA	197	18	9	2	0.82	0.08	0.193
fiber	fiber_L11	5H:208944021	fiber_L16	7H:415651802	FALSE	NA	184	17	31	12	2.86	0.333	2.33e-07
fiber	fiber_L11	5H:208944021	fiber_L17	7H:573606306	FALSE	NA	194	17	38	9	3.33	0.196	0.0013
fiber	fiber_L11	5H:208944021	fiber_L18	7H:586569512	FALSE	NA	190	16	11	5	0.93	0.227	0.000758
fiber	fiber_L12	5H:377309369	fiber_L13	5H:437005013	TRUE	59.696	191	15	9	4	0.71	0.2	0.00251
fiber	fiber_L12	5H:377309369	fiber_L14	5H:462564771	TRUE	85.255	180	17	14	3	1.32	0.107	0.132
fiber	fiber_L12	5H:377309369	fiber_L15	7H:14817657	FALSE	NA	197	16	10	2	0.81	0.083	0.19
fiber	fiber_L12	5H:377309369	fiber_L16	7H:415651802	FALSE	NA	188	12	36	8	2.3	0.2	0.000247
fiber	fiber_L12	5H:377309369	fiber_L17	7H:573606306	FALSE	NA	190	18	29	8	2.75	0.205	0.00172
fiber	fiber_L12	5H:377309369	fiber_L18	7H:586569512	FALSE	NA	187	16	10	5	0.86	0.238	0.00047
fiber	fiber_L13	5H:437005013	fiber_L14	5H:462564771	TRUE	25.56	198	12	16	6	0.97	0.273	7.24e-05
fiber	fiber_L13	5H:437005013	fiber_L15	7H:14817657	FALSE	NA	207	12	13	2	0.75	0.087	0.168
fiber	fiber_L13	5H:437005013	fiber_L16	7H:415651802	FALSE	NA	197	12	39	11	2.38	0.275	5.3e-08
fiber	fiber_L13	5H:437005013	fiber_L17	7H:573606306	FALSE	NA	205	11	31	7	1.66	0.2	0.000203
fiber	fiber_L13	5H:437005013	fiber_L18	7H:586569512	FALSE	NA	203	12	10	5	0.59	0.294	6.28e-05
fiber	fiber_L14	5H:462564771	fiber_L15	7H:14817657	FALSE	NA	191	16	10	4	0.84	0.182	0.00518
fiber	fiber_L14	5H:462564771	fiber_L16	7H:415651802	FALSE	NA	190	14	38	13	2.8	0.333	1.48e-09
fiber	fiber_L14	5H:462564771	fiber_L17	7H:573606306	FALSE	NA	202	14	32	6	2.22	0.15	0.0118
fiber	fiber_L14	5H:462564771	fiber_L18	7H:586569512	FALSE	NA	191	13	9	7	0.61	0.467	3.54e-08
fiber	fiber_L15	7H:14817657	fiber_L16	7H:415651802	TRUE	400.834	205	13	42	13	2.66	0.31	2.08e-10
fiber	fiber_L15	7H:14817657	fiber_L17	7H:573606306	TRUE	558.789	204	10	35	2	1.72	0.047	0.537
fiber	fiber_L15	7H:14817657	fiber_L18	7H:586569512	TRUE	571.752	206	13	12	3	0.76	0.136	0.0312
fiber	fiber_L16	7H:415651802	fiber_L17	7H:573606306	TRUE	157.955	196	36	33	9	6.06	0.15	0.117
fiber	fiber_L16	7H:415651802	fiber_L18	7H:586569512	TRUE	170.918	203	37	12	8	2.19	0.195	0.000174
fiber	fiber_L17	7H:573606306	fiber_L18	7H:586569512	TRUE	12.963	200	36	11	6	1.98	0.146	0.00535
starch	starch_L01	1H:330432546	starch_L02	3H:530660057	FALSE	NA	177	9	80	9	4.07	0.112	0.000607
starch	starch_L01	1H:330432546	starch_L03	3H:546433616	FALSE	NA	186	11	24	7	1.42	0.25	5.91e-05
starch	starch_L01	1H:330432546	starch_L04	6H:525776080	FALSE	NA	199	9	81	3	3.66	0.034	0.787
starch	starch_L01	1H:330432546	starch_L05	7H:573606460	FALSE	NA	193	11	30	3	1.71	0.079	0.234
starch	starch_L02	3H:530660057	starch_L03	3H:546433616	TRUE	15.774	180	77	24	14	10.27	0.161	0.0766
starch	starch_L02	3H:530660057	starch_L04	6H:525776080	FALSE	NA	188	80	84	35	35.74	0.271	0.644
starch	starch_L02	3H:530660057	starch_L05	7H:573606460	FALSE	NA	190	82	26	19	11.22	0.213	0.000947
starch	starch_L03	3H:546433616	starch_L04	6H:525776080	FALSE	NA	193	24	76	3	9.45	0.031	1
starch	starch_L03	3H:546433616	starch_L05	7H:573606460	FALSE	NA	195	25	28	6	3.59	0.128	0.124
starch	starch_L04	6H:525776080	starch_L05	7H:573606460	FALSE	NA	200	88	27	11	11.88	0.106	0.716
protein	protein_L01	3H:106623911	protein_L02	3H:159799839	TRUE	53.176	193	35	11	1	1.99	0.022	0.896
