Bin	Sum_R2	SumSq_R2	N_Pairs
0	146838	55024.1	2044249
0	2.61107e+06	1.88113e+06	9865711
1000	1.73605e+06	1.24222e+06	6560628
2000	1.48449e+06	1.05588e+06	5713666
3000	1.32358e+06	938523	5157693
4000	1.19395e+06	843662	4700068
5000	1.10101e+06	776113	4378457
6000	1.02484e+06	720693	4108287
7000	955762	672011	3852957
8000	905600	635696	3681083
9000	873605	614536	3535783
10000	862197	607017	3489351
11000	853419	601501	3444448
12000	841335	592279	3416808
13000	832914	586076	3379772
14000	823176	578081	3353392
15000	814542	572272	3315319
16000	804781	565360	3292120
17000	797209	559002	3268239
18000	795908	559286	3254517
19000	789995	553822	3242905
20000	778928	544817	3216127
21000	774355	541370	3201962
22000	769886	538068	3187099
23000	766718	535221	3181406
25000	762780	531943	3169321
26000	758399	528971	3155843
27000	755515	526490	3153596
28000	753716	525296	3151550
29000	744113	517916	3123111
30000	737197	511752	3109762
31000	730760	507282	3081299
33000	721472	499648	3074267
34000	715821	494820	3060413
35000	719600	498860	3065066
36000	719817	498972	3060476
37000	719926	498789	3069210
38000	722210	500142	3079545
39000	723339	500762	3098495
40000	726324	503139	3109485
41000	727100	503133	3123388
42000	719640	498776	3075649
43000	711542	492463	3062168
44000	703462	486133	3043926
45000	701099	483334	3053487
46000	700122	482894	3057025
47000	696962	480137	3038839
48000	695054	478557	3031769
50000	690548	475408	3027608
52000	675666	463007	2983126
53000	678217	465676	2992022
54000	664428	454453	2945813
55000	663690	454119	2951709
56000	667164	456825	2972312
57000	655948	448442	2944809
58000	653627	446323	2938922
59000	650992	444130	2925160
60000	647609	441812	2930753
62000	636984	433318	2896301
63000	642637	437696	2902448
64000	643916	437967	2917046
65000	645122	438701	2922235
66000	640540	435314	2915417
67000	640069	434723	2930233
68000	636221	431557	2921908
69000	629916	426568	2898556
70000	629148	425551	2896680
71000	628305	423861	2922073
72000	622443	419171	2906481
73000	620025	417427	2898883
74000	620944	417802	2913512
75000	613233	411199	2888593
76000	611588	409914	2887004
77000	607966	406536	2893255
78000	605467	404839	2878021
79000	602076	401918	2875435
80000	597383	398924	2841478
81000	602050	401636	2873813
82000	600579	401447	2854869
83000	598088	399025	2852392
84000	594651	397430	2824117
85000	591589	395507	2819119
86000	592268	396374	2812944
88000	583628	389823	2798174
89000	578965	386894	2780592
90000	581471	388652	2795077
91000	578689	386626	2776207
92000	576334	384075	2764236
94000	577839	385108	2772042
95000	576850	383161	2782650
96000	576922	383152	2787533
97000	573701	380622	2791233
98000	568224	377052	2770925
99000	565837	375580	2762706
100000	563951	373484	2756556
101000	559313	369547	2765090
102000	565107	373971	2793087
103000	565372	374282	2782458
105000	566572	374772	2801626
106000	562802	370693	2803849
107000	563324	371365	2807839
108000	558622	367429	2796706
109000	554874	364763	2774724
110000	554136	363355	2786541
111000	551946	361267	2786372
112000	547357	357875	2768681
113000	549245	359873	2768411
114000	549272	359996	2762134
115000	548040	358115	2775511
117000	541686	354278	2765740
118000	540161	352840	2766301
119000	538379	350998	2763827
121000	533851	346890	2761673
122000	535674	347418	2786235
123000	531739	344170	2775638
125000	529449	342183	2776659
126000	524192	338137	2756992
127000	517054	333491	2739420
128000	514970	331465	2727457
129000	519017	334053	2751343
131000	517949	333867	2739717
132000	512178	329511	2724637
133000	509128	327124	2710898
134000	509803	328606	2694423
135000	507593	326799	2686845
136000	509664	328200	2694360
137000	507031	325910	2698015
138000	507109	325462	2696539
139000	504543	323795	2684004
140000	503326	323561	2683538
141000	497737	318980	2665774
142000	494440	316055	2661783
143000	490672	312743	2669350
144000	484692	307512	2666744
146000	485190	307455	2663464
147000	484288	307910	2653015
148000	482390	306151	2657726
149000	480911	304477	2667466
150000	478386	302585	2664786
151000	477029	301691	2656488
152000	475383	300712	2640660
154000	476195	301418	2626826
155000	475117	300924	2619097
156000	472302	299185	2625493
157000	466280	295260	2599244
158000	467178	295265	2612893
159000	464995	293101	2622935
160000	464166	292938	2614659
161000	462118	290660	2621212
162000	460721	289690	2623303
163000	457739	287669	2609688
164000	459178	288559	2606314
165000	460102	289021	2616218
166000	458635	288111	2612670
167000	457925	287803	2606372
168000	458030	287641	2608348
169000	455060	285045	2605725
170000	453075	283450	2600994
171000	452133	282063	2599857
172000	450603	281036	2591641
173000	449181	279935	2587183
174000	450632	281479	2589654
175000	449477	280178	2585611
177000	446698	278110	2570322
178000	446886	277730	2595987
179000	447878	277609	2620421
180000	445154	275784	2606148
181000	442999	274412	2597259
182000	446008	276407	2602788
183000	444272	274950	2602254
184000	440882	272522	2596340
185000	441299	273386	2586976
186000	435578	269025	2572035
187000	429011	264200	2546292
188000	429458	264367	2547433
189000	426593	261936	2549447
190000	429197	264196	2547310
191000	432269	265765	2585033
192000	436115	268748	2596890
193000	438674	270241	2598517
194000	438541	271004	2584451
195000	433773	267016	2572992
196000	430250	264134	2578854
197000	427573	261169	2582191
198000	427382	260932	2582148
199000	427088	260783	2582698
200000	427946	261514	2573424
201000	423768	257728	2571982
202000	419775	255080	2551486
203000	420193	255699	2553495
204000	416928	253192	2549558
205000	417289	253526	2558474
206000	416483	252797	2558653
207000	412467	249245	2537120
208000	414198	250840	2525486
209000	413932	250711	2518414
210000	413712	251264	2508798
211000	413183	250309	2527805
212000	412701	249663	2533441
213000	414747	251002	2541080
214000	411307	248584	2523519
215000	411510	249270	2523635
216000	410799	248705	2520505
217000	410458	248134	2525304
218000	413338	249642	2543896
219000	413269	250329	2544428
220000	412402	249145	2553406
221000	414498	250551	2566112
222000	413575	250066	2562629
224000	411141	249273	2556132
225000	405054	243540	2551875
226000	402707	242100	2544715
227000	402234	241742	2543272
228000	398091	238199	2535564
229000	397955	238160	2531097
230000	397635	237991	2523778
231000	394419	234944	2536827
232000	396984	236692	2536069
233000	396699	236120	2536852
234000	396889	236281	2535098
235000	398140	236845	2543817
236000	393818	233174	2527970
237000	393388	232892	2524079
238000	392441	232181	2532084
239000	393587	232265	2535410
240000	393126	232308	2518861
241000	395550	233713	2536851
242000	393242	232151	2529836
243000	390587	230633	2513262
244000	389873	230306	2514706
245000	388516	229398	2514587
246000	389991	230168	2528442
247000	388934	229767	2520943
248000	388348	229224	2517323
249000	388570	228979	2538111
250000	385644	227327	2515425
251000	385147	226330	2520069
252000	386746	227845	2518938
253000	387489	228523	2507255
254000	383556	225450	2505529
255000	382765	225010	2503165
257000	377794	221468	2501751
258000	376255	219845	2510087
259000	373964	219021	2488333
261000	372747	217048	2490188
262000	372930	217151	2490169
263000	374122	218319	2497180
264000	373156	217634	2488627
265000	371922	216629	2488465
266000	369505	214934	2484964
267000	371011	216262	2478957
268000	369200	214057	2482713
269000	369158	214575	2480666
270000	370573	214480	2494621
271000	368216	213095	2488443
272000	368152	212836	2495185
273000	364404	210675	2460510
274000	366173	212676	2452172
275000	360824	208460	2440274
276000	362805	209944	2446336
277000	362955	209317	2458629
278000	361743	208337	2461676
279000	361329	208191	2467892
280000	361263	208770	2457675
281000	359711	206871	2470900
282000	361000	207680	2476601
283000	361256	208174	2474609
284000	363332	209595	2493984
285000	361933	208435	2484506
286000	359760	206575	2486585
287000	358781	205536	2494890
288000	359235	206095	2484773
289000	363140	208823	2498535
290000	363252	208605	2506014
291000	364598	210032	2499456
292000	363926	209582	2484171
293000	360309	207060	2476405
294000	360877	207028	2498559
295000	359670	205985	2498675
296000	356798	203612	2485214
297000	356799	203568	2492109
298000	358360	205237	2484677
299000	357178	204151	2491453
300000	355183	202922	2479730
301000	353593	202424	2443809
302000	350065	199914	2443910
304000	349300	199120	2445257
305000	348471	198186	2444964
306000	345935	196252	2444398
307000	350275	199691	2461428
308000	348464	198281	2444583
309000	348505	197752	2445866
310000	345151	194993	2439686
311000	343815	194165	2440547
312000	342491	193946	2413084
313000	340437	192367	2406657
314000	342218	193056	2429628
316000	340275	192342	2407956
317000	337314	189844	2403626
318000	338004	190507	2406042
319000	336221	188921	2411318
320000	338258	189931	2422532
321000	339110	191325	2421924
322000	339519	190664	2437467
323000	340322	191264	2440977
324000	339376	190594	2449657
325000	340244	191314	2460939
326000	338074	190116	2438126
327000	336412	188864	2425438
328000	334544	186912	2429012
330000	332999	185912	2430614
331000	331334	184321	2421868
332000	330791	184170	2417677
333000	328195	181911	2405925
334000	327259	181075	2407168
335000	327340	181159	2402122
336000	327925	182113	2391514
337000	328580	182780	2396024
338000	327262	181249	2383857
339000	328736	182872	2389217
340000	327362	181893	2391205
341000	326468	181254	2396217
342000	329970	183833	2411263
343000	330232	183914	2418041
344000	326960	180974	2418932
345000	325232	180196	2410785
346000	325534	179935	2423656
347000	326722	180952	2429433
348000	327837	182570	2406247
349000	327474	182014	2420210
350000	327161	181374	2423618
351000	328569	182048	2416699
352000	327139	182034	2392984
353000	327053	182149	2381064
354000	325391	181464	2372238
355000	323717	180762	2360311
356000	321314	178566	2365318
357000	323409	179264	2382764
358000	320917	177177	2383865
359000	317913	175327	2364377
360000	316501	174279	2359900
361000	316265	173315	2383412
362000	316833	173972	2380755
363000	317128	174198	2375327
364000	318391	175154	2385689
365000	321202	177676	2392779
366000	319300	175568	2396051
368000	319386	175543	2402527
369000	320183	176402	2394574
370000	319321	174962	2409264
371000	319974	175847	2403969
372000	320084	175827	2411697
373000	318011	174043	2406065
374000	317839	173816	2412004
375000	318529	175138	2389901
376000	315782	173196	2388867
377000	315141	172894	2390145
378000	315659	173354	2387468
379000	314002	172152	2382310
380000	312213	171001	2380711
381000	310403	170147	2356324
383000	309077	168996	2361185
384000	307591	168383	2337023
385000	305261	166768	2338663
386000	305173	167347	2319985
387000	305893	167065	2338588
388000	308943	169620	2345795
389000	307872	168636	2347050
390000	308492	168971	2349095
391000	308572	168519	2365293
392000	306919	167606	2359795
393000	306817	167730	2353652
394000	308219	169014	2347954
395000	308407	169320	2349111
396000	306372	167117	2354238
398000	303624	165677	2328444
399000	303730	164964	2330603
400000	304268	165161	2348867
401000	305349	165999	2352904
402000	307565	167280	2373671
403000	306853	167370	2371009
404000	309013	168475	2389106
405000	311546	170904	2378688
406000	311462	170846	2382936
407000	311613	170277	2382109
408000	309918	168998	2380745
409000	312002	170423	2393723
410000	312289	171006	2383028
411000	312353	170900	2380879
412000	311872	171420	2368246
413000	310499	170112	2361394
414000	309710	169998	2362203
415000	310342	170727	2356443
416000	312241	171896	2369541
417000	310072	169872	2375466
418000	310209	169845	2376765
419000	309306	169072	2371559
420000	307147	167322	2370819
421000	304930	165010	2376060
422000	304488	164834	2369291
423000	302448	163164	2366397
424000	302681	164271	2351172
425000	302302	164417	2359847
426000	300791	163302	2353277
427000	299894	162726	2342888
428000	298348	161537	2335787
429000	299056	162659	2325706
430000	297776	160704	2343163
431000	296563	160195	2335107
432000	295005	159368	2324536
433000	295053	159795	2305155
434000	295970	160590	2315426
435000	295979	160049	2333688
436000	293778	159664	2310714
437000	293442	159059	2306597
438000	293007	158587	2311719
439000	294136	158589	2334102
440000	291840	156985	2316839
441000	287993	153936	2306792
442000	289315	154837	2303086
443000	289444	154226	2321026
444000	289921	154582	2326201
445000	290184	155269	2314799
446000	289380	154638	2315915
447000	288987	154507	2314183
449000	290467	155895	2309388
450000	288910	154720	2311654
451000	288882	154357	2328198
452000	284703	151655	2311854
453000	287471	152887	2326454
454000	285417	151272	2315049
455000	287892	152655	2327919
456000	287207	152044	2330777
457000	288019	152491	2331525
459000	290664	154219	2346312
460000	291426	154527	2349517
461000	290322	154167	2335573
462000	291883	154940	2345108
463000	291079	154617	2349765
464000	290315	153548	2369770
465000	286709	151158	2349751
466000	286841	150874	2349636
467000	285523	150235	2341634
468000	283756	149823	2315453
469000	284567	149787	2330426
470000	284777	150273	2336099
471000	285101	150742	2320456
472000	284288	150376	2316128
473000	283554	149784	2323054
474000	280681	147718	2311158
475000	283477	149952	2320024
476000	281412	147756	2325569
477000	282568	149160	2305852
478000	281344	148295	2306657
479000	284199	150104	2331122
480000	284142	149824	2329914
482000	286195	151265	2341045
483000	285267	150255	2341567
484000	282478	148428	2329633
485000	280786	147309	2318256
486000	279083	145894	2318022
487000	277994	145039	2317635
488000	276164	144140	2311781
489000	275640	144072	2300204
490000	276976	144443	2322203
491000	276100	143936	2313612
492000	277021	144064	2328527
493000	276042	143349	2329140
494000	275967	142834	2339773
495000	275950	142949	2343224
496000	276740	143305	2335011
497000	276000	143042	2327793
499000	275217	142544	2328219
500000	273615	141930	2318895
501000	274299	142483	2320442
502000	276210	143118	2339972
503000	275296	142634	2345288
504000	274796	141887	2362157
505000	274426	141328	2363743
507000	272506	140390	2341621
508000	272885	141379	2329664
509000	272237	141016	2320183
510000	270750	140017	2322410
511000	270929	139550	2341793
512000	269551	138461	2335122
513000	268811	138009	2322840
514000	267783	138183	2290716
515000	267121	137302	2313961
516000	267820	137953	2319565
517000	268311	137838	2325693
518000	267539	137049	2319320
519000	267967	137319	2316663
520000	268740	138450	2307753
521000	268480	137702	2327918
522000	270021	138657	2329255
523000	268638	137898	2310980
524000	268726	137835	2314076
525000	267422	136906	2316199
526000	267697	136773	2319508
527000	267795	136987	2321264
528000	265245	135526	2298588
529000	266211	135998	2313213
531000	263886	134627	2294304
532000	262385	133205	2301993
533000	264358	134856	2308569
534000	264345	134279	2326851
535000	264113	134028	2329698
536000	264815	134408	2334091
537000	262148	132854	2320423
538000	262254	133098	2325023
539000	263551	133889	2327269
540000	264649	134460	2334227
541000	266464	135474	2353862
542000	265086	134774	2350054
543000	264500	134938	2325098
544000	263661	134333	2324326
545000	263121	134070	2320364
546000	264889	134479	2340530
547000	264080	133426	2345105
548000	262717	132828	2334437
549000	260272	131258	2319487
550000	260354	131223	2318534
551000	261379	131474	2339117
552000	261159	131246	2332024
553000	259971	130541	2325996
554000	258545	129947	2320730
555000	259262	130031	2327200
556000	258380	129570	2328947
557000	260252	130701	2340278
558000	259856	130407	2333885
559000	258513	129799	2333735
560000	257727	129530	2322287
561000	255052	127589	2313647
562000	255001	127190	2312816
563000	255953	127875	2327565
564000	256145	128025	2334412
565000	257291	128808	2336018
566000	257821	129232	2339812
567000	256491	128945	2319203
568000	256994	128943	2335871
569000	257175	129508	2321923
570000	256048	128945	2314312
571000	255677	129083	2304490
572000	254804	128139	2302472
574000	253628	127532	2293027
575000	252089	125710	2300577
576000	251887	125336	2308938
577000	249444	123890	2297263
578000	250288	124581	2286895
579000	250562	124675	2301700
580000	250665	124236	2318007
581000	250383	124281	2309091
582000	249722	123276	2317122
583000	249315	123325	2308234
584000	250865	124440	2317981
585000	254688	126784	2337856
586000	255313	127149	2344766
587000	253899	126300	2324416
588000	251985	125369	2314792
589000	249788	124269	2301808
590000	250847	124642	2306329
591000	252019	125196	2316017
592000	250722	124014	2309348
593000	252548	124941	2323378
594000	252152	124622	2325560
595000	250058	123197	2318873
596000	251104	123588	2327286
597000	250683	124010	2310113
598000	249794	123458	2307436
599000	251816	124841	2317891
600000	249713	123717	2302178
601000	249130	123284	2306568
602000	248177	122605	2311316
603000	247583	121871	2310365
604000	248830	122816	2317397
605000	249197	122999	2314077
606000	249985	123260	2328274
607000	248493	122198	2319332
608000	248907	122248	2333594
609000	248443	122124	2326547
610000	249395	122799	2326468
611000	247916	121753	2325284
612000	248592	122173	2324929
613000	247140	120994	2322863
614000	246242	120964	2301227
615000	246652	121190	2318675
616000	246305	120596	2323467
617000	245966	120585	2309955
618000	243696	119234	2293930
619000	244696	119676	2302206
620000	243920	118931	2302398
621000	243765	118700	2304082
622000	242265	117772	2296213
623000	241892	117584	2296082
624000	241898	117601	2285128
625000	240583	117246	2273972
626000	242362	118946	2270500
627000	242049	118659	2267518
628000	241459	118184	2256187
629000	241964	118636	2261427
630000	241434	117821	2283177
631000	243310	119065	2284438
632000	240397	117433	2259466
633000	241213	117498	2272658
634000	244141	118820	2296943
635000	243829	119282	2290973
636000	242485	118396	2285470
637000	242001	117947	2281332
638000	241014	116947	2285412
639000	240617	117145	2268789
640000	241453	117366	2291825
641000	238054	115382	2263968
642000	237517	115238	2254088
643000	239190	116126	2270505
644000	238955	115947	2275791
645000	239184	116103	2284406
646000	239993	116244	2290946
647000	239809	116445	2279573
648000	241671	117109	2307036
649000	241254	116746	2301280
650000	240772	116847	2295325
651000	238465	115427	2272427
652000	239350	115806	2292576
653000	239796	115978	2300480
654000	239876	115747	2305793
655000	238989	115193	2306695
656000	238273	114451	2315361
657000	236670	113494	2300965
658000	239851	115448	2314237
660000	239047	115436	2295402
661000	237261	114441	2287683
662000	237766	114991	2280704
663000	236311	114142	2273632
664000	235324	113381	2273378
665000	234512	113378	2240237
666000	233112	112918	2221546
667000	235030	114292	2226572
668000	235123	113699	2240948
669000	233358	113082	2227232
670000	233718	113127	2230875
671000	232771	112754	2220829
672000	232224	112221	2224270
673000	231863	111998	2227634
674000	230834	111510	2225756
675000	231138	111721	2223928
676000	232225	112216	2231503
677000	231273	111438	2223799
678000	230870	110946	2237388
679000	231407	111785	2222370
680000	231797	112177	2226889
681000	232079	112057	2225122
682000	233989	113349	2227856
683000	234266	113183	2245883
684000	233901	112190	2254993
686000	231673	110958	2239311
687000	230915	110706	2226377
688000	231047	110515	2244846
689000	231711	111171	2247317
690000	231234	110573	2256827
691000	231930	110735	2274417
692000	229938	109659	2252855
693000	231140	110497	2249918
694000	232846	111432	2264308
695000	233170	111541	2269561
696000	232623	111658	2262291
697000	231898	111006	2259861
698000	232650	111147	2275512
699000	232019	110959	2266097
700000	232748	111351	2260522
701000	233145	111248	2275015
702000	231394	110861	2242680
703000	232357	111297	2253755
704000	231653	111074	2245288
706000	230928	110465	2249538
707000	230898	110479	2247765
708000	230207	109786	2245905
709000	230838	110023	2261548
710000	230932	110137	2260383
711000	229285	108779	2257571
712000	230264	109864	2250856
713000	230745	109781	2267871
714000	229566	108968	2276650
716000	228653	108777	2246233
717000	227520	107806	2251413
718000	228339	108308	2247273
719000	228082	107961	2253245
720000	225729	106841	2224659
721000	225695	107285	2214965
722000	225080	106573	2214890
723000	224954	106316	2225398
725000	225605	106358	2226741
726000	226823	107071	2231992
727000	226604	106862	2242990
728000	224829	105898	2223440
729000	226325	106307	2238295
730000	226896	106522	2250206
731000	226592	107094	2228541
732000	224459	105832	2225644
733000	224201	105505	2227319
734000	224640	105762	2221491
735000	224385	105607	2224425
736000	224223	105484	2225893
737000	224507	105930	2232900
738000	222885	104939	2225413
739000	222975	105166	2221746
740000	223407	104915	2237067
741000	223226	105390	2218996
742000	223529	105280	2238338
743000	223133	104859	2240724
744000	223841	105076	2248269
745000	222306	104318	2224782
746000	222149	104049	2236260
747000	221821	104096	2219904
748000	221782	104122	2218924
749000	222257	103941	2225960
750000	221465	103996	2217525
751000	221436	103843	2237395
752000	220923	103719	2214004
753000	220735	103704	2209822
755000	220490	103262	2216323
756000	221259	103638	2229911
757000	220123	103000	2224138
758000	220416	103484	2212213
759000	220928	103581	2221282
761000	221419	103619	2234295
762000	220197	102871	2227032
763000	221921	103429	2246091
764000	220322	102398	2239680
765000	220194	102289	2236225
766000	221252	102712	2256449
767000	222304	103108	2275792
768000	222728	103085	2292892
769000	223586	103622	2282961
770000	222992	103555	2276694
771000	223241	103345	2283763
773000	219454	102015	2232588
774000	220946	102657	2249956
775000	220686	102260	2255481
776000	221443	102715	2254873
777000	219946	101872	2249520
778000	221692	102769	2254425
779000	220243	101841	2253414
780000	218445	100733	2245641
781000	217677	100728	2229371
782000	217689	100528	2243312
783000	218978	101640	2241701
784000	216529	100344	2217674
785000	219105	101521	2246730
786000	218975	101149	2250225
787000	218609	101179	2246001
788000	217724	100731	2239777
789000	217301	100339	2235148
790000	217491	100677	2233640
791000	217244	100173	2232982
792000	217480	100223	2234381
793000	218061	100252	2243567
794000	218666	100923	2246107
795000	217663	100268	2245457
796000	217722	100150	2234511
797000	218705	100466	2255466
798000	219057	100654	2268291
799000	216569	99242.9	2238298
800000	217373	100181	2232302
801000	217471	99887.5	2241313
802000	215224	98779.5	2234736
803000	214794	98605.1	2235545
804000	216071	99432.8	2238084
805000	215256	99009.3	2221808
806000	214353	98602	2210063
807000	213900	98178.6	2203391
808000	213712	98204.3	2201593
809000	212304	97208	2202825
810000	210979	96571.6	2201020
811000	211394	96914.9	2205331
812000	211398	96426.2	2210310
813000	211269	96730.6	2204161
814000	211602	96904	2205667
815000	212897	97372.4	2220528
816000	212776	97289.9	2220471
817000	211738	96760.8	2202875
818000	212148	96733.1	2209567
819000	210977	96682.3	2181556
820000	210792	96213.4	2189836
821000	211620	96555.3	2204575
822000	210353	95778.9	2201631
823000	212398	96746.4	2221979
824000	213893	97168.6	2243354
825000	213473	97057	2230597
826000	213588	97527.6	2220819
827000	213262	97107.5	2233650
828000	213751	97199.5	2241894
829000	211538	95662.6	2234410
830000	212165	96027.7	2232894
831000	211377	95673.4	2229152
832000	210831	95307.2	2228959
833000	211662	95805.3	2227403
834000	212609	96776.4	2222187
835000	211523	96109	2210596
836000	211195	95945.2	2215568
838000	210901	95790.5	2215235
839000	210281	95162.4	2218320
840000	210179	95371.7	2213779
841000	209650	95297.2	2197987
842000	209471	95252.8	2191253
843000	209163	95297.8	2187799
844000	209606	95724.7	2189258
846000	209946	95527.7	2197064
847000	211228	96404.1	2208948
848000	211141	95988.9	2222750
849000	210793	95612.4	2230978
850000	211783	96035.3	2242977
851000	211524	95892.4	2247505
852000	211250	95776.6	2240530
854000	210607	95215.7	2240858
855000	212053	95932.7	2250438
856000	210072	94829.3	2233608
857000	210506	95300.8	2230159
858000	208995	94671.7	2214757
859000	209210	94833.8	2204530
860000	207856	93972	2200158
861000	207419	93595.9	2194207
862000	209365	95039.3	2199483
863000	207981	94009	2203076
864000	208508	94501.5	2196684
865000	208040	93948.9	2207956
866000	208203	94071.9	2202588
867000	208183	94128.6	2206562
868000	206131	93356.1	2182576
869000	207522	93839.2	2199060
870000	208627	94347.6	2203260
871000	208529	94374.7	2186774
872000	209201	95002.2	2192746
873000	207064	93929.5	2175404
874000	205976	92908.3	2179619
875000	205403	93265.7	2155148
876000	206137	93789.6	2163284
877000	206742	94370	2160058
878000	205972	93511.5	2167054
880000	205921	93311.3	2171586
881000	204013	91777.6	2165115
882000	204805	92436	2169855
883000	205712	92671.7	2176450
884000	205918	93025.1	2170313
885000	204110	92221.1	2156977
886000	205697	92603.7	2179242
887000	205594	92691.3	2186705
888000	204386	92017.6	2180584
889000	205958	92838.6	2189368
890000	206565	93331.9	2179742
891000	204675	92322.9	2157542
892000	204222	92132.4	2163398
894000	205202	92176.4	2195168
895000	204303	91723.5	2205707
896000	204906	92333.6	2189917
897000	203950	91574.7	2178683
898000	204030	91624.7	2187305
899000	204337	91861.9	2191400
900000	205546	92453.7	2187439
901000	204291	91522	2183040
902000	205262	92304.8	2181178
903000	204260	92055.6	2161457
904000	205214	92151.2	2189725
905000	204019	91448.7	2179370
906000	204000	91817.2	2163715
907000	203196	91351.8	2161038
908000	202655	90996.2	2166856
909000	204982	92109.8	2194231
910000	204016	91602.3	2192659
911000	205214	91859.2	2211027
912000	205003	91925.4	2206611
913000	204972	91629.5	2224132
914000	204658	91446.6	2221042
915000	204370	91379.4	2210542
917000	205736	92057.3	2207226
918000	205427	91766.5	2204369
919000	203642	90975	2191240
920000	203998	91221.2	2196751
921000	203795	91079.4	2199036
922000	203740	90749	2214011
923000	204619	90789.8	2224348
924000	204524	90931.4	2214442
925000	202489	89949.9	2205520
926000	203128	89851.2	2222296
927000	203020	90078.9	2219393
928000	202787	89998.6	2209101
929000	202243	89647	2203993
930000	203164	89851.9	2221399
931000	202178	89430.8	2202828
932000	201483	88905.3	2201728
933000	201406	89176	2187955
934000	201093	89235	2179875
935000	200803	88633.7	2189714
936000	202037	89363	2201324
937000	202061	89357.2	2200724
938000	202220	89321	2206578
939000	203048	89551	2218248
940000	203290	89504.7	2234028
941000	203347	89670.8	2225101
942000	203184	89691.9	2219173
943000	203568	89740.1	2226417
944000	202681	89236.7	2223970
945000	201415	88575.8	2216163
946000	202387	89446.1	2221116
947000	203176	89874.6	2212020
949000	202119	88937.6	2204289
950000	201525	89137.8	2189107
951000	200981	88663.2	2190235
952000	200923	88543.6	2192555
953000	201503	89105.2	2188496
954000	201236	89058	2178937
955000	200840	88837.3	2182041
956000	200541	88770.9	2180361
957000	199928	88608.9	2166019
958000	200074	88382.1	2176816
959000	200090	88432.7	2187551
961000	200152	88399.8	2192900
962000	200387	88131	2203736
963000	200582	88451.6	2200077
964000	200940	88471	2214804
965000	200891	88422.2	2210385
966000	201397	88517.5	2228618
967000	200311	87738.9	2221783
968000	201733	89059.3	2215291
969000	201989	89307.5	2205876
970000	201928	88869.3	2223625
971000	200968	88825.2	2200221
972000	199719	87816.1	2210170
973000	201409	88495.1	2228679
974000	200318	87807.5	2217703
975000	200100	87838	2216016
976000	200204	87904.9	2211691
977000	201072	88382	2213393
978000	201354	88828.3	2211540
979000	200851	88513.6	2200292
980000	201555	88761.8	2213282
981000	200500	88406.5	2194167
982000	200475	88694.9	2184244
983000	200250	88128.5	2190449
984000	198981	87461.5	2181695
985000	200610	88205.9	2202474
986000	199772	87390.9	2200719
987000	200328	87629.4	2212034
988000	199902	87478.9	2211860
989000	200392	87669.8	2212180
990000	200059	87768.2	2210201
991000	199440	87693.8	2190234
992000	198201	87040	2178626
993000	198482	87381.1	2181489
994000	199628	87913.5	2188895
995000	197570	86675.3	2180186
996000	198776	87554.9	2177676
997000	196585	86436.6	2151777
998000	197473	86755.3	2158808
999000	197048	86569.9	2165734
1000000	197631	86921.1	2173140
1001000	199574	87478.1	2200392
1002000	199648	87348.4	2191775
1003000	198790	86953.6	2190690
1004000	199038	86742.5	2206278
1005000	199874	87441.3	2206668
1006000	200877	87494.9	2227807
1008000	199871	87111.2	2204246
1009000	198824	86526.2	2195308
1010000	200258	87579.2	2197540
1011000	199967	87349.6	2194469
1012000	200537	87494.7	2202199
1013000	200911	87456.8	2204470
1014000	201203	87882.3	2207225
1015000	200252	87174.3	2218996
1016000	201534	87772.9	2244509
1017000	200264	86695.5	2237559
1018000	200391	87116.4	2231034
1019000	199938	86816.9	2226661
1020000	200176	87095.9	2229984
1021000	198143	85905.2	2219589
1022000	198039	86008.5	2214201
1023000	198582	86261.1	2221477
1024000	197814	85644.6	2227995
1025000	197113	85451.7	2210271
1026000	196718	85552.4	2202003
1027000	196542	85301.7	2192158
1028000	195693	85248.2	2172934
1029000	195679	85171.5	2182355
1030000	196124	85305.9	2172435
1031000	197455	86000.8	2191983
1032000	196214	85029	2196514
1033000	197294	85540.7	2208424
1034000	196693	85326.4	2207389
1035000	196484	85363.3	2193495
1036000	197192	85436.3	2201618
1037000	196445	85150	2199513
1038000	197024	85253.5	2214596
1039000	197365	85631.5	2201148
1040000	198314	85701.3	2221730
1041000	198383	86007.1	2215563
1042000	198521	86170.2	2214755
1043000	198258	85854.4	2212901
1044000	197348	85448.4	2195166
1045000	198803	86421.3	2209875
1046000	196889	85228.4	2200721
1047000	196113	84927.2	2195064
1048000	195930	85106.9	2179955
1050000	196503	85073.5	2199333
1051000	196086	84694.3	2198477
1052000	196003	84520.6	2200735
1053000	196124	84689.4	2193379
1054000	196809	85269.6	2200346
1055000	195203	84568.1	2184347
1056000	195935	84909.1	2191171
1057000	195480	84559	2191266
1058000	195523	84366.4	2198329
1059000	197438	85271.3	2215790
1060000	195772	84717.9	2193393
1061000	197511	85529	2210276
1062000	195829	84732	2193950
1064000	196094	84848.9	2203746
1065000	194588	84380.4	2181148
1066000	194592	84311.6	2172733
1067000	194994	84434	2182857
1068000	194450	84424.4	2166814
1069000	194610	84537.5	2167204
1070000	193687	84044.2	2166824
1071000	194874	84507.4	2172186
1072000	194529	84321.1	2166900
1073000	194952	84705.8	2173372
1074000	195659	84745.8	2195736
1076000	195225	84399.1	2195290
1077000	195538	84541.1	2207106
1078000	194905	84345.8	2204969
1079000	194129	83871.3	2201115
1080000	193356	83995	2177930
1081000	192690	83229.5	2181892
1082000	191849	82782.6	2171797
1083000	191721	82616.6	2182567
1084000	192838	83352.6	2176340
1085000	192002	82826.5	2172395
1086000	191378	82729.8	2165972
1087000	192769	83102.1	2181139
1088000	192260	82683	2176972
1089000	194703	83841.1	2198601
1090000	193241	83060.8	2187322
1091000	193687	83604.2	2181426
1092000	193121	83475.7	2174958
1093000	192817	83049.9	2186525
1094000	191539	82447.5	2178363
1095000	192077	82753.2	2178110
1096000	191077	82104.9	2166837
1097000	191108	82235.9	2162455
1098000	191521	82504	2169013
1099000	191654	82474.1	2171462
1100000	191774	82517.3	2179390
1101000	191853	82325.7	2185002
1102000	192969	82829.9	2193887
1104000	191997	82171.7	2190511
1105000	192638	82457.7	2208882
1106000	191993	82294.5	2196638
1107000	191030	81693.5	2200148
1108000	192136	82249.3	2210730
1109000	192834	82441.8	2211393
1110000	192535	82326.3	2216129
1111000	192898	82285.8	2216076
1112000	192607	82291.7	2215228
1113000	193426	82793.6	2217886
1114000	193395	82557.7	2225902
1115000	192927	82470.6	2213991
1116000	192983	82171.7	2216048
1117000	191929	81114.5	2225454
1118000	193391	81899.8	2231146
1119000	192308	81802.3	2215811
1120000	191483	81449.2	2213591
1121000	191492	81753.4	2206879
1122000	192492	81975.2	2216468
1123000	191435	81680	2203460
1124000	190927	81145.2	2200310
1125000	190622	81075.4	2192732
1126000	191733	81794.1	2196348
1127000	191038	81442.3	2194365
1128000	190962	81631.8	2193658
1129000	191404	81824.2	2187713
1130000	192164	82239.2	2194995
1131000	193137	82654.4	2204171
1132000	192733	82375.4	2198183
1133000	193861	82672.2	2214259
1134000	191847	81891.7	2195133
1135000	192374	82227.4	2209466
1136000	191642	81640.6	2210339
1137000	192566	82298.9	2217541
1138000	191978	81619.7	2211353
1139000	189676	80498	2189026
1141000	190829	81066.6	2200081
1142000	191977	81727.6	2220131
1143000	191406	81330	2217845
1144000	192441	82050.2	2220644
1145000	193184	82533	2209071
1146000	192042	81729.4	2214799
1147000	193114	82206.6	2219668
1148000	192165	81706.3	2216566
1149000	194447	82849.7	2228305
1150000	192462	81719.1	2222137
1151000	192553	82361.5	2211577
1152000	193698	82617.6	2224088
1153000	194042	82410.2	2236579
1154000	193830	82414.2	2239102
1155000	193695	82259.4	2230251
1156000	193666	82481.1	2214065
1157000	191963	81331.5	2219306
1158000	193373	82052.2	2220324
1159000	192637	82003.1	2212567
1160000	192492	81948.3	2217772
1161000	191897	81710.8	2206215
1162000	191227	81370.7	2206414
1163000	190971	81210.5	2203908
1164000	190560	81113.2	2193825
1165000	190308	81044	2190045
1166000	189338	80568.2	2182447
1167000	190023	80717.5	2200084
1168000	189621	80671	2191565
1169000	189630	80350.6	2198519
1170000	191485	81595.1	2206647
1171000	191745	81674.1	2207530
1172000	190638	81376.4	2195799
1173000	191144	81730.9	2201688
1174000	191377	81405.8	2217053
1175000	191865	81847.1	2206627
1177000	191225	81492.1	2205314
1178000	190996	81547.5	2190752
1179000	190487	81237.3	2188566
1180000	191213	81502.3	2200920
1181000	191270	81579.6	2203590
1182000	190065	80651.4	2205946
1183000	191581	81243.7	2218392
1184000	192467	81803.3	2221916
1185000	192340	81412.1	2235791
1186000	192933	81514.5	2253916
1187000	192932	81490.6	2253994
1188000	193793	81767.6	2272396
1189000	193484	81686.9	2268825
1190000	192832	81154	2263247
1191000	192296	80825.6	2267078
1192000	190689	80611.9	2239593
1193000	190595	80459.5	2236007
1194000	189667	80105.5	2235353
1195000	190138	80224.1	2234671
1196000	190091	80275.4	2224035
1197000	188691	79677.5	2212577
1198000	189455	80139.1	2219218
1199000	189371	80254.4	2215266
1200000	188318	79488.9	2214354
1201000	189303	80173.9	2215288
1202000	188704	79908.1	2211389
1203000	189868	80481.6	2228646
1204000	189986	80130.8	2236818
1205000	189905	80373.5	2234463
1206000	189958	80196.6	2243469
1207000	189890	80093.2	2244919
1209000	188185	79712.9	2209540
1210000	187921	79609.1	2202335
1212000	187530	79355.8	2214866
1213000	187830	79638.4	2202401
1214000	188008	79462	2210831
1215000	186542	78792.1	2196371
1216000	186397	78760.3	2190928
1217000	186785	79079.3	2184470
1218000	186120	78398.4	2183934
1219000	187045	78875.2	2195286
1221000	186271	78260.9	2198331
1222000	187086	78664	2207970
1223000	186554	77961.9	2206637
1224000	185810	78052.6	2187143
1225000	186504	78181.1	2197970
1226000	187266	78717.3	2197314
1227000	187167	78603.3	2202598
1228000	188115	79048.7	2208188
1229000	187875	78925.3	2215575
1230000	188743	79610.9	2223128
1231000	188145	79036.2	2223989
1232000	188298	79350.5	2219035
1233000	188620	79569.2	2223130
1234000	188287	79274.9	2229781
1235000	186752	78294.2	2215927
1236000	186573	78491.6	2200257
1237000	187098	78719	2211830
1238000	187024	78882.5	2206445
1239000	186279	78622.1	2184927
1240000	186573	78413.2	2190320
1241000	186569	78477.9	2199423
1242000	187267	78903.3	2203262
1243000	185956	78160	2186933
1244000	186268	78277.3	2209470
1245000	186947	78255.8	2212681
1246000	186731	78150.8	2210557
1248000	185697	77527.2	2208305
1249000	186295	77818.9	2210469
1250000	185985	77992.3	2205188
1251000	186700	78078	2223154
1252000	186781	78156.5	2215100
1253000	186385	78042.8	2207068
1254000	186191	77746.9	2229286
1256000	186947	78233.2	2233359
1257000	187479	78304.6	2246549
1258000	186761	78016.7	2242655
1259000	186069	77542.8	2246646
1260000	186940	77847.9	2246621
1261000	187300	78302.2	2239538
1262000	187379	78185.4	2239916
1263000	186923	78496.8	2222707
1264000	185634	78036.8	2203093
1266000	185441	77562.9	2204447
1267000	185002	77544.9	2200700
1268000	184158	76849.6	2207973
1269000	185803	77920.2	2211327
1270000	184821	77330.9	2199555
1271000	185698	78042.7	2204534
1272000	185476	77216.8	2229101
1273000	186293	77700.7	2225446
1274000	185106	77558.9	2208522
1275000	184628	76950.8	2212194
1276000	184363	76801.3	2207963
1277000	184600	76799.8	2213359
1278000	184140	76829.8	2206203
1280000	182632	76433.8	2192642
1281000	183438	76543	2196700
1282000	183170	76525.7	2204368
1283000	183478	76683.3	2209894
1284000	183345	76455.8	2203742
1285000	184785	77033.5	2213068
1286000	184530	76971.4	2211532
1287000	185861	77161.6	2234461
1288000	185560	77189.7	2220637
1289000	184712	76325.6	2227557
1290000	186855	76954.6	2247894
1291000	186931	77504.7	2246182
1292000	184938	76050	2231784
1293000	184763	76446.2	2219632
1294000	183847	76145.5	2212953
1295000	184980	76392.9	2219171
1296000	184573	76363.9	2213698
1297000	184106	76273.8	2207906
1298000	183805	76259.2	2199205
1299000	182529	75722.7	2184531
1301000	183236	76292	2197298
1302000	182853	76139.2	2196131
1303000	183137	76119.4	2210766
1304000	183341	76026.8	2215132
1305000	185330	76697.9	2242129
1306000	184306	76206.3	2235672
1307000	183904	76186.5	2225464
1308000	184277	76640.8	2215547
1309000	182834	75884.8	2203827
1310000	182803	75980.7	2195611
1311000	181691	75382.7	2190333
1312000	182096	75923.8	2182325
1313000	180832	75352.6	2163921
1314000	181068	75721	2169133
1315000	182034	76057.3	2189548
1317000	181201	75199.7	2193298
1318000	179156	74459.4	2174453
1319000	180135	74979.4	2176054
1320000	180685	75212.2	2183537
1321000	180629	75360.6	2177792
1322000	180934	75541.8	2176510
1323000	179916	74920.8	2171913
1324000	180787	75477.9	2175422
1325000	180827	75085.8	2186281
1326000	181017	75507.9	2186429
1327000	181146	75198.3	2190377
1328000	180525	75164.3	2180153
1329000	181089	75697.3	2178723
1330000	179232	74576.2	2162212
1331000	179910	74932.1	2160343
1332000	180628	75211.9	2171647
1333000	180839	75398.2	2165411
1334000	180399	75046.8	2164980
1335000	180102	74899.3	2161855
1336000	181479	75497.4	2178729
1337000	180096	74825	2162646
1338000	180694	75098.2	2171863
1339000	180645	74909.9	2178187
1340000	180909	74852.7	2185909
1342000	180472	74992.7	2173723
1343000	180635	75080.5	2173380
1344000	181201	75268.3	2182904
1345000	180348	74752.3	2177273
1346000	179438	74346.7	2163050
1347000	179601	74820.9	2155646
1348000	180638	75492.4	2156840
1349000	180040	75014.4	2154555
1350000	179200	74323.9	2163872
1351000	179239	74103.7	2185935
1352000	179976	74979.2	2168373
1353000	180518	75043.3	2175469
1354000	179512	74480.9	2167618
1355000	180762	75154.1	2168811
1356000	181380	75106.5	2180166
1357000	181189	74866.8	2180012
1358000	180780	75024.2	2165232
1360000	181151	75251.5	2178673
1361000	179890	74912.7	2157846
1363000	180908	74959.1	2195346
1364000	181156	74849.7	2214365
1365000	181305	74738.5	2214692
1366000	181505	75005.1	2210298
1367000	181995	75206.9	2217589
1368000	181125	74701	2208659
1369000	180221	74236	2203231
1370000	180652	74577.3	2196298
1371000	180903	74708.8	2186630
1372000	179082	74060.4	2172879
1374000	179159	73948.3	2184557
1375000	178697	73655.8	2181575
1376000	178577	73799.5	2174089
1377000	178093	73499.3	2176034
1378000	177546	73148.5	2161154
1379000	177082	73383.8	2144516
1380000	178630	73747.3	2166872
1381000	179106	74184.8	2164519
1382000	178792	73947.5	2171819
1383000	178825	73898.1	2176491
1384000	179164	73793.7	2180282
1385000	178000	73088	2170455
1386000	177982	73317.1	2175578
1387000	178058	72928.3	2180525
1388000	178406	73001.3	2192737
1389000	179641	73707.7	2199859
1390000	177433	72936.8	2182980
1391000	178438	73087	2204374
1392000	179400	73740.5	2200895
1393000	177735	73078.4	2186773
1395000	178809	73561.7	2184850
1396000	176796	72272.4	2186591
1397000	177034	72351	2196028
1398000	177197	72878.8	2182463
1399000	176898	72395.1	2189371
1400000	178343	73091.7	2201361
1401000	177466	72782	2185878
1402000	176586	72688.4	2163620
1403000	176494	72401.8	2173232
1404000	177190	72539.6	2187924
1405000	177855	72829.9	2197112
1406000	177413	72929.2	2181709
1407000	177055	72721	2180675
1408000	176644	72352.4	2172532
1410000	176482	72425	2167641
1412000	175682	72041.2	2160237
1413000	176473	72279.2	2169869
1414000	177043	72775.6	2170338
1416000	177438	72683	2175816
1417000	175852	72124.4	2156246
1418000	176928	72314.1	2176303
1419000	178119	73131.4	2183991
1420000	178391	73290.1	2182364
1421000	178089	73272.8	2174366
1422000	176221	72487	2156698
1424000	175938	72378.7	2158455
1425000	174794	71750	2149673
1426000	176119	72433.2	2164931
1427000	175870	72231.6	2170455
1428000	175936	72129.5	2177000
1429000	175239	71777	2171205
1430000	175813	71771.5	2176044
1431000	176846	72356.2	2188892
1433000	175180	71415.1	2184864
1434000	175096	71669.4	2165917
1435000	175937	71991.6	2167575
1436000	175076	71942.7	2145885
1437000	173759	71334	2136507
1438000	174226	71790	2129268
1439000	174401	71733.3	2127315
1440000	176448	72346	2158204
1441000	174850	71574.8	2144546
1442000	174730	71441.5	2148399
1443000	175659	71780.6	2155953
1444000	175415	72006.1	2149287
1445000	175940	71881.4	2156105
1447000	174488	71486.7	2143869
1448000	175120	71671.6	2150490
1449000	175211	71912.8	2140044
1451000	174702	71571.8	2146006
1452000	174375	71515.5	2128239
1453000	173922	71065.8	2138282
1454000	173395	71031.1	2133959
1455000	174158	71304.1	2132714
1456000	173664	70952.5	2139521
1457000	172789	70705.8	2127996
1458000	173774	70859.4	2148089
1459000	174437	71491.8	2146751
1460000	173786	70976.8	2132810
1461000	174387	70956.8	2151971
1462000	173930	70818.7	2151501
1463000	175093	71387.8	2163988
1464000	174068	70670.5	2159635
1465000	175036	71347.3	2159857
1466000	176854	72162.7	2182329
1467000	176053	71917.3	2174517
1468000	175763	72056.3	2184088
1469000	175316	71507.6	2177743
1470000	176702	72151.6	2184383
1471000	175687	71507.8	2187266
1472000	174367	70976.8	2177841
1473000	174934	71152.3	2189468
1474000	174789	71125.2	2179928
1475000	173942	70760.4	2170531
1476000	172855	70160.2	2168586
1477000	171835	69420.8	2156443
1478000	173260	70293.4	2162481
1479000	172955	70242.3	2156723
1481000	173973	70645.8	2168837
1482000	173909	70359.5	2177952
1483000	173659	70699	2165399
1484000	173450	70370.1	2169658
1485000	173931	70590.2	2178372
1486000	174307	70857.7	2175640
1487000	172754	70281.1	2160212
1488000	172928	70310.3	2150907
1489000	172448	70187.9	2141953
1490000	173504	70537.4	2144105
1491000	172993	70355.9	2136559
1493000	172718	70423.3	2128784
1494000	171948	70190	2130723
1495000	172395	70479.2	2125998
1496000	171678	69965.9	2121281
1497000	170459	69779.3	2103305
1498000	171236	69674.2	2120959
1499000	172585	70322.8	2132889
1500000	172007	70118.7	2130803
1501000	172225	70147.1	2128919
1502000	172294	70341.3	2127869
1503000	173130	70312.5	2150544
1504000	172946	70079.4	2158977
1505000	173369	70346.4	2165094
1506000	171827	69851.2	2142005
1507000	172434	70020.6	2161569
1508000	171393	69693.3	2150091
1509000	171525	69605.6	2156480
1510000	171976	69638.3	2166369
1511000	171702	69399.6	2172477
1512000	173464	70344.5	2181218
1513000	172828	70215	2171284
1514000	173053	70095.4	2172605
1515000	174325	70413	2191329
1516000	173811	70655.8	2172382
1517000	171634	69511.9	2146703
1518000	171827	69674.1	2139907
1519000	171216	69720.5	2128722
1520000	171865	70064.3	2134813
1521000	171214	69469.6	2137127
1522000	170696	69071.7	2130392
1523000	170001	68897.7	2118909
1524000	171249	69700.7	2125144
1525000	169825	68591.6	2133744
1526000	169733	68685.2	2123139
1527000	170116	68919.5	2126582
1528000	170545	68947.8	2133031
1529000	169975	68355.1	2136802
1530000	170807	68779.7	2150457
1531000	170573	68891.2	2137748
1532000	170716	68638.2	2153210
1533000	169687	68456	2136977
1534000	170064	68540.7	2144096
1535000	169753	68613	2137584
1536000	169161	68331.2	2120758
1537000	170184	69052.7	2125220
1538000	170097	68799.5	2127436
1539000	169768	68737.8	2124681
1540000	170065	68920.2	2119821
1541000	169330	68467	2110837
1542000	169904	68597.6	2124985
1543000	169165	68148.7	2125436
1544000	170699	68975.4	2135504
1545000	169428	68381.5	2123042
1546000	170232	69073.9	2117859
1547000	170338	68687.5	2131204
1548000	169726	68732.7	2113090
1549000	168960	68385.7	2099975
1550000	169599	68254.1	2117503
1551000	168060	67616.8	2103182
1552000	168327	67904.7	2103377
1553000	168513	68206.1	2108039
1554000	168492	67760.5	2111526
1555000	169092	67981.9	2124026
1556000	168113	67766.7	2113189
1557000	167786	67849.6	2103376
1558000	167567	67718.8	2097367
1559000	167497	67960.8	2090894
1560000	168339	67948.6	2118980
1561000	167670	67654.9	2114984
1562000	168928	67932.2	2133472
1563000	169016	68079.6	2136387
1564000	168605	67704.8	2140208
1565000	168927	68090.7	2144486
1566000	169144	68187.3	2142997
1567000	168003	67887.1	2127206
1568000	168268	68332.5	2123547
1569000	166976	67448.7	2113151
1570000	167517	67704.7	2126335
1571000	167651	67624.8	2128198
1572000	168270	67823.9	2123838
1573000	167931	67748.6	2114564
1574000	167165	67869.8	2097478
1575000	167335	68088.8	2086207
1576000	167691	68142.1	2095809
1577000	166621	67516.8	2089401
1578000	167519	67874.9	2103248
1580000	167235	67525.2	2107663
1581000	167514	67563.5	2113748
1582000	167815	67857.2	2106907
1583000	166980	67433.7	2090278
1584000	167497	67777.3	2114968
1585000	167060	67147.5	2124214
1586000	167133	66975.4	2129308
1587000	167144	67125.9	2119100
1588000	166976	67129.8	2106767
1589000	167516	67161.6	2120456
1590000	168437	67504.9	2136160
1591000	168650	67679.2	2128152
1592000	166397	66524.1	2119141
1593000	166975	66659.7	2138903
1594000	168062	67310.1	2142627
1595000	168247	67252.2	2154423
1596000	169044	67572.2	2161294
1597000	167434	66576.2	2159945
1598000	167817	66993.4	2158498
1599000	167754	67000.8	2159776
1601000	166013	66303.6	2139944
1602000	165010	65689.4	2129283
1603000	165773	66495.2	2120658
1604000	165110	66171.4	2114029
1605000	166017	66710	2119220
1606000	165986	66463.4	2116378
1607000	166773	66879.2	2131135
1608000	166996	66952.9	2133628
1609000	166242	66555.3	2129248
1611000	165010	66097.5	2110792
1612000	165661	66323.7	2115717
1613000	166861	66795.2	2132753
1614000	166287	66387.6	2120182
1615000	165958	66263.9	2117350
1616000	166849	66856.1	2123233
1617000	165933	66568.8	2110115
1618000	165492	66345.4	2114191
1619000	164950	66223.2	2105723
1620000	165275	66155.2	2121370
1621000	164693	65998.8	2114183
1622000	164711	66157.5	2113667
1623000	165625	66422.2	2122042
1625000	164358	65454.1	2122047
1626000	164052	65411.3	2120138
1627000	164352	65590	2112818
1628000	163291	65311.2	2101736
1629000	163258	64989	2095799
1630000	163963	65459.9	2102243
1631000	164970	65951.3	2108448
1632000	163877	65505.8	2097702
1633000	164389	65841.2	2098776
1634000	163395	65136.3	2110747
1635000	163515	65099.8	2107378
1637000	164449	65592.6	2114475
1638000	163976	65326	2107171
1639000	163215	65156	2085316
1640000	164012	65647.5	2086919
1641000	163650	65527.6	2094563
1642000	164116	65661.4	2101563
1643000	164578	65301.9	2105823
1644000	164456	65554.5	2105766
1645000	164687	65953.6	2104936
1646000	163867	65746.1	2079382
1647000	164019	65654.7	2089077
1648000	163412	65449.5	2085311
1649000	163286	65385.4	2088314
1650000	162729	65006.6	2081633
1651000	162062	64981.5	2074981
1652000	162123	65082.6	2065486
1653000	162929	65206	2081672
1654000	162339	64893.7	2082965
1655000	162950	64963.7	2100830
1657000	163495	65319.6	2099218
1658000	162259	64445.1	2102953
1659000	163046	64783.3	2109961
1660000	162573	64494.5	2110773
1661000	162567	64716.1	2103755
1662000	162993	64999.2	2095324
1663000	162644	64820.2	2102736
1664000	162142	64425.8	2091368
1666000	162404	64886.7	2095159
1667000	162070	64630.4	2099979
1668000	161968	64498.2	2090899
1669000	161399	64158.4	2101370
1670000	160972	64267.1	2081212
1671000	161447	64569.7	2079420
1672000	161863	64481.9	2088518
1674000	161388	64222	2088576
1675000	160232	63860.3	2070121
1676000	160908	64282.9	2069755
1677000	160620	63766.1	2080946
1678000	161611	64286.7	2080300
1679000	161458	64060.5	2098568
1680000	161350	64150.6	2089245
1681000	162808	64467.5	2105218
1682000	162886	64643.5	2102869
1684000	161277	63706.2	2096858
1685000	161734	63918	2099996
1686000	162324	64103.1	2105699
1687000	162579	64158.9	2112129
1688000	163238	64351.7	2127994
1689000	163329	64405	2130560
1690000	163037	64069.4	2118439
1691000	161892	64010.9	2106896
1692000	161167	63532.6	2100590
1693000	162186	64012.7	2108534
1694000	161617	63601.9	2121274
1695000	162774	64264.1	2123943
1696000	161948	63755.2	2115787
1697000	163226	64257.1	2131354
1698000	162297	64019.7	2117224
1699000	161037	63546.8	2098068
1700000	162095	64117.4	2119564
1701000	160923	63497.9	2098498
1702000	160811	63649.6	2098603
1703000	161574	63875.7	2119639
1704000	160261	63704	2086539
1705000	160599	63159.3	2101671
1706000	160379	63467.5	2092907
1707000	161356	63850.2	2102912
1708000	161266	63803.5	2105862
1709000	160621	63305.8	2097562
1710000	160113	63042.9	2093163
1711000	161101	63733.9	2096790
1712000	160832	63527.6	2091748
1713000	160691	63460.8	2083322
1714000	161505	63827.9	2084873
1715000	160443	63384.3	2075693
1716000	161623	63799	2103519
1717000	160801	63498.1	2090933
1719000	161255	63815.1	2098535
1720000	161252	63792.3	2105196
1721000	161991	64206.9	2111039
1722000	160878	63443.6	2108432
1723000	161636	63974.2	2105855
1724000	161136	63475.2	2104714
1725000	161017	63612.3	2095916
1726000	162078	63942.3	2107464
1727000	162241	63837.5	2116250
1728000	162093	63652.5	2119550
1729000	161710	63553.7	2118806
1731000	159090	62615.8	2081634
1732000	159144	62608.3	2075088
1733000	160018	62922.3	2084640
1734000	159986	62840.5	2080293
1735000	159197	62538.9	2073269
1736000	159501	63080.9	2067858
1737000	159802	62700.1	2093196
1738000	160153	63075.5	2079469
1739000	160437	63296.5	2082657
1740000	159864	62988.5	2081921
1741000	159402	62685.9	2085581
1742000	159945	63346	2070407
1743000	159493	62884.5	2073738
1744000	160360	63429.8	2091610
1745000	160288	63071.7	2099046
1747000	160910	63127.6	2122585
1748000	162011	63944.1	2123680
1749000	160582	63075.2	2115500
1750000	160309	63192.6	2109762
1751000	160657	63188.4	2115102
1752000	160937	63497	2114700
1753000	161587	63773	2110842
1754000	159868	62951.7	2097877
1755000	161011	63480.6	2111591
1756000	161171	63517.1	2114907
1757000	161007	63381.9	2127217
1758000	161157	63594.6	2130723
1759000	161214	63455.9	2130912
1760000	160902	63537.9	2111685
1761000	160388	62945.3	2118727
1762000	160483	63428.1	2102031
1763000	159941	62904.5	2101668
1764000	159890	63145.3	2101763
1765000	159713	62729	2107845
1766000	158970	62587.6	2100173
1767000	158309	62173	2086524
1768000	159898	62868.7	2105636
1769000	159569	62652.1	2103548
1770000	159841	62553.4	2123536
1771000	159641	62736.5	2115464
1772000	159905	62890.5	2118004
1773000	159573	62730.4	2105902
1774000	159335	62507.4	2110046
1775000	159316	62811.6	2093515
1776000	159042	62736.9	2084579
1777000	159980	62707.1	2105042
1778000	159636	63206.9	2080724
1779000	158849	62729.4	2062860
1780000	158933	62608.7	2071109
1781000	160348	63330.2	2081682
1782000	160347	63304.2	2086394
1783000	160169	62967.6	2096408
1784000	160693	63207.7	2104301
1785000	159704	62614.3	2101238
1786000	158674	62437.4	2080465
1787000	159047	62676.9	2083131
1788000	159224	62585.8	2089016
1789000	158723	62682.5	2069336
1790000	157721	62007.9	2075947
1791000	159122	62552.5	2087645
1792000	159166	62757.6	2087016
1793000	159283	62456.7	2103320
1794000	160171	62901.8	2115326
1795000	159322	62486	2114803
1796000	159812	62428.5	2129044
1797000	159533	62346.1	2132367
1798000	158840	62387.6	2104946
1799000	159422	62805.2	2103960
1800000	160110	62826.6	2111718
1801000	159645	62841	2099788
1802000	158692	62126	2110969
1803000	159010	62518.7	2103723
1804000	159044	62527.7	2103497
1805000	157108	61711.4	2088438
1806000	157663	62169.4	2081631
1808000	158212	62310.9	2095199
1809000	156816	61558.4	2074476
1810000	158099	62089.4	2097653
1811000	157283	61808.1	2084483
1812000	158003	62001.3	2092166
1813000	157438	61583	2093310
1814000	158090	62093.9	2099703
1816000	159160	62426.2	2116407
1817000	157761	62001.8	2099842
1818000	158016	62100.5	2094580
1819000	159175	62499.9	2111470
1820000	157642	61897.1	2100524
1821000	158083	61873.7	2108483
1822000	158212	61829.9	2113624
1823000	159329	62494.4	2115257
1824000	159830	62723.6	2127054
1825000	159972	62456	2135973
1826000	159339	62428.4	2128912
1827000	159245	62582.9	2113671
1828000	159716	62736	2119530
1829000	157733	62104	2086166
1830000	158014	62207	2087831
1831000	157429	61870.4	2084032
1832000	158038	62263.1	2081192
1833000	157687	62037.9	2078017
1834000	157939	62304.8	2075227
1835000	157498	62278.6	2068479
1836000	157630	61897.2	2084201
1837000	158016	62287.6	2078680
1838000	156722	61584.6	2073509
1839000	157817	62223.6	2078532
1840000	157360	62073.4	2072668
1841000	156365	61463	2073178
1842000	158207	62200.1	2086679
1843000	157929	61928.6	2090512
1844000	157645	61667.3	2106827
1845000	158312	61872.2	2118855
1846000	158363	61761.5	2119544
1847000	158396	61818.3	2119231
1849000	158587	61521.8	2131375
1850000	160149	62404.4	2134951
1851000	160287	62463	2133516
1852000	159719	62419	2121052
1853000	157926	61364.8	2111997
1854000	158559	61843.5	2121244
1855000	159176	61915.5	2120627
1856000	159001	62070.7	2117320
1857000	158357	61957	2096637
1858000	158010	61571.1	2107765
1859000	157736	61748.5	2102448
1860000	158010	61659.9	2111434
1861000	157560	61670.5	2105478
1862000	156186	60909.9	2093919
1863000	157200	61308.8	2102033
1865000	156586	61101.8	2097328
1866000	156972	61188.6	2106572
1867000	157305	61276.6	2102404
1868000	156038	61054.2	2085074
1869000	156832	61420.3	2094843
1870000	157325	61408.8	2095837
1871000	156947	61227.7	2101253
1872000	156442	61138.7	2088238
1873000	156069	60796.4	2095771
1874000	156868	61326.6	2098893
1876000	156970	61221.8	2110474
1877000	156727	60962.4	2117193
1878000	158345	61444.9	2136372
1879000	157880	61323.3	2129361
1880000	156642	60774.5	2112049
1882000	156155	60787.2	2096309
1883000	156297	61049.7	2089222
1884000	155754	60873.8	2084190
1885000	156420	60754.9	2097816
1886000	157195	61054.3	2098746
1887000	156619	60945.9	2095934
1888000	157398	61364.2	2095255
1889000	157781	61426.1	2097687
1890000	156971	61458.3	2079938
1891000	157649	61607.9	2090336
1892000	157035	61160.9	2093100
1893000	156638	60597.4	2105736
1894000	157750	61317.9	2104045
1895000	157209	60835.6	2108124
1896000	158889	61557.7	2120963
1898000	158056	61226.8	2122688
1899000	157541	60928.9	2114367
1900000	157268	61031.6	2100608
1901000	157051	60765.4	2113327
1902000	157005	60830.8	2096765
1903000	157292	60966.4	2105146
1904000	156024	60645.2	2097211
1905000	156016	60602.8	2099137
1907000	156626	60630.8	2116765
1908000	156876	60738.3	2122776
1909000	157289	61079.1	2112957
1910000	157210	61310.5	2103712
1911000	156723	60861.1	2102615
1912000	156634	60869.9	2110270
1913000	156555	60531.4	2108943
1914000	156027	60736	2087220
1915000	157065	60970.9	2107304
1917000	155667	60462.3	2097228
1918000	155551	60326.7	2098142
1919000	154926	60116.6	2093050
1920000	155263	60181.4	2083633
1921000	155521	60132.2	2089407
1923000	155637	60247.2	2100331
1924000	154509	59695.3	2097484
1925000	156984	60953.6	2099843
1926000	156663	60828	2090939
1927000	157021	60696.5	2102848
1928000	155986	60333.4	2086049
1929000	156606	60334.9	2095503
1930000	156393	60638.1	2084518
1931000	155850	59973.4	2098540
1932000	156455	60284.7	2107648
1933000	155889	60097.8	2094529
1934000	156283	60511.9	2085136
1935000	156247	60282.3	2093360
1936000	155269	60033.7	2074310
1937000	155442	60384.5	2072046
1938000	155334	60045.1	2077650
1939000	154548	59810.3	2065718
1940000	155575	60151.4	2074130
1941000	155088	59830.7	2069352
1942000	154991	59942.3	2069708
1943000	154731	59794.7	2078491
1944000	155659	60180.2	2078358
1945000	155183	60121.2	2075920
1946000	155143	59860.6	2083258
1947000	155839	60107.1	2084495
1949000	155518	59849.6	2075642
1950000	154651	59410.3	2066397
1951000	155376	60115.9	2066845
1952000	156405	60543.2	2081068
1953000	155465	59609.5	2085237
1954000	154569	59310.3	2076877
1955000	154544	59420.5	2082882
1956000	154932	59554.7	2084031
1957000	154138	59046.2	2072878
1958000	153479	58806	2076968
1960000	153117	58595.5	2078341
1961000	154815	59508.8	2083200
1962000	154608	59630.8	2071110
1963000	153145	59090	2051093
1964000	152492	58721.6	2048905
1965000	151772	58562	2029997
1966000	153054	59097.2	2043541
1967000	153856	59175.1	2055200
1968000	154439	59609.7	2058391
1970000	154323	59614.8	2055571
1971000	154328	59621.1	2061010
1972000	155384	59904.5	2077166
1974000	154756	59662.7	2081410
1975000	153039	58825.6	2068038
1976000	154030	59554.8	2071045
1977000	153409	59295.2	2048448
1978000	153244	59054.2	2057583
1979000	154670	59915	2075279
1980000	154384	59411.7	2071726
1982000	153999	59525.6	2055927
1983000	153934	59495.5	2055012
1984000	153461	59179.6	2064622
1985000	153529	59086.1	2068930
1986000	152370	58235.8	2064216
1987000	153409	59048.6	2063055
1988000	152576	58611.2	2051857
1990000	152124	58475.8	2064664
1991000	151919	58032.4	2069306
1992000	153100	58719.3	2073443
1993000	153677	59002	2076910
1994000	152710	58451.2	2076426
1995000	152949	58580.3	2077850
1996000	154593	59530	2086981
1998000	153938	58953.7	2096228
1999000	154938	59446.4	2103522
2000000	155163	59560.4	2108910
2001000	154743	59126	2109021
2002000	154587	59310.5	2093771
2003000	155011	59489.1	2093230
2005000	153836	58943.1	2077595
2006000	153554	58781.9	2086625
2007000	152997	58598.9	2071011
2008000	153543	58809.6	2070813
2009000	154162	59269.9	2072912
2010000	153232	58815.9	2065059
2011000	153083	59021.5	2052721
2012000	153201	58702.2	2064136
2013000	153844	59119.1	2071831
2014000	153331	59024.5	2069919
2015000	153296	59077.3	2056768
2016000	152937	58898	2051822
2017000	152892	58836.1	2052083
2018000	153125	58842.7	2057656
2019000	153709	58910.2	2059992
2020000	154524	59529.3	2074313
2021000	154898	59431.7	2081089
2022000	154650	59268.3	2085559
2023000	153893	58676.2	2079887
2024000	154491	58795.4	2092418
2025000	153859	58352.6	2094383
2026000	154500	59039.3	2094109
2027000	153285	58300.8	2081387
2028000	155159	59211.9	2101371
2029000	155349	59262	2097833
2030000	154917	59271.6	2089977
2031000	155062	59114.5	2098481
2033000	153583	58742.9	2075121
2034000	152766	58593.8	2060055
2035000	153389	58864.1	2059708
2036000	153339	58904.7	2062331
2037000	153554	58986.1	2056035
2038000	152065	58232.6	2053071
2039000	152990	58716.6	2058761
2040000	152684	58452	2061040
2041000	152717	58006.7	2080072
2042000	153517	58844.5	2075913
2043000	153853	59079.5	2073751
2044000	153640	58585.2	2079666
2045000	153096	58710.4	2063280
2046000	152463	58356.2	2054576
2047000	152995	58604.8	2051897
2048000	151647	58141.8	2036496
2049000	153274	58517.1	2064068
2050000	152814	58320.4	2059628
2051000	151687	57695.6	2059370
2052000	151841	58119.6	2049924
2053000	150849	57513.3	2051912
2054000	151254	57894.6	2046408
2055000	151650	57883.5	2070561
2056000	151906	57770.4	2077953
2057000	151317	57529	2072913
2058000	150876	57349.5	2074184
2059000	151722	57658.6	2080351
2060000	151882	57759.4	2078789
2061000	151066	57356.7	2075094
2062000	151197	57464.7	2081824
2063000	152090	57613.7	2095886
2064000	151577	57318.3	2091507
2065000	151545	57503.4	2078414
2066000	151745	57548.8	2079239
2067000	151033	57228	2073466
2068000	152616	57932.2	2088731
2069000	152540	57693.4	2094356
2070000	151243	57673.8	2050865
2072000	151834	57434.6	2080736
2073000	152038	57862.5	2076000
2074000	150742	57517.8	2051321
2075000	150485	56881.4	2065241
2076000	152022	57763.7	2076865
2077000	151507	57438.9	2073349
2078000	152330	57946.9	2075559
2079000	150972	57295.7	2060748
2080000	150377	57302.5	2053875
2081000	151242	57755.6	2048720
2082000	151200	57674.3	2056475
2083000	149431	56746.2	2037891
2084000	149907	57159	2039578
2085000	150124	57228.3	2039926
2086000	150192	57093.9	2055404
2087000	149817	56926.2	2044666
2088000	149417	56890.7	2032646
2089000	149277	56641.4	2033061
2090000	150185	57188.5	2045387
2091000	150606	57267	2049269
2092000	150863	57400.3	2050123
2093000	150326	57139.7	2038293
2094000	151039	57595.5	2045786
2095000	151677	57848.9	2058118
2096000	150955	57334.2	2051254
2097000	151850	57652.9	2075243
2098000	151810	57779.2	2067305
2099000	151919	57399.2	2087723
2100000	151778	57228.6	2080029
2101000	151919	57567.7	2067882
2102000	153104	57877.3	2076743
2103000	153053	58098.2	2072270
2104000	152939	58114	2063326
2105000	152702	58297.1	2050950
2106000	151691	57873.9	2044577
2107000	150815	57379.2	2032653
2108000	151644	57609.5	2047116
2109000	150782	57541.1	2024040
2110000	150832	57660	2025847
2111000	150820	57475.3	2035205
2112000	150507	57335.3	2037255
2113000	150071	57090.8	2033883
2114000	150447	57280.8	2027188
2115000	149797	57080	2015950
2116000	149699	56891.6	2029180
2117000	150157	57145.8	2031847
2118000	149623	57056.1	2023446
2119000	148274	56373.8	2014639
2120000	148857	56760.8	2011219
2121000	147880	56462.7	1992507
2122000	148141	56274.9	1993256
2123000	146778	55983.1	1969357
2124000	147014	55946.2	1993899
2125000	147062	55896.1	1989116
2126000	147776	56365.5	2001773
2127000	147078	55853.9	2004971
2128000	148310	56372	2023032
2129000	149367	57165.7	2012309
2130000	148506	56371.3	2017850
2132000	150389	57289.8	2037127
2133000	150741	57474.8	2039339
2134000	149887	57207.2	2021627
2135000	150471	57320.9	2032330
2136000	150280	57507.6	2016653
2137000	148749	56634.7	2000669
2138000	149105	56915.2	2009295
2140000	149254	56749.1	2020752
2141000	148732	56584	2019156
2142000	149482	57045.8	2020218
2143000	148758	56652.2	2010731
2145000	149309	57068.7	2017353
2146000	149500	56890.5	2033793
2147000	149407	56740	2043007
2148000	150076	56925.8	2060886
2149000	150076	56869.2	2059376
2151000	150149	57296.7	2045709
2152000	149284	56804.7	2025240
2153000	148789	56496.3	2018166
2154000	148619	56419.3	2013534
2155000	149141	56606.7	2020632
2156000	149010	56476.2	2031800
2157000	148690	56275.5	2024398
2159000	148279	56227.4	2011299
2160000	149353	56985.3	2017753
2161000	149099	56707.8	2024458
2162000	148953	56539	2023800
2163000	147901	56096.4	2007523
2164000	149286	56771.4	2017996
2165000	148470	56131.7	2026576
2166000	148572	56100.7	2033889
2167000	148815	56416	2043293
2168000	148273	56142.6	2031925
2169000	148791	56059.8	2047656
2170000	148369	56007.8	2043374
2171000	148089	55911.2	2036226
2172000	148158	56043.5	2036502
2173000	148713	56209.6	2050927
2174000	149515	56367.2	2060412
2175000	149411	56257.3	2054265
2176000	149280	56637.4	2043983
2177000	148872	56307.6	2039868
2178000	148841	56237.4	2047811
2179000	148053	55882.8	2036986
2180000	146766	55513.3	2021984
2181000	148270	55898.2	2043910
2182000	148461	55698.8	2056232
2183000	148130	55504.4	2059506
2184000	148306	55723.4	2057265
2185000	147659	55803.5	2046074
2186000	147264	55265.2	2055008
2187000	147844	55674.5	2054661
2188000	148479	55941	2052438
2189000	146961	55148.3	2047118
2190000	147403	55757.8	2034406
2191000	147122	55608.2	2027539
2192000	148202	56011.8	2030738
2193000	148396	55961	2039167
2194000	148065	56018.7	2027664
2195000	147758	55972.5	2022524
2196000	147178	55700.5	2017991
2197000	148342	56108.3	2028383
2198000	147887	56050.9	2022033
2199000	147424	55523.6	2025098
2200000	146601	55135.6	2021909
2201000	147956	55577	2041302
2202000	146704	55391.6	2017999
2203000	147689	55696.5	2012078
2204000	147040	55341.8	2025060
2205000	146701	55275.6	2028608
2206000	147487	55836.3	2024742
2208000	146822	55344.2	2031270
2209000	145399	54879.7	2011227
2210000	145357	54995	2016198
2212000	145633	54944.9	2012771
2213000	146160	55197.8	2012525
2214000	146787	55453.3	2021543
2215000	146671	55477	2010508
2216000	146736	55477.2	2011767
2217000	147062	55777.7	2013736
2218000	147522	55913.5	2016405
2219000	145212	54743.5	2003956
2220000	146427	55291.2	2016486
2221000	145177	55033.6	1994076
2223000	146878	55663.6	2015431
2224000	147737	56048.7	2023872
2225000	146393	55508.6	2017456
2226000	146865	55633.6	2025854
2227000	145660	54917.2	2020569
2228000	145547	54940.9	2010083
2229000	147043	55640.4	2025151
2231000	147831	55745.3	2058969
2232000	146564	54896.1	2053279
2233000	147884	55598.4	2059056
2234000	147270	55169.7	2049964
2235000	147304	55541.3	2040135
2236000	146359	54943.6	2039209
2237000	146244	54940.1	2044172
2238000	145017	54559.6	2025246
2239000	144892	54369.6	2015234
2240000	146089	54977.7	2035358
2241000	146102	54950.3	2028521
2242000	147143	55266.2	2040619
2244000	146235	54854.7	2042410
2245000	147338	55573.3	2038337
2246000	147202	55530.5	2031489
2247000	146591	55450.7	2016680
2248000	146613	55224.9	2012032
2249000	146095	55107.5	2010477
2250000	145324	55076	1985684
2251000	145523	54949.6	1992352
2252000	145320	54711.2	2004031
2253000	146156	54911.4	2015139
2254000	146076	55074	2014045
2255000	146076	54931.9	2014391
2256000	145654	54905.9	2006179
2258000	146115	54875.7	2016822
2259000	146206	55080.3	2016504
2260000	144772	54466	2012241
2261000	145287	54730.2	2003358
2262000	146204	55113.1	2017196
2264000	146976	55391.7	2028287
2265000	147295	55336.4	2043486
2266000	147659	55558.4	2049698
2268000	147088	55158.2	2054467
2269000	146626	55095	2041724
2270000	146489	54737.5	2036156
2271000	148104	55469.4	2057419
2272000	146936	54954	2046870
2273000	147355	55166	2056804
2274000	146762	54959	2054589
2275000	146917	55071.5	2051669
2276000	146727	54941.7	2044809
2278000	146089	54868.8	2036490
2279000	145867	54829.2	2029473
2280000	146375	55311.3	2022661
2281000	145925	54956.9	2022737
2282000	144861	54748.8	2004378
2283000	145161	54815.3	2013119
2284000	145441	54738	2017213
2286000	145027	54579.6	2021739
2287000	146301	55068.1	2033968
2288000	145772	54771.2	2037408
2289000	145233	54749.4	2024153
2290000	146121	54830.1	2035967
2291000	145101	54689	2028234
2292000	145138	54755.6	2025046
2293000	145184	54813.2	2016856
2294000	144109	54404	1999737
2295000	143887	54212.1	1998159
2296000	143307	53953.5	2002124
2298000	144297	54339.7	2020141
2299000	144089	54237.7	2015640
2300000	144661	54311.9	2030539
2301000	143785	54047.2	2012885
2302000	143870	54099.1	2016020
2303000	144038	53947.1	2019041
2304000	143916	54186	2013406
2305000	144940	54603.5	2016333
2306000	146662	55266.1	2032672
2307000	145919	54702.6	2027085
2308000	145561	54553.7	2029880
2309000	147147	55221.4	2055346
2310000	146175	54653.4	2048067
2311000	145273	54419.9	2032748
2312000	145916	54661.9	2043565
2313000	146534	54871.5	2047697
2314000	146243	54872	2051250
2315000	147091	54954.9	2056344
2316000	146575	54777.2	2059726
2317000	147263	55075	2061760
2318000	146753	54751.9	2057793
2319000	146936	54764.7	2064699
2320000	146110	54583.8	2058907
2321000	146173	54579.1	2062054
2322000	147131	54924.7	2084495
2323000	146546	54486.7	2073257
2324000	146427	54569.9	2062292
2325000	146288	54878.7	2059469
2326000	146523	54858.1	2063676
2327000	146845	55218.5	2050765
2328000	145805	54735.6	2036618
2329000	145697	54923.6	2026224
2330000	145288	54560.4	2025109
2331000	144347	54142.2	2012993
2332000	144920	54341.5	2016309
2333000	145263	54331.3	2032913
2334000	145839	54565.2	2039927
2335000	145180	54349.6	2029518
2336000	146123	54950.4	2043248
2337000	144216	53688.9	2025231
2338000	145127	54316.3	2029816
2339000	144431	54115.3	2030494
2340000	144075	53848.3	2027912
2341000	145157	54291.4	2036180
2342000	145048	54212.9	2028446
2344000	144491	53912.8	2028097
2345000	144753	54248.6	2024806
2346000	144425	54066	2032025
2347000	146456	54855	2047360
2348000	145216	54109.7	2043248
2349000	145395	54269.6	2053734
2350000	145329	54258.6	2056252
2351000	143636	53589.2	2034860
2352000	143896	53815.1	2037175
2353000	143622	53552.8	2039348
2354000	144776	54319.5	2040858
2355000	145613	54738.9	2044899
2356000	145534	54363.1	2054467
2357000	144599	54266.1	2042499
2358000	145681	54625.5	2049925
2359000	144889	54261.5	2045576
2360000	144943	54091.8	2055584
2361000	145367	54513.4	2056654
2362000	145955	54350.6	2077060
2363000	145372	54394.1	2063144
2364000	144710	54148.6	2043688
2365000	144841	54302.2	2042085
2366000	145244	54614.7	2043147
2367000	144086	54010.6	2035342
2368000	143597	53685.1	2038914
2369000	144562	54210	2028984
2370000	143915	53783.2	2032203
2371000	143653	53576.1	2037515
2372000	143803	53619.8	2044439
2373000	144152	53830.8	2046304
2374000	142991	53481.7	2028711
2375000	143278	53687.1	2038514
2376000	143954	53702.8	2063558
2377000	143926	53433.9	2072727
2378000	144351	53723.3	2059889
2379000	144224	53755	2051566
2380000	143556	53409.2	2051203
2381000	144184	53995.1	2044195
2382000	144422	53954.3	2050667
2383000	144267	53764.6	2043464
2384000	144207	54031.3	2034008
2385000	143189	53802.3	2019065
2386000	142791	53443.7	2014171
2387000	143058	53547.8	2020403
2388000	143582	53831.4	2018548
2389000	142720	53540.6	2005183
2390000	142843	53480.2	2007126
2391000	142699	53428.9	2012053
2392000	143049	53466.1	2026265
2393000	144934	54125.9	2045188
2394000	144814	54077.6	2045588
2395000	143780	53671.5	2034719
2397000	144060	53684.4	2036593
2398000	144439	53752.3	2045237
2399000	143745	53442.3	2050142
2400000	143598	53746.2	2040247
2401000	142999	53266.9	2039758
2402000	142636	52881.1	2034907
2403000	143905	53745.2	2035961
2404000	142289	53059.9	2019679
2405000	143837	54046	2031329
2406000	142860	53539.3	2021033
2407000	143047	53534.3	2027969
2408000	143025	53535.2	2022862
2409000	143034	53461.2	2022272
2410000	143988	53761.6	2043895
2411000	142918	53291.3	2027777
2412000	143225	53266	2031028
2413000	143801	53711.8	2036557
2415000	142938	53496.1	2027428
2416000	143766	53618	2055357
2417000	143777	53573	2052659
2418000	143185	53209.9	2054383
2419000	144025	53617.6	2058934
2421000	143975	53610.7	2050416
2422000	142772	53430.6	2022116
2423000	143183	53268.4	2038454
2424000	142973	53223.2	2035500
2425000	143942	53693.4	2053305
2426000	143748	53634.4	2045424
2427000	143213	53539.9	2031422
2429000	142891	53114.6	2050408
2430000	143283	53167.4	2045095
2431000	143827	53577.1	2056573
2432000	143313	53398.5	2050064
2433000	142830	53145.9	2041214
2435000	142139	53049.9	2035038
2436000	141899	52911.1	2037908
2437000	142537	53074	2032838
2438000	142577	53248.9	2036549
2439000	141243	52456.1	2017760
2440000	140924	52566	2015533
2442000	143001	53186.9	2040400
2443000	141625	52521.2	2030159
2444000	140614	52284.5	2013945
2445000	140597	52094.4	2020020
2446000	141886	52589.9	2033806
2447000	140753	52117.8	2008697
2448000	140259	52036.1	2002255
2450000	141066	52409.8	2001961
2451000	141935	53051.6	2009352
2452000	141792	52915.8	2008174
2453000	142334	53030.2	2010501
2454000	142734	53147.9	2009523
2455000	143149	53283.1	2030306
2456000	142715	52821.4	2036520
2458000	143099	53058	2053900
2459000	142909	52985.5	2050289
2460000	141924	52555.9	2035484
2461000	141890	52607.5	2042724
2462000	141696	52552.8	2045049
2463000	141511	52543.6	2036069
2464000	141877	53073.5	2021640
2465000	142720	53373.7	2022574
2466000	142321	52972.7	2028693
2467000	141394	52782.9	2024159
2468000	141618	52416.3	2039135
2469000	142149	52670.7	2043151
2470000	141924	52534.8	2037065
2471000	141765	52619	2037936
2472000	141461	52078.8	2037016
2473000	140896	51842.5	2030342
2474000	141789	52521.2	2024745
2475000	142360	52803.8	2024235
2476000	141665	52508.5	2025836
2477000	140812	52092.1	2017201
2478000	141232	52407.3	2001874
2479000	141003	52626.8	1994781
2480000	140282	51893.3	2003160
2481000	140023	51742.5	1995089
2482000	140257	51906.4	1996043
2483000	141081	52216.3	2001916
2484000	140936	52355.1	2004495
2485000	140832	52143	2008070
2486000	141262	52402.6	2017485
2487000	141201	52376.9	2018696
2489000	142187	52404	2036918
2490000	142084	52487.3	2035345
2491000	142206	52556.2	2036921
2492000	141150	52124.6	2015133
2493000	141908	52574.6	2026201
2494000	142334	52620.4	2044726
2495000	142169	52518.7	2039998
2496000	140886	51864.7	2025138
2497000	141129	51897.7	2024217
2498000	142441	52707.5	2034178
2500000	147.846	57.1742	2013
