# frozen copy of the step-01 handoff table, taken by 01_build_intervals.R
# source : /mnt/data/shahar/gwas_barley/morexV3_analysis/barley_for_publication_project/01_USED_GWAS_V2_pipeline/results/00_FINAL_BLUP_3PC/02_loci_FINAL/tables/Table_loci_for_gene_search.tsv
# mtime  : 2026-09-09 17:05:51
# copied : 2026-09-10 16:00:51
search_id	trait	chr	lead_SNP	lead_bp	start	end	span_kb	n_member_SNPs	lead_neg_log10_p	lead_MAF	class	include_in_gene_search
betaglucan_L01	betaglucan	1H	1H:479493867	479493867	479493867	479551502	57.635	10	6.2281	0.0642	significant_locus	TRUE
betaglucan_L02	betaglucan	2H	2H:41996626	41996626	41975107	42016337	41.23	4	7.6023	0.0739	significant_locus	TRUE
betaglucan_L03	betaglucan	3H	3H:475967335	475967335	475559427	476096838	537.411	943	6.0576	0.2625	significant_locus	TRUE
betaglucan_L04	betaglucan	3H	3H:537247620	537247620	537170537	537450835	280.298	59	7.1876	0.0779	significant_locus	TRUE
betaglucan_L05	betaglucan	4H	4H:34858354	34858354	34821945	34861659	39.714	12	7.3349	0.0531	significant_locus	TRUE
betaglucan_L06	betaglucan	4H	4H:34971609	34971609	34922173	35062236	140.063	11	7.0864	0.0591	significant_locus	TRUE
betaglucan_L07	betaglucan	4H	4H:528254769	528254769	528218463	528414506	196.043	33	6.5307	0.0588	significant_locus	TRUE
betaglucan_L08	betaglucan	5H	5H:224439424	224439424	224439424	224439424	0	1	6.3553	0.0625	significant_locus	TRUE
betaglucan_L09	betaglucan	6H	6H:475144663	475144663	475086216	475169766	83.55	24	6.2708	0.0675	significant_locus	TRUE
betaglucan_L10	betaglucan	6H	6H:477651616	477651616	477624949	477652345	27.396	9	6.1919	0.1174	significant_locus	TRUE
betaglucan_L11	betaglucan	6H	6H:545947347	545947347	545947347	545947347	0	1	6.1146	0.0672	significant_locus	TRUE
fiber_L01	fiber	1H	1H:329707484	329707484	329707484	329707484	0	1	6.1816	0.0551	significant_locus	TRUE
fiber_L02	fiber	1H	1H:330239605	330239605	330239605	330241897	2.292	2	6.4843	0.0591	significant_locus	TRUE
fiber_L03	fiber	1H	1H:330625182	330625182	330621329	330726559	105.23	29	6.3071	0.0636	significant_locus	TRUE
fiber_L04	fiber	1H	1H:344520079	344520079	344504256	344548982	44.726	3	6.8521	0.0529	significant_locus	TRUE
fiber_L05	fiber	1H	1H:440022799	440022799	439922568	440032977	110.409	17	6.1584	0.0717	significant_locus	TRUE
fiber_L06	fiber	1H	1H:440573355	440573355	440470102	440573586	103.484	12	6.2189	0.0688	significant_locus	TRUE
fiber_L07	fiber	3H	3H:543690146	543690146	543452211	543931257	479.046	200	6.3664	0.1239	significant_locus	TRUE
fiber_L08	fiber	3H	3H:544084309	544084309	543987340	545715157	1727.817	899	6.2422	0.1602	significant_locus	TRUE
fiber_L09	fiber	4H	4H:24707376	24707376	24664775	24871983	207.208	133	7.0209	0.0581	significant_locus	TRUE
fiber_L10	fiber	4H	4H:470989624	470989624	470973654	470989624	15.97	2	6.0644	0.0558	significant_locus	TRUE
fiber_L11	fiber	5H	5H:208944021	208944021	208930405	208944021	13.616	2	6.0799	0.083	significant_locus	TRUE
fiber_L12	fiber	5H	5H:377309369	377309369	377276409	377474279	197.87	15	6.372	0.0833	significant_locus	TRUE
fiber_L13	fiber	5H	5H:437005013	437005013	437004771	437005013	0.242	2	6.4594	0.0496	significant_locus	TRUE
fiber_L14	fiber	5H	5H:462564771	462564771	462555842	462848780	292.938	49	6.0506	0.0687	significant_locus	TRUE
fiber_L15	fiber	7H	7H:14817657	14817657	14817010	14820916	3.906	3	6.7984	0.0533	significant_locus	TRUE
fiber_L16	fiber	7H	7H:415651802	415651802	415446352	416086790	640.438	156	6.4915	0.1807	significant_locus	TRUE
fiber_L17	fiber	7H	7H:573606306	573606306	573606306	573606491	0.185	3	7.2451	0.1701	significant_locus	TRUE
fiber_L18	fiber	7H	7H:586569512	586569512	586569512	586569512	0	1	6.6754	0.0502	significant_locus	TRUE
protein_L01	protein	3H	3H:106623911	106623911	105636634	106926989	1290.355	304	6.433	0.1799	significant_locus	TRUE
protein_L02	protein	3H	3H:159799839	159799839	159799839	159845175	45.336	2	6.0456	0.0601	significant_locus	TRUE
starch_L01	starch	1H	1H:330432546	330432546	330363275	330562842	199.567	31	6.1296	0.0517	significant_locus	TRUE
starch_L02	starch	3H	3H:530660057	530660057	530616313	530730463	114.15	140	6.2104	0.4196	significant_locus	TRUE
starch_L03	starch	3H	3H:546433616	546433616	546310483	546479480	168.997	39	6.3441	0.1336	significant_locus	TRUE
starch_L04	starch	6H	6H:525776080	525776080	525243368	525988567	745.199	265	6.1175	0.4239	significant_locus	TRUE
starch_L05	starch	7H	7H:573606460	573606460	573606282	573607845	1.563	6	6.4367	0.1471	significant_locus	TRUE
