"Genotype","ProteinCenterd","StarchCenterd","BetaglucansCenterd","FiberCenterd","site_id","pH","Electrical_Cond","Clay_pct","Silt_pct","Precipitation","Organic_Carbon","Total_N","Elevation"
"01_03",-1.972684605,8.136110458,-0.373970904,-0.311826826,"HS01",7.93,338,14.84461195,68.70361406,474.15,648.9615229,234.1638614,271
"01_05",0.505053734,8.013417975,-0.560966498,-0.380011909,"HS01",7.93,338,14.84461195,68.70361406,474.15,648.9615229,234.1638614,271
"01_06",-0.598960823,2.691205549,-0.725002935,-0.339754997,"HS01",7.93,338,14.84461195,68.70361406,474.15,648.9615229,234.1638614,271
"01_07",-0.645347981,3.364299856,-0.376136607,-0.314699686,"HS01",7.93,338,14.84461195,68.70361406,474.15,648.9615229,234.1638614,271
"01_08",-1.228298024,6.130819275,-0.525116372,-0.43820366,"HS01",7.93,338,14.84461195,68.70361406,474.15,648.9615229,234.1638614,271
"01_10",0.580965065,-1.864991073,-0.13411407,-0.073600308,"HS01",7.93,338,14.84461195,68.70361406,474.15,648.9615229,234.1638614,271
"01_11",-0.443837902,10.0633619,0.170680882,-0.371674179,"HS01",7.93,338,14.84461195,68.70361406,474.15,648.9615229,234.1638614,271
"01_12",0.248335415,8.353786023,-0.002989468,-0.183380428,"HS01",7.93,338,14.84461195,68.70361406,474.15,648.9615229,234.1638614,271
"01_13",-0.330022802,6.667529332,0.188165627,-0.191211148,"HS01",7.93,338,14.84461195,68.70361406,474.15,648.9615229,234.1638614,271
"01_18",-0.031846406,5.383301235,-0.911794555,-0.268147356,"HS01",7.93,338,14.84461195,68.70361406,474.15,648.9615229,234.1638614,271
"02_01",-0.326520391,7.634371739,-0.272213385,-0.146555451,"HS02",7.65,438,23.14154874,64.05798548,455.88,864.6539864,240.3490169,-184
"02_02",-0.017765154,3.933257467,-0.103468812,-0.319358274,"HS02",7.65,438,23.14154874,64.05798548,455.88,864.6539864,240.3490169,-184
"02_03",-0.686064058,9.591488018,-0.57282351,-0.163925723,"HS02",7.65,438,23.14154874,64.05798548,455.88,864.6539864,240.3490169,-184
"02_05",0.683790414,-0.372013041,-0.199676371,0.084121764,"HS02",7.65,438,23.14154874,64.05798548,455.88,864.6539864,240.3490169,-184
"02_06",0.116525741,4.230691253,-0.222692924,-0.195192213,"HS02",7.65,438,23.14154874,64.05798548,455.88,864.6539864,240.3490169,-184
"02_08",0.106174196,3.936737029,-0.772300298,-0.168789399,"HS02",7.65,438,23.14154874,64.05798548,455.88,864.6539864,240.3490169,-184
"02_09",-1.216753272,2.451494635,-0.341263042,-0.210478053,"HS02",7.65,438,23.14154874,64.05798548,455.88,864.6539864,240.3490169,-184
"02_11",-0.011143316,5.630841634,-0.328708559,-0.407804345,"HS02",7.65,438,23.14154874,64.05798548,455.88,864.6539864,240.3490169,-184
"02_13",-0.284094897,-1.117096468,-0.1263243,-0.08424014,"HS02",7.65,438,23.14154874,64.05798548,455.88,864.6539864,240.3490169,-184
"02_15",0.88254008,0.556263455,-0.37264925,-0.249387462,"HS02",7.65,438,23.14154874,64.05798548,455.88,864.6539864,240.3490169,-184
"03_01",0.124806977,4.540116751,-0.30220465,-0.367505313,"HS03",7.76,347,27.3458798,66.25185576,1183.87,289.2713799,150.8686869,1445
"03_02",0.181180839,-1.876428179,-0.365333911,-0.032093511,"HS03",7.76,347,27.3458798,66.25185576,1183.87,289.2713799,150.8686869,1445
"03_05",1.138596398,2.063578744,-0.754265059,-0.16852652,"HS03",7.76,347,27.3458798,66.25185576,1183.87,289.2713799,150.8686869,1445
"03_06",1.233477346,-0.535526208,-0.303656137,-0.09609741,"HS03",7.76,347,27.3458798,66.25185576,1183.87,289.2713799,150.8686869,1445
"03_07",-0.100414781,3.23090304,0.037428277,-0.036470233,"HS03",7.76,347,27.3458798,66.25185576,1183.87,289.2713799,150.8686869,1445
"03_11",0.622621716,-2.387537599,-0.220711676,-0.056644125,"HS03",7.76,347,27.3458798,66.25185576,1183.87,289.2713799,150.8686869,1445
"03_12",0.551980739,1.832643637,-0.213625797,0.092459494,"HS03",7.76,347,27.3458798,66.25185576,1183.87,289.2713799,150.8686869,1445
"03_18",-0.298720443,2.412087814,-0.703644676,-0.093613209,"HS03",7.76,347,27.3458798,66.25185576,1183.87,289.2713799,150.8686869,1445
"03_19",0.214447406,4.480788188,-0.677648992,-0.12350917,"HS03",7.76,347,27.3458798,66.25185576,1183.87,289.2713799,150.8686869,1445
"03_20",-0.137845618,2.161713701,-0.217403521,-0.290795971,"HS03",7.76,347,27.3458798,66.25185576,1183.87,289.2713799,150.8686869,1445
"05_01",-0.053239599,4.888220437,-0.000199583,-0.317478929,"HS05",7.91,390,27.10575311,65.70735574,790.42,433.885765,170.4020839,345
"05_04",0.053395557,8.016367504,0.533081895,-0.178233514,"HS05",7.91,390,27.10575311,65.70735574,790.42,433.885765,170.4020839,345
"05_05",-1.358143682,7.573307029,-0.113151033,-0.471109159,"HS05",7.91,390,27.10575311,65.70735574,790.42,433.885765,170.4020839,345
"05_06",-0.825053996,1.913561885,0.088941377,0.018771752,"HS05",7.91,390,27.10575311,65.70735574,790.42,433.885765,170.4020839,345
"05_07",0.883833995,0.635717658,0.776697055,-0.220172528,"HS05",7.91,390,27.10575311,65.70735574,790.42,433.885765,170.4020839,345
"05_09",0.366316398,1.481367955,0.550479705,0.102495704,"HS05",7.91,390,27.10575311,65.70735574,790.42,433.885765,170.4020839,345
"05_10",0.019221216,4.97331245,0.268326863,-0.037470142,"HS05",7.91,390,27.10575311,65.70735574,790.42,433.885765,170.4020839,345
"05_13",0.642384233,7.309474965,-0.407522815,0.150128798,"HS05",7.91,390,27.10575311,65.70735574,790.42,433.885765,170.4020839,345
"05_14",-0.138122269,4.393139639,-0.166895221,-0.181295995,"HS05",7.91,390,27.10575311,65.70735574,790.42,433.885765,170.4020839,345
"05_15",-0.723329621,2.815069596,0.112093294,-0.406933566,"HS05",7.91,390,27.10575311,65.70735574,790.42,433.885765,170.4020839,345
"06_01",-0.22300494,1.956413837,-0.38311132,-0.281348763,"HS06",7.57,523,19.1759899,59.91886043,620.02,510.4229834,159.7318592,57
"06_02",-0.495595628,5.329151773,-0.30220465,0.002134079,"HS06",7.57,523,19.1759899,59.91886043,620.02,510.4229834,159.7318592,57
"06_04",0.750040302,4.385404002,-0.085988551,0.118167497,"HS06",7.57,523,19.1759899,59.91886043,620.02,510.4229834,159.7318592,57
"06_05",-0.187119583,2.327724435,-0.098543034,0.168193881,"HS06",7.57,523,19.1759899,59.91886043,620.02,510.4229834,159.7318592,57
"06_06",-0.05116929,4.7567146,-0.178054761,0.003523701,"HS06",7.57,523,19.1759899,59.91886043,620.02,510.4229834,159.7318592,57
"06_09",1.229771059,-0.812205122,0.297655603,0.002621822,"HS06",7.57,523,19.1759899,59.91886043,620.02,510.4229834,159.7318592,57
"06_11",-0.533636527,4.104759731,0.426508643,-0.157434292,"HS06",7.57,523,19.1759899,59.91886043,620.02,510.4229834,159.7318592,57
"06_16",0.52292006,2.310243396,0.129891568,-0.046333429,"HS06",7.57,523,19.1759899,59.91886043,620.02,510.4229834,159.7318592,57
"06_18",-0.986892114,-2.375076726,0.614437592,0.223971051,"HS06",7.57,523,19.1759899,59.91886043,620.02,510.4229834,159.7318592,57
"06_20",0.962918393,0.747257849,0.408620861,0.024866669,"HS06",7.57,523,19.1759899,59.91886043,620.02,510.4229834,159.7318592,57
"07_03",-0.205313909,0.200159413,-0.033106554,0.042781712,"HS07",7.85,425,16.29128511,70.3272038,669.68,531.1986379,167.8331916,786
"07_04",-0.242327824,-2.027439459,0.354115831,-0.058314468,"HS07",7.85,425,16.29128511,70.3272038,669.68,531.1986379,167.8331916,786
"07_05",-0.582662824,-0.660390438,0.261387388,-0.064111043,"HS07",7.85,425,16.29128511,70.3272038,669.68,531.1986379,167.8331916,786
"07_07",-0.174170467,5.593330952,-0.389129377,-0.089377184,"HS07",7.85,425,16.29128511,70.3272038,669.68,531.1986379,167.8331916,786
"07_08",-0.956381138,3.392612658,-0.342965694,-0.091972047,"HS07",7.85,425,16.29128511,70.3272038,669.68,531.1986379,167.8331916,786
"07_12",-1.120203196,2.626340342,0.347115862,-0.165823625,"HS07",7.85,425,16.29128511,70.3272038,669.68,531.1986379,167.8331916,786
"07_14",-0.083737063,-3.436462703,-0.004499798,0.210046248,"HS07",7.85,425,16.29128511,70.3272038,669.68,531.1986379,167.8331916,786
"07_15",-0.226455455,-3.319290917,0.246007781,0.059146598,"HS07",7.85,425,16.29128511,70.3272038,669.68,531.1986379,167.8331916,786
"07_17",0.514691871,-3.673652759,0.434348528,0.024200884,"HS07",7.85,425,16.29128511,70.3272038,669.68,531.1986379,167.8331916,786
"07_18",-0.682473101,0.488246267,-0.04601637,-0.066351119,"HS07",7.85,425,16.29128511,70.3272038,669.68,531.1986379,167.8331916,786
"08_01",-1.877579983,-1.441020836,0.263166401,0.067428105,"HS08",7.88,335,21.35532455,70.9476975,357.13,353.2506546,149.7487924,179
"08_03",-0.378278116,2.544322284,0.278788932,-0.17712713,"HS08",7.88,335,21.35532455,70.9476975,357.13,353.2506546,149.7487924,179
"08_04",-0.78908594,4.614232251,0.268975245,-0.1307027,"HS08",7.88,335,21.35532455,70.9476975,357.13,353.2506546,149.7487924,179
"08_05",0.17773852,-8.843258283,0.221905064,0.326246304,"HS08",7.88,335,21.35532455,70.9476975,357.13,353.2506546,149.7487924,179
"08_08",0.931537394,-3.61324514,-0.008569238,-0.007593273,"HS08",7.88,335,21.35532455,70.9476975,357.13,353.2506546,149.7487924,179
"08_09",-1.382111471,-3.458092755,0.854164811,-0.065747417,"HS08",7.88,335,21.35532455,70.9476975,357.13,353.2506546,149.7487924,179
"08_10",-1.803253502,-6.302752377,0.480733127,-0.179794794,"HS08",7.88,335,21.35532455,70.9476975,357.13,353.2506546,149.7487924,179
"08_11",-0.83098569,-4.147004126,0.322729623,0.22238913,"HS08",7.88,335,21.35532455,70.9476975,357.13,353.2506546,149.7487924,179
"08_15",-0.942121463,-2.594002855,-0.389173579,-0.108638318,"HS08",7.88,335,21.35532455,70.9476975,357.13,353.2506546,149.7487924,179
"08_16",-1.965510911,-4.205420331,0.595947422,-0.131408486,"HS08",7.88,335,21.35532455,70.9476975,357.13,353.2506546,149.7487924,179
"09_01",-0.059275569,-5.004309883,0.717524149,-0.145379073,"HS09",7.97,402,17.42529878,62.00665924,471.85,417.4606101,165.1044202,165
"09_03",-2.455820287,3.112503847,-0.185472708,-0.185821815,"HS09",7.97,402,17.42529878,62.00665924,471.85,417.4606101,165.1044202,165
"09_04",-0.457914677,2.621450461,-0.107643131,-0.193164397,"HS09",7.97,402,17.42529878,62.00665924,471.85,417.4606101,165.1044202,165
"09_05",0.031643071,1.577367601,0.199974676,-0.097918689,"HS09",7.97,402,17.42529878,62.00665924,471.85,417.4606101,165.1044202,165
"09_09",0.176011594,-6.476408183,-0.164016414,0.382267693,"HS09",7.97,402,17.42529878,62.00665924,471.85,417.4606101,165.1044202,165
"09_10",-0.039325178,-3.069654446,0.020164392,0.255794339,"HS09",7.97,402,17.42529878,62.00665924,471.85,417.4606101,165.1044202,165
"09_11",-1.886907764,4.850658881,0.476283119,-0.094121707,"HS09",7.97,402,17.42529878,62.00665924,471.85,417.4606101,165.1044202,165
"09_12",-1.550376902,-0.221787879,0.378813635,0.209781876,"HS09",7.97,402,17.42529878,62.00665924,471.85,417.4606101,165.1044202,165
"09_13",-1.522084881,1.475129462,0.313836728,-0.127512089,"HS09",7.97,402,17.42529878,62.00665924,471.85,417.4606101,165.1044202,165
"09_16",-1.812782024,2.77137492,0.339825841,-0.161323974,"HS09",7.97,402,17.42529878,62.00665924,471.85,417.4606101,165.1044202,165
"10_03",-0.706077045,-0.665967265,0.431535144,0.001439268,"HS10",7.94,405,13.2621233,35.02122827,446.97,305.8614446,153.7712481,49
"10_04",-0.719208978,0.209542293,0.55865409,-0.139118153,"HS10",7.94,405,13.2621233,35.02122827,446.97,305.8614446,153.7712481,49
"10_05",-0.738511887,-2.530255895,0.573819286,-0.097223878,"HS10",7.94,405,13.2621233,35.02122827,446.97,305.8614446,153.7712481,49
"10_06",-0.349983893,-0.16315083,0.229268471,-0.157672425,"HS10",7.94,405,13.2621233,35.02122827,446.97,305.8614446,153.7712481,49
"10_09",-0.046509193,0.071558982,0.36052356,0.218593183,"HS10",7.94,405,13.2621233,35.02122827,446.97,305.8614446,153.7712481,49
"10_10",-0.906897021,0.223631044,0.357603187,-0.234796434,"HS10",7.94,405,13.2621233,35.02122827,446.97,305.8614446,153.7712481,49
"10_11",-0.832365896,1.136436265,0.188815136,-0.263978491,"HS10",7.94,405,13.2621233,35.02122827,446.97,305.8614446,153.7712481,49
"10_12",-0.072562484,0.803803854,0.384804568,0.125810417,"HS10",7.94,405,13.2621233,35.02122827,446.97,305.8614446,153.7712481,49
"10_15",-1.335500902,-1.870809311,0.440022284,-0.090385425,"HS10",7.94,405,13.2621233,35.02122827,446.97,305.8614446,153.7712481,49
"10_19",-0.801274231,0.151978973,0.661291755,-0.161059601,"HS10",7.94,405,13.2621233,35.02122827,446.97,305.8614446,153.7712481,49
"11_04",0.73347783,4.772185875,-0.414497528,-0.030522033,"HS11",8.26,328,17.92207107,73.9424135,247.64,311.5131709,127.2372678,-55
"11_05",0.038510881,5.091177294,0.06794795,-0.285878523,"HS11",8.26,328,17.92207107,73.9424135,247.64,311.5131709,127.2372678,-55
"11_06",0.480210026,3.225058382,0.335981578,-0.171568643,"HS11",8.26,328,17.92207107,73.9424135,247.64,311.5131709,127.2372678,-55
"11_09",0.167305651,3.462916272,0.479445068,-0.08817806,"HS11",8.26,328,17.92207107,73.9424135,247.64,311.5131709,127.2372678,-55
"11_10",1.381450592,2.079608936,0.10275874,-0.373101482,"HS11",8.26,328,17.92207107,73.9424135,247.64,311.5131709,127.2372678,-55
"11_11",0.392967402,2.702035653,0.032696306,-0.339273626,"HS11",8.26,328,17.92207107,73.9424135,247.64,311.5131709,127.2372678,-55
"11_12",0.314518904,3.313935944,-0.052349974,-0.129019748,"HS11",8.26,328,17.92207107,73.9424135,247.64,311.5131709,127.2372678,-55
"11_13",1.058365377,0.443536377,0.302533219,-0.073308386,"HS11",8.26,328,17.92207107,73.9424135,247.64,311.5131709,127.2372678,-55
"11_16",0.162393833,2.125491809,0.24992008,0.014975597,"HS11",8.26,328,17.92207107,73.9424135,247.64,311.5131709,127.2372678,-55
"11_19",0.600996498,6.810060894,-0.033015125,-0.10310151,"HS11",8.26,328,17.92207107,73.9424135,247.64,311.5131709,127.2372678,-55
"12_03",-1.75779403,-8.082053004,-0.005779353,0.481113995,"HS12",8.23,601,14.98114193,53.46594354,72.85,348.4211997,148.3896537,1009
"12_04",-1.062860301,-10.56758322,0.035371453,0.53505403,"HS12",8.23,601,14.98114193,53.46594354,72.85,348.4211997,148.3896537,1009
"12_05",-1.043597069,-8.250280031,-0.255754469,0.58216504,"HS12",8.23,601,14.98114193,53.46594354,72.85,348.4211997,148.3896537,1009
"12_07",-0.07651277,-9.086400359,-0.307429211,0.695112078,"HS12",8.23,601,14.98114193,53.46594354,72.85,348.4211997,148.3896537,1009
"12_09",-1.701220248,-9.509571034,0.116682692,0.498894612,"HS12",8.23,601,14.98114193,53.46594354,72.85,348.4211997,148.3896537,1009
"12_11",-1.732141739,-9.318563587,0.17602938,0.508450699,"HS12",8.23,601,14.98114193,53.46594354,72.85,348.4211997,148.3896537,1009
"12_12",-0.953748261,-12.27956831,-0.31720708,0.629691246,"HS12",8.23,601,14.98114193,53.46594354,72.85,348.4211997,148.3896537,1009
"12_15",-1.928786272,-10.67113661,0.033458748,0.681834116,"HS12",8.23,601,14.98114193,53.46594354,72.85,348.4211997,148.3896537,1009
"12_16",-1.244968507,-10.27285792,0.036677257,0.727988832,"HS12",8.23,601,14.98114193,53.46594354,72.85,348.4211997,148.3896537,1009
"12_19",0.497476174,-13.4994888,0.442954277,0.499419028,"HS12",8.23,601,14.98114193,53.46594354,72.85,348.4211997,148.3896537,1009
"13_01",0.250633919,-3.365440067,-0.560220812,0.432053704,"HS13",8.1,663,12.08716096,56.23896795,58.49,203.7111036,124.9687447,-361
"13_03",-0.451899532,-10.68528136,0.887904248,0.38250591,"HS13",8.1,663,12.08716096,56.23896795,58.49,203.7111036,124.9687447,-361
"13_05",-1.205058776,3.984672706,0.089355661,-0.272384583,"HS13",8.1,663,12.08716096,56.23896795,58.49,203.7111036,124.9687447,-361
"13_06",-0.161585772,-3.872441598,0.246705253,0.184869342,"HS13",8.1,663,12.08716096,56.23896795,58.49,203.7111036,124.9687447,-361
"13_08",0.205343097,-1.068220413,0.158334065,0.109294779,"HS13",8.1,663,12.08716096,56.23896795,58.49,203.7111036,124.9687447,-361
"13_11",0.563022387,-8.324248359,0.520113997,0.277974001,"HS13",8.1,663,12.08716096,56.23896795,58.49,203.7111036,124.9687447,-361
"13_12",0.684887338,-8.50801055,0.432333867,0.347316167,"HS13",8.1,663,12.08716096,56.23896795,58.49,203.7111036,124.9687447,-361
"13_13",1.733637813,-5.774637598,-0.074252215,0.212002451,"HS13",8.1,663,12.08716096,56.23896795,58.49,203.7111036,124.9687447,-361
"13_18",-2.197389647,-4.038705201,1.170854708,-0.179211563,"HS13",8.1,663,12.08716096,56.23896795,58.49,203.7111036,124.9687447,-361
"13_20",-1.111344397,-4.674223271,0.185839346,0.446535219,"HS13",8.1,663,12.08716096,56.23896795,58.49,203.7111036,124.9687447,-361
"14_01",1.04254359,-8.872821691,-0.174717455,0.273169466,"HS14",7.84,1016,17.87350241,54.75941114,53.46,365.6340801,135.4132602,433
"14_03",0.339332634,-9.455305578,0.305878773,0.137333266,"HS14",7.84,1016,17.87350241,54.75941114,53.46,365.6340801,135.4132602,433
"14_04",0.971072224,-9.708895464,0.107584483,0.083108634,"HS14",7.84,1016,17.87350241,54.75941114,53.46,365.6340801,135.4132602,433
"14_05",0.705324715,-8.430931378,1.15919146,0.270132457,"HS14",7.84,1016,17.87350241,54.75941114,53.46,365.6340801,135.4132602,433
"14_06",0.450805992,-10.32295088,0.193710207,0.069482167,"HS14",7.84,1016,17.87350241,54.75941114,53.46,365.6340801,135.4132602,433
"14_07",1.01780027,-10.98530765,0.345048704,0.118862308,"HS14",7.84,1016,17.87350241,54.75941114,53.46,365.6340801,135.4132602,433
"14_09",0.821811015,-9.577421629,0.125345249,0.187648586,"HS14",7.84,1016,17.87350241,54.75941114,53.46,365.6340801,135.4132602,433
"14_10",2.935605089,-8.784478396,0.30303876,0.262993474,"HS14",7.84,1016,17.87350241,54.75941114,53.46,365.6340801,135.4132602,433
"14_12",1.189635919,-7.37276495,-0.15573568,0.113303821,"HS14",7.84,1016,17.87350241,54.75941114,53.46,365.6340801,135.4132602,433
"14_14",0.742449169,-9.75534129,0.310872611,-0.00481403,"HS14",7.84,1016,17.87350241,54.75941114,53.46,365.6340801,135.4132602,433
"15_04",-0.678413783,-5.162481793,0.42659098,0.292645171,"HS15",7.54,7004,16.71812512,61.63450348,94.43,532.7203871,286.0626964,379
"15_05",0.269839584,3.110558822,-0.164796026,0.047594615,"HS15",7.54,7004,16.71812512,61.63450348,94.43,532.7203871,286.0626964,379
"15_07",-0.494370411,-2.956293308,-0.078049693,0.106708439,"HS15",7.54,7004,16.71812512,61.63450348,94.43,532.7203871,286.0626964,379
"15_08",-0.020847023,-2.009062832,0.405471351,0.059837678,"HS15",7.54,7004,16.71812512,61.63450348,94.43,532.7203871,286.0626964,379
"15_09",0.165523054,-15.97813017,1.730844207,0.759297552,"HS15",7.54,7004,16.71812512,61.63450348,94.43,532.7203871,286.0626964,379
"15_11",-1.405089041,-2.567303696,0.179331676,0.2397866,"HS15",7.54,7004,16.71812512,61.63450348,94.43,532.7203871,286.0626964,379
"15_16",0.542192752,-5.025939935,0.276095794,0.13063254,"HS15",7.54,7004,16.71812512,61.63450348,94.43,532.7203871,286.0626964,379
"15_18",0.74986937,-12.4207259,1.120588979,1.146814796,"HS15",7.54,7004,16.71812512,61.63450348,94.43,532.7203871,286.0626964,379
"15_19",0.679325372,-7.817881706,1.260537583,0.122418929,"HS15",7.54,7004,16.71812512,61.63450348,94.43,532.7203871,286.0626964,379
"15_20",-1.606661472,-3.930406277,0.882101595,0.269636271,"HS15",7.54,7004,16.71812512,61.63450348,94.43,532.7203871,286.0626964,379
"16_02",0.197011213,2.986861352,-0.080250337,0.170187707,"HS16",7.59,565,25.37574717,62.82113478,650.92,844.9376945,176.3565826,73
"16_03",-1.071141537,0.556263455,0.094656512,-0.095139445,"HS16",7.59,565,25.37574717,62.82113478,650.92,844.9376945,176.3565826,73
"16_04",0.306304068,-8.265767387,0.052808235,0.343981036,"HS16",7.59,565,25.37574717,62.82113478,650.92,844.9376945,176.3565826,73
"16_05",-0.031156303,-1.408588462,0.213924102,0.0736996,"HS16",7.59,565,25.37574717,62.82113478,650.92,844.9376945,176.3565826,73
"16_06",0.882121336,-3.922746855,0.228677199,0.216766475,"HS16",7.59,565,25.37574717,62.82113478,650.92,844.9376945,176.3565826,73
"16_07",0.028004524,-4.022337808,0.059955767,0.153760487,"HS16",7.59,565,25.37574717,62.82113478,650.92,844.9376945,176.3565826,73
"16_10",-0.669501586,-1.702542686,0.235545712,0.029926515,"HS16",7.59,565,25.37574717,62.82113478,650.92,844.9376945,176.3565826,73
"16_14",0.249025518,-7.867845748,0.190210078,0.11260901,"HS16",7.59,565,25.37574717,62.82113478,650.92,844.9376945,176.3565826,73
"16_16",-1.579285941,-0.817066755,0.132890629,0.198581498,"HS16",7.59,565,25.37574717,62.82113478,650.92,844.9376945,176.3565826,73
"16_17",0.549605326,-4.23782424,-0.307221579,0.263176347,"HS16",7.59,565,25.37574717,62.82113478,650.92,844.9376945,176.3565826,73
"17_02",-1.111857614,2.188482961,0.231360884,-0.287602061,"HS17",7.01,332,28.41872737,65.7779007,896.59,768.045214,64.98326263,1084
"17_03",-1.87925216,6.659681418,-0.175264876,-0.357777961,"HS17",7.01,332,28.41872737,65.7779007,896.59,768.045214,64.98326263,1084
"17_04",-0.513666358,2.809773391,-0.062231723,-0.204367729,"HS17",7.01,332,28.41872737,65.7779007,896.59,768.045214,64.98326263,1084
"17_05",-1.475509904,5.55348526,-0.444488793,-0.547461333,"HS17",7.01,332,28.41872737,65.7779007,896.59,768.045214,64.98326263,1084
"17_06",0.627201967,3.271472206,0.217614104,-0.138912531,"HS17",7.01,332,28.41872737,65.7779007,896.59,768.045214,64.98326263,1084
"17_07",-0.528969482,-0.674755967,0.054540985,-0.229929375,"HS17",7.01,332,28.41872737,65.7779007,896.59,768.045214,64.98326263,1084
"17_08",-0.230068299,7.071946913,-0.488990724,-0.486443581,"HS17",7.01,332,28.41872737,65.7779007,896.59,768.045214,64.98326263,1084
"17_09",0.307109249,-1.264930511,-0.124796516,-0.20066458,"HS17",7.01,332,28.41872737,65.7779007,896.59,768.045214,64.98326263,1084
"17_10",-0.117419179,2.536586647,-0.508656151,-0.478675055,"HS17",7.01,332,28.41872737,65.7779007,896.59,768.045214,64.98326263,1084
"17_11",0.010312188,5.139231709,-0.76929813,-0.254195431,"HS17",7.01,332,28.41872737,65.7779007,896.59,768.045214,64.98326263,1084
"18_01",-0.103198036,5.594350513,-0.340565571,-0.328602449,"HS18",7.64,452,21.06633448,73.53157315,575.04,546.514043,76.55305493,200
"18_03",-0.263721017,4.903691712,-0.035073147,0.015335486,"HS18",7.64,452,21.06633448,73.53157315,575.04,546.514043,76.55305493,200
"18_04",-1.132560705,7.054198929,-0.980146742,-0.103477176,"HS18",7.64,452,21.06633448,73.53157315,575.04,546.514043,76.55305493,200
"18_05",-0.23816668,1.641183142,-0.661219244,0.037859244,"HS18",7.64,452,21.06633448,73.53157315,575.04,546.514043,76.55305493,200
"18_07",-1.032734822,7.447260817,-0.512864893,0.008155576,"HS18",7.64,452,21.06633448,73.53157315,575.04,546.514043,76.55305493,200
"18_08",0.621507294,4.381143148,-0.802816417,-0.057533807,"HS18",7.64,452,21.06633448,73.53157315,575.04,546.514043,76.55305493,200
"18_11",-0.915178257,0.270044869,0.475475835,-0.131269611,"HS18",7.64,452,21.06633448,73.53157315,575.04,546.514043,76.55305493,200
"18_13",-0.05353379,8.98157116,-0.307429211,-0.147903021,"HS18",7.64,452,21.06633448,73.53157315,575.04,546.514043,76.55305493,200
"18_17",-1.763152521,3.287821063,-0.56859801,-0.036071222,"HS18",7.64,452,21.06633448,73.53157315,575.04,546.514043,76.55305493,200
"18_20",-0.612275584,4.215161646,-0.087999633,-0.295291866,"HS18",7.64,452,21.06633448,73.53157315,575.04,546.514043,76.55305493,200
"19_02",-0.414163473,5.336887411,-0.215718211,-0.274400654,"HS19",7.55,331,24.17853935,62.11705871,588.03,629.4440877,69.96485867,19
"19_03",0.364962824,2.900161608,-0.424262126,-0.214646918,"HS19",7.55,331,24.17853935,62.11705871,588.03,629.4440877,69.96485867,19
"19_04",1.628567542,2.021657696,-0.472353321,-0.040842213,"HS19",7.55,331,24.17853935,62.11705871,588.03,629.4440877,69.96485867,19
"19_07",-0.199575505,0.249526521,-0.040128231,-0.059472651,"HS19",7.55,331,24.17853935,62.11705871,588.03,629.4440877,69.96485867,19
"19_08",1.597375204,-0.232795752,-0.309183976,-0.103685711,"HS19",7.55,331,24.17853935,62.11705871,588.03,629.4440877,69.96485867,19
"19_09",-0.505572054,5.988287713,-0.397656277,-0.203742419,"HS19",7.55,331,24.17853935,62.11705871,588.03,629.4440877,69.96485867,19
"19_10",1.02987695,-1.977763418,-0.170621831,0.05793808,"HS19",7.55,331,24.17853935,62.11705871,588.03,629.4440877,69.96485867,19
"19_14",-0.829371922,7.214753688,-0.370787753,-0.351851152,"HS19",7.55,331,24.17853935,62.11705871,588.03,629.4440877,69.96485867,19
"19_15",-1.027156999,4.429035811,0.015878665,-0.053603871,"HS19",7.55,331,24.17853935,62.11705871,588.03,629.4440877,69.96485867,19
"19_20",0.858368227,-2.660331986,-0.411006646,-0.20787882,"HS19",7.55,331,24.17853935,62.11705871,588.03,629.4440877,69.96485867,19
"20_01",0.653425881,0.533056543,-0.341960514,-0.12223707,"HS20",7.84,381,27.65996465,65.51306802,637.58,543.8009219,75.37332723,101
"20_02",-1.487963754,2.583000472,-0.763930643,-0.218120972,"HS20",7.84,381,27.65996465,65.51306802,637.58,543.8009219,75.37332723,101
"20_04",-1.08146953,8.225972742,-0.928960365,-0.529925376,"HS20",7.84,381,27.65996465,65.51306802,637.58,543.8009219,75.37332723,101
"20_05",1.617260401,2.936556095,-0.39140292,-0.41372532,"HS20",7.84,381,27.65996465,65.51306802,637.58,543.8009219,75.37332723,101
"20_07",0.054818544,1.469198781,-0.964478815,-0.302305743,"HS20",7.84,381,27.65996465,65.51306802,637.58,543.8009219,75.37332723,101
"20_08",0.605808774,-1.19972625,-0.592352706,0.011166621,"HS20",7.84,381,27.65996465,65.51306802,637.58,543.8009219,75.37332723,101
"20_10",-0.65234102,5.761914056,-0.52061778,-0.262731075,"HS20",7.84,381,27.65996465,65.51306802,637.58,543.8009219,75.37332723,101
"20_13",-0.228525764,5.46065761,-0.78415731,-0.111814907,"HS20",7.84,381,27.65996465,65.51306802,637.58,543.8009219,75.37332723,101
"20_15",0.935303588,0.697972152,-0.419144235,-0.172543852,"HS20",7.84,381,27.65996465,65.51306802,637.58,543.8009219,75.37332723,101
"20_16",0.374624266,4.679358226,-0.917374326,-0.081375919,"HS20",7.84,381,27.65996465,65.51306802,637.58,543.8009219,75.37332723,101
"21_01",0.117344435,8.168393257,-0.118329317,-0.380654902,"HS21",7.87,461,18.96155963,73.921901,360.46,612.5213826,72.2878218,14
"21_02",2.619829434,-2.236410759,-0.421984248,0.022558698,"HS21",7.87,461,18.96155963,73.921901,360.46,612.5213826,72.2878218,14
"21_03",1.432875587,-1.55001556,-0.939457079,0.20257933,"HS21",7.87,461,18.96155963,73.921901,360.46,612.5213826,72.2878218,14
"21_04",1.897681606,-1.671600136,0.102328696,-0.0609196,"HS21",7.87,461,18.96155963,73.921901,360.46,612.5213826,72.2878218,14
"21_05",1.131492389,4.805215257,-0.719989951,0.088290629,"HS21",7.87,461,18.96155963,73.921901,360.46,612.5213826,72.2878218,14
"21_07",2.739434158,-3.79890044,0.21810893,0.03428979,"HS21",7.87,461,18.96155963,73.921901,360.46,612.5213826,72.2878218,14
"21_10",0.528517237,3.194115832,-0.258263959,-0.168094588,"HS21",7.87,461,18.96155963,73.921901,360.46,612.5213826,72.2878218,14
"21_11",1.095543941,-1.163443009,-0.195219657,-0.189555274,"HS21",7.87,461,18.96155963,73.921901,360.46,612.5213826,72.2878218,14
"21_15",0.760874453,5.855911664,-0.501320711,-0.406055777,"HS21",7.87,461,18.96155963,73.921901,360.46,612.5213826,72.2878218,14
"21_20",0.405304543,5.435050532,-0.221955971,-0.258413415,"HS21",7.87,461,18.96155963,73.921901,360.46,612.5213826,72.2878218,14
"22_01",-0.860679225,4.927766272,-0.731711317,0.131655857,"HS22",7.18,480,24.5100955,66.14747713,494.4,923.5007246,74.2820331,172
"22_03",-0.253484028,10.63835952,-0.662015593,-0.203426897,"HS22",7.18,480,24.5100955,66.14747713,494.4,923.5007246,74.2820331,172
"22_04",-2.037629444,8.790676053,-0.411851547,-0.161396659,"HS22",7.18,480,24.5100955,66.14747713,494.4,923.5007246,74.2820331,172
"22_07",0.997787283,5.383301235,-0.626528799,-0.352914285,"HS22",7.18,480,24.5100955,66.14747713,494.4,923.5007246,74.2820331,172
"22_09",0.169713442,5.468466722,-0.552107921,-0.053657357,"HS22",7.18,480,24.5100955,66.14747713,494.4,923.5007246,74.2820331,172
"22_11",-0.487413784,1.857496082,0.130641333,0.025348989,"HS22",7.18,480,24.5100955,66.14747713,494.4,923.5007246,74.2820331,172
"22_13",-0.938098286,10.36746875,-0.080042705,-0.253167072,"HS22",7.18,480,24.5100955,66.14747713,494.4,923.5007246,74.2820331,172
"22_17",-1.677293949,7.005154407,-0.234041924,0.007386198,"HS22",7.18,480,24.5100955,66.14747713,494.4,923.5007246,74.2820331,172
"22_19",0.397674264,3.455058689,-0.034917854,-0.198810661,"HS22",7.18,480,24.5100955,66.14747713,494.4,923.5007246,74.2820331,172
"22_20",-0.630855818,2.196218598,-0.370556836,-0.204919566,"HS22",7.18,480,24.5100955,66.14747713,494.4,923.5007246,74.2820331,172
"23_02",0.148958235,-0.299869428,-0.007028576,0.0785071,"HS23",8.14,356,28.13218837,61.85203454,375.22,584.7584122,60.27173227,-204
"23_05",0.945697213,0.857272133,-0.210709492,0.422082984,"HS23",8.14,356,28.13218837,61.85203454,375.22,584.7584122,60.27173227,-204
"23_08",-1.21399286,12.94101904,-0.39427086,-0.550240577,"HS23",8.14,356,28.13218837,61.85203454,375.22,584.7584122,60.27173227,-204
"23_09",0.6347931,-0.936714576,0.094656512,-0.085412093,"HS23",8.14,356,28.13218837,61.85203454,375.22,584.7584122,60.27173227,-204
"23_11",-0.571484436,1.166468325,0.501591754,-0.493337475,"HS23",8.14,356,28.13218837,61.85203454,375.22,584.7584122,60.27173227,-204
"23_12",-0.074641233,6.751461848,-0.149819458,-0.44039025,"HS23",8.14,356,28.13218837,61.85203454,375.22,584.7584122,60.27173227,-204
"23_14",2.302182243,4.454098018,-0.28868508,-0.44209961,"HS23",8.14,356,28.13218837,61.85203454,375.22,584.7584122,60.27173227,-204
"23_18",1.001742797,-2.35927092,0.270043809,-0.134983157,"HS23",8.14,356,28.13218837,61.85203454,375.22,584.7584122,60.27173227,-204
"23_19",-0.0045017,2.295982217,0.773653157,-0.258384689,"HS23",8.14,356,28.13218837,61.85203454,375.22,584.7584122,60.27173227,-204
"23_20",-0.17952845,-2.019703822,-0.16131545,-0.167399778,"HS23",8.14,356,28.13218837,61.85203454,375.22,584.7584122,60.27173227,-204
"24_01",0.698894778,-0.032341082,-0.270516065,-0.024084689,"HS24",7.95,318,25.44787631,69.149598,468.15,582.6490766,62.70307043,501
"24_03",0.050371,5.091177294,-0.290439845,-0.008855846,"HS24",7.95,318,25.44787631,69.149598,468.15,582.6490766,62.70307043,501
"24_04",1.207345056,6.189629389,-0.113989774,-0.201664834,"HS24",7.95,318,25.44787631,69.149598,468.15,582.6490766,62.70307043,501
"24_05",0.861829151,5.810582174,0.10275874,-0.087865195,"HS24",7.95,318,25.44787631,69.149598,468.15,582.6490766,62.70307043,501
"24_06",2.807719793,-2.311959066,-0.101243764,0.039516633,"HS24",7.95,318,25.44787631,69.149598,468.15,582.6490766,62.70307043,501
"24_07",1.035052845,3.921265754,-0.278490627,-0.369589746,"HS24",7.95,318,25.44787631,69.149598,468.15,582.6490766,62.70307043,501
"24_09",-0.928290214,8.291900924,-0.408220286,-0.147250262,"HS24",7.95,318,25.44787631,69.149598,468.15,582.6490766,62.70307043,501
"24_10",1.625090917,1.035872978,-0.152945795,-0.030522033,"HS24",7.95,318,25.44787631,69.149598,468.15,582.6490766,62.70307043,501
"24_17",1.93767188,-3.595762683,-0.157451911,0.318316567,"HS24",7.95,318,25.44787631,69.149598,468.15,582.6490766,62.70307043,501
"24_18",1.500872376,5.55348526,0.015144785,0.091764684,"HS24",7.95,318,25.44787631,69.149598,468.15,582.6490766,62.70307043,501
"25_04",-1.388627147,5.106210306,-0.110140905,-0.403263336,"HS25",7.45,488,27.31169623,64.95888978,275,534.6371776,61.7257902,-252
"25_05",0.310552349,-1.84256398,-0.214713553,0.13898914,"HS25",7.45,488,27.31169623,64.95888978,275,534.6371776,61.7257902,-252
"25_07",1.571971856,3.581120667,-0.16869839,-0.242533607,"HS25",7.45,488,27.31169623,64.95888978,275,534.6371776,61.7257902,-252
"25_08",0.568933166,5.854798799,-0.354587397,0.109889394,"HS25",7.45,488,27.31169623,64.95888978,275,534.6371776,61.7257902,-252
"25_09",-0.066688143,5.048357333,-0.307404963,-0.383175588,"HS25",7.45,488,27.31169623,64.95888978,275,534.6371776,61.7257902,-252
"25_10",0.785235556,-0.310127941,-0.189911773,-0.037470142,"HS25",7.45,488,27.31169623,64.95888978,275,534.6371776,61.7257902,-252
"25_11",0.608569186,0.919838416,-0.371254308,0.126505228,"HS25",7.45,488,27.31169623,64.95888978,275,534.6371776,61.7257902,-252
"25_13",1.129952284,-0.19322295,-0.019862048,0.000644926,"HS25",7.45,488,27.31169623,64.95888978,275,534.6371776,61.7257902,-252
"25_14",0.231850311,8.771965922,-0.23320245,-0.229292433,"HS25",7.45,488,27.31169623,64.95888978,275,534.6371776,61.7257902,-252
"25_16",-0.457330795,5.559794114,-0.505342992,-0.394774151,"HS25",7.45,488,27.31169623,64.95888978,275,534.6371776,61.7257902,-252
"26_01",0.617540525,-3.961348827,0.241822954,-0.031216844,"HS26",7.73,484,17.60505254,74.88998959,652.7,629.659032,82.9320798,233
"26_02",0.039924307,2.559793559,-0.505866266,0.084816575,"HS26",7.73,484,17.60505254,74.88998959,652.7,629.659032,82.9320798,233
"26_03",0.199363738,5.845756151,-0.097000407,-0.296332209,"HS26",7.73,484,17.60505254,74.88998959,652.7,629.659032,82.9320798,233
"26_04",-0.36999688,1.8867931,-0.129231771,-0.330680336,"HS26",7.73,484,17.60505254,74.88998959,652.7,629.659032,82.9320798,233
"26_07",0.048205543,9.142821045,-0.058046841,-0.602351393,"HS26",7.73,484,17.60505254,74.88998959,652.7,629.659032,82.9320798,233
"26_09",-0.391590353,-1.852506332,0.878522514,0.178327539,"HS26",7.73,484,17.60505254,74.88998959,652.7,629.659032,82.9320798,233
"26_12",-0.066351557,6.419876656,-0.219205567,-0.207003998,"HS26",7.73,484,17.60505254,74.88998959,652.7,629.659032,82.9320798,233
"26_13",-0.315810158,0.152877886,-0.099249703,-0.20000896,"HS26",7.73,484,17.60505254,74.88998959,652.7,629.659032,82.9320798,233
"26_14",1.323364861,-2.823545404,-0.263221237,0.234944925,"HS26",7.73,484,17.60505254,74.88998959,652.7,629.659032,82.9320798,233
"26_19",-1.900645353,5.290473586,-0.4103127,0.09662836,"HS26",7.73,484,17.60505254,74.88998959,652.7,629.659032,82.9320798,233
"27_01",-0.482483671,-10.11118061,0.121857892,0.22169432,"HS27",8.14,440,12.09338261,40.25786842,110.49,314.1902089,45.6574981,268
"27_02",-1.325789547,-11.5732161,0.428047787,0.363435741,"HS27",8.14,440,12.09338261,40.25786842,110.49,314.1902089,45.6574981,268
"27_03",-0.899179736,-12.25575221,0.269634805,0.405558131,"HS27",8.14,440,12.09338261,40.25786842,110.49,314.1902089,45.6574981,268
"27_07",-0.891902729,-11.45340008,0.120162514,0.439102222,"HS27",8.14,440,12.09338261,40.25786842,110.49,314.1902089,45.6574981,268
"27_09",-1.152077264,-15.84407323,0.573544971,0.636870114,"HS27",8.14,440,12.09338261,40.25786842,110.49,314.1902089,45.6574981,268
"27_10",-0.995560909,-12.96329717,0.434822604,0.40383001,"HS27",8.14,440,12.09338261,40.25786842,110.49,314.1902089,45.6574981,268
"27_14",-0.854644764,-13.01122998,0.586315228,0.36013131,"HS27",8.14,440,12.09338261,40.25786842,110.49,314.1902089,45.6574981,268
"27_15",-0.662600556,-15.39779985,0.946966425,0.722012485,"HS27",8.14,440,12.09338261,40.25786842,110.49,314.1902089,45.6574981,268
"27_16",-1.111119827,-13.94250655,0.635799736,0.247380841,"HS27",8.14,440,12.09338261,40.25786842,110.49,314.1902089,45.6574981,268
"27_18",-1.167888081,-11.41850335,0.302337578,0.194848039,"HS27",8.14,440,12.09338261,40.25786842,110.49,314.1902089,45.6574981,268
"28_02",1.208956324,-10.93943131,0.587535276,0.408544898,"HS28",8.01,370,6.264304659,32.64224188,236.17,569.0947402,52.57543957,81
"28_05",1.586256343,-8.147489541,0.34011274,0.383904067,"HS28",8.01,370,6.264304659,32.64224188,236.17,569.0947402,52.57543957,81
"28_08",0.651355572,-11.99094052,0.462921352,0.411440702,"HS28",8.01,370,6.264304659,32.64224188,236.17,569.0947402,52.57543957,81
"28_11",1.2082687,-9.17516848,0.312267554,0.627446993,"HS28",8.01,370,6.264304659,32.64224188,236.17,569.0947402,52.57543957,81
"28_12",0.983133084,-8.608409996,0.443994629,0.424278913,"HS28",8.01,370,6.264304659,32.64224188,236.17,569.0947402,52.57543957,81
"28_15",0.955800245,-7.205855893,-0.418574383,0.55602234,"HS28",8.01,370,6.264304659,32.64224188,236.17,569.0947402,52.57543957,81
"28_16",0.570993967,-8.068972322,0.573819286,0.292861148,"HS28",8.01,370,6.264304659,32.64224188,236.17,569.0947402,52.57543957,81
"28_17",1.223781472,-9.966863007,0.189409922,0.592231093,"HS28",8.01,370,6.264304659,32.64224188,236.17,569.0947402,52.57543957,81
"28_18",0.448306142,-8.561529373,0.176900067,0.402789659,"HS28",8.01,370,6.264304659,32.64224188,236.17,569.0947402,52.57543957,81
"28_19",0.370647683,-7.948379571,0.330091459,0.493974539,"HS28",8.01,370,6.264304659,32.64224188,236.17,569.0947402,52.57543957,81
"29_02",1.147491487,-2.069836551,0.341141988,-0.330558651,"HS29",7.97,363,25.28253139,62.81728537,575,399.8468545,51.31544453,920
"29_05",-1.009118991,-2.719165763,0.108737328,-0.054858734,"HS29",7.97,363,25.28253139,62.81728537,575,399.8468545,51.31544453,920
"29_08",-1.128461097,3.168392936,0.324624724,-0.30170827,"HS29",7.97,363,25.28253139,62.81728537,575,399.8468545,51.31544453,920
"29_10",-1.776429619,7.032477187,-0.018715145,-0.347494368,"HS29",7.97,363,25.28253139,62.81728537,575,399.8468545,51.31544453,920
"29_12",0.651355572,5.344623048,-0.18293706,-0.512025978,"HS29",7.97,363,25.28253139,62.81728537,575,399.8468545,51.31544453,920
"29_15",-0.384478871,5.628075851,-0.627141961,-0.083620048,"HS29",7.97,363,25.28253139,62.81728537,575,399.8468545,51.31544453,920
"29_16",-0.887899716,3.298801126,-0.151367204,-0.147547403,"HS29",7.97,363,25.28253139,62.81728537,575,399.8468545,51.31544453,920
"29_17",1.15789118,1.198321365,0.405031235,-0.070821064,"HS29",7.97,363,25.28253139,62.81728537,575,399.8468545,51.31544453,920
"29_18",-1.482489786,6.414983485,0.264665931,-0.428375284,"HS29",7.97,363,25.28253139,62.81728537,575,399.8468545,51.31544453,920
"29_19",-2.238795827,3.789759917,0.488030318,-0.477285433,"HS29",7.97,363,25.28253139,62.81728537,575,399.8468545,51.31544453,920
"30_01",-1.764420579,5.009997989,-0.41263587,0.152005106,"HS30",8.04,442,14.23388701,79.19329158,479.73,513.8471235,81.24230217,873
"30_02",1.314274403,0.277742116,-0.173946747,0.010679524,"HS30",8.04,442,14.23388701,79.19329158,479.73,513.8471235,81.24230217,873
"30_04",-0.029776097,5.963474046,0.02839674,-0.280653952,"HS30",8.04,442,14.23388701,79.19329158,479.73,513.8471235,81.24230217,873
"30_06",-0.240201903,2.106398704,-0.001780219,-0.05067059,"HS30",8.04,442,14.23388701,79.19329158,479.73,513.8471235,81.24230217,873
"30_09",-0.891154658,4.94876638,-0.803773814,-0.094141208,"HS30",8.04,442,14.23388701,79.19329158,479.73,513.8471235,81.24230217,873
"30_12",-0.815157381,-2.001652893,0.428249559,0.12858894,"HS30",8.04,442,14.23388701,79.19329158,479.73,513.8471235,81.24230217,873
"30_14",0.114059947,0.370607275,0.586691883,-0.131472046,"HS30",8.04,442,14.23388701,79.19329158,479.73,513.8471235,81.24230217,873
"30_15",-0.593913618,0.001045523,0.170919157,-0.05702903,"HS30",8.04,442,14.23388701,79.19329158,479.73,513.8471235,81.24230217,873
"30_17",0.235913561,2.227161148,0.172075825,-0.20839362,"HS30",8.04,442,14.23388701,79.19329158,479.73,513.8471235,81.24230217,873
"30_18",-1.088140847,2.616936572,-0.230179141,-0.223035025,"HS30",8.04,442,14.23388701,79.19329158,479.73,513.8471235,81.24230217,873
