chrom	rank_in_chrom	SNP	pos	neg_log10_p	p_value	beta	SE
1H	1	1H:330432546	330432546	6.13	7.42e-07	2.6934	0.53201
1H	2	1H:330239605	330239605	5.645	2.264e-06	2.7458	0.5689
1H	3	1H:330241897	330241897	4.904	1.249e-05	2.5514	0.57377
1H	4	1H:490124903	490124903	4.782	1.654e-05	1.377	0.31425
1H	5	1H:330428882	330428882	4.775	1.679e-05	2.3606	0.53916
1H	6	1H:444824476	444824476	4.773	1.686e-05	-2.2167	0.5064
1H	7	1H:483379118	483379118	4.729	1.866e-05	3.2491	0.74628
1H	8	1H:330625490	330625490	4.712	1.941e-05	2.1919	0.50453
1H	9	1H:451751994	451751994	4.683	2.074e-05	2.4203	0.5591
1H	10	1H:490124891	490124891	4.629	2.35e-05	1.3021	0.30283
1H	11	1H:329707484	329707484	4.621	2.392e-05	2.5818	0.60107
1H	12	1H:444993572	444993572	4.615	2.429e-05	-2.1087	0.49133
1H	13	1H:462101671	462101671	4.509	3.096e-05	2.7231	0.64313
1H	14	1H:499098798	499098798	4.483	3.291e-05	1.9559	0.46354
1H	15	1H:483019559	483019559	4.478	3.328e-05	1.1505	0.27284
2H	1	2H:549383850	549383850	5.376	4.209e-06	3.2243	0.68726
2H	2	2H:659013790	659013790	5.246	5.674e-06	1.3432	0.29041
2H	3	2H:19259114	19259114	5.216	6.085e-06	2.7006	0.58586
2H	4	2H:30042811	30042811	5.183	6.559e-06	1.7222	0.37497
2H	5	2H:57297650	57297650	4.989	1.026e-05	-1.3075	0.29108
2H	6	2H:30042786	30042786	4.95	1.122e-05	1.7651	0.39477
2H	7	2H:545685418	545685418	4.906	1.241e-05	2.0296	0.45626
2H	8	2H:390704697	390704697	4.872	1.341e-05	1.292	0.29163
2H	9	2H:54039445	54039445	4.84	1.447e-05	-1.1754	0.26636
2H	10	2H:545583133	545583133	4.83	1.479e-05	1.8721	0.42472
2H	11	2H:545583199	545583199	4.822	1.507e-05	1.9362	0.4397
2H	12	2H:57275433	57275433	4.743	1.809e-05	-1.4118	0.32373
2H	13	2H:51249958	51249958	4.683	2.073e-05	2.177	0.50288
2H	14	2H:57107209	57107209	4.648	2.251e-05	-1.2619	0.29279
2H	15	2H:545580054	545580054	4.642	2.28e-05	1.8518	0.42997
3H	1	3H:546433616	546433616	6.344	4.528e-07	2.3206	0.44935
3H	2	3H:530660057	530660057	6.21	6.16e-07	1.3065	0.25612
3H	3	3H:545867708	545867708	5.75	1.777e-06	2.6492	0.54303
3H	4	3H:545860387	545860387	5.387	4.102e-06	1.9301	0.41091
3H	5	3H:585232091	585232091	5.352	4.444e-06	2.0952	0.44774
3H	6	3H:545893700	545893700	5.232	5.862e-06	1.5601	0.33783
3H	7	3H:530659912	530659912	5.201	6.298e-06	1.1648	0.25312
3H	8	3H:545279578	545279578	5.191	6.437e-06	1.6763	0.36463
3H	9	3H:74312468	74312468	5.158	6.956e-06	1.1717	0.25585
3H	10	3H:546367718	546367718	5.067	8.568e-06	2.3557	0.5197
3H	11	3H:545723378	545723378	4.965	1.083e-05	1.6984	0.37916
3H	12	3H:545893359	545893359	4.962	1.092e-05	1.8955	0.42333
3H	13	3H:578830632	578830632	4.942	1.144e-05	1.7276	0.38674
3H	14	3H:561907363	561907363	4.913	1.222e-05	2.6399	0.59301
3H	15	3H:546353149	546353149	4.843	1.436e-05	2.545	0.57649
4H	1	4H:581036965	581036965	5.718	1.914e-06	2.6965	0.55453
4H	2	4H:581023620	581023620	5.52	3.023e-06	2.7619	0.57974
4H	3	4H:572579668	572579668	5.25	5.628e-06	2.8645	0.61908
4H	4	4H:581023572	581023572	5.153	7.032e-06	2.7093	0.59191
4H	5	4H:53040487	53040487	5.121	7.569e-06	2.833	0.62117
4H	6	4H:559606659	559606659	4.969	1.074e-05	-1.5452	0.3448
4H	7	4H:563746791	563746791	4.952	1.117e-05	-1.2	0.26832
4H	8	4H:581036930	581036930	4.929	1.178e-05	2.2969	0.51498
4H	9	4H:581023858	581023858	4.794	1.609e-05	1.7871	0.40725
4H	10	4H:576261035	576261035	4.765	1.718e-05	1.2895	0.29489
4H	11	4H:295039217	295039217	4.733	1.848e-05	-1.5421	0.35401
4H	12	4H:581000706	581000706	4.73	1.864e-05	2.5421	0.58387
4H	13	4H:572066402	572066402	4.645	2.264e-05	1.1917	0.2766
4H	14	4H:465575067	465575067	4.561	2.746e-05	1.2196	0.2861
4H	15	4H:392144761	392144761	4.549	2.822e-05	-1.4583	0.34263
5H	1	5H:322446742	322446742	5.407	3.918e-06	2.8022	0.5953
5H	2	5H:462564771	462564771	5.285	5.189e-06	2.9858	0.64279
5H	3	5H:84358759	84358759	5.105	7.844e-06	-1.305	0.28664
5H	4	5H:88205180	88205180	4.992	1.019e-05	-1.1977	0.26655
5H	5	5H:3197914	3197914	4.986	1.032e-05	1.9195	0.42748
5H	6	5H:323061082	323061082	4.731	1.86e-05	2.8279	0.64941
5H	7	5H:406964581	406964581	4.646	2.261e-05	1.5641	0.36302
5H	8	5H:505141322	505141322	4.606	2.476e-05	1.9496	0.45474
5H	9	5H:224439424	224439424	4.5	3.159e-05	2.1366	0.50519
5H	10	5H:437092236	437092236	4.499	3.17e-05	2.3738	0.56139
5H	11	5H:423374018	423374018	4.496	3.193e-05	1.2402	0.29342
5H	12	5H:415135592	415135592	4.483	3.291e-05	-1.7377	0.41184
5H	13	5H:318290839	318290839	4.474	3.356e-05	-1.1964	0.28387
5H	14	5H:88086931	88086931	4.472	3.37e-05	-1.1396	0.27045
5H	15	5H:321798083	321798083	4.438	3.645e-05	2.4285	0.57891
6H	1	6H:525776080	525776080	6.118	7.629e-07	1.4439	0.28554
6H	2	6H:461498472	461498472	5.642	2.28e-06	1.5058	0.31208
6H	3	6H:452082332	452082332	5.456	3.498e-06	1.571	0.332
6H	4	6H:490983941	490983941	5.338	4.589e-06	-1.1702	0.25046
6H	5	6H:525643290	525643290	5.266	5.418e-06	1.3244	0.28569
6H	6	6H:411227051	411227051	5.263	5.457e-06	2.1871	0.47196
6H	7	6H:463923186	463923186	5.216	6.082e-06	2.7193	0.58989
6H	8	6H:494779922	494779922	5.114	7.7e-06	1.5475	0.33959
6H	9	6H:465845004	465845004	5.111	7.744e-06	-1.2201	0.26782
6H	10	6H:447738253	447738253	5.06	8.702e-06	2.2805	0.50352
6H	11	6H:308548850	308548850	5.041	9.097e-06	-1.2917	0.28583
6H	12	6H:525642328	525642328	4.927	1.183e-05	1.2819	0.28748
6H	13	6H:463413668	463413668	4.897	1.269e-05	2.6198	0.58961
6H	14	6H:490984369	490984369	4.87	1.35e-05	-1.1616	0.26227
6H	15	6H:321029628	321029628	4.861	1.377e-05	-1.46	0.33
7H	1	7H:573606460	573606460	6.437	3.658e-07	2.1447	0.41183
7H	2	7H:573606491	573606491	6.261	5.487e-07	2.1815	0.42566
7H	3	7H:151110354	151110354	5.93	1.174e-06	2.8781	0.57949
7H	4	7H:9172096	9172096	5.744	1.802e-06	1.4405	0.29544
7H	5	7H:573606306	573606306	5.338	4.596e-06	1.7799	0.38096
7H	6	7H:496401975	496401975	5.306	4.942e-06	1.2218	0.26242
7H	7	7H:501475561	501475561	5.205	6.231e-06	1.7358	0.37698
7H	8	7H:557324902	557324902	5.194	6.397e-06	-1.2642	0.27491
7H	9	7H:130286948	130286948	5.028	9.379e-06	3.0448	0.67478
7H	10	7H:240505029	240505029	4.937	1.155e-05	1.3224	0.29619
7H	11	7H:415904320	415904320	4.859	1.382e-05	1.7122	0.38706
7H	12	7H:410754396	410754396	4.849	1.414e-05	-1.2769	0.28902
7H	13	7H:109725708	109725708	4.832	1.472e-05	-2.27	0.51486
7H	14	7H:234293407	234293407	4.815	1.533e-05	1.343	0.30526
7H	15	7H:397737972	397737972	4.805	1.568e-05	2.9727	0.6765
